solid JSCAD
facet normal 1 0 0
outer loop
vertex 29.999786666666687 -21.99978666666668 8.000000000000005
vertex 29.999786666666687 -21.99978666666668 0
vertex 29.999786666666687 21.99978666666668 0
endloop
endfacet
facet normal 1 0 0
outer loop
vertex 29.999786666666687 -21.99978666666668 8.000000000000005
vertex 29.999786666666687 21.99978666666668 0
vertex 29.999786666666687 21.99978666666668 8.000000000000005
endloop
endfacet
facet normal 0.9978708884038351 0.06522031950351824 0
outer loop
vertex 29.999786666666687 21.99978666666668 8.000000000000005
vertex 29.999786666666687 21.99978666666668 0
vertex 29.93152000000002 23.04426666666668 0
endloop
endfacet
facet normal 0.9978708884038351 0.06522031950351824 0
outer loop
vertex 29.999786666666687 21.99978666666668 8.000000000000005
vertex 29.93152000000002 23.04426666666668 0
vertex 29.93152000000002 23.04426666666668 8.000000000000005
endloop
endfacet
facet normal 0.980815252737311 0.19493958037772763 0
outer loop
vertex 29.93152000000002 23.04426666666668 8.000000000000005
vertex 29.93152000000002 23.04426666666668 0
vertex 29.727573333333353 24.070400000000014 0
endloop
endfacet
facet normal 0.980815252737311 0.19493958037772763 0
outer loop
vertex 29.93152000000002 23.04426666666668 8.000000000000005
vertex 29.727573333333353 24.070400000000014 0
vertex 29.727573333333353 24.070400000000014 8.000000000000005
endloop
endfacet
facet normal 0.946874563004736 0.32160311244543305 0
outer loop
vertex 29.727573333333353 24.070400000000014 8.000000000000005
vertex 29.727573333333353 24.070400000000014 0
vertex 29.39093333333335 25.061546666666683 0
endloop
endfacet
facet normal 0.946874563004736 0.32160311244543305 0
outer loop
vertex 29.727573333333353 24.070400000000014 8.000000000000005
vertex 29.39093333333335 25.061546666666683 0
vertex 29.39093333333335 25.061546666666683 8.000000000000005
endloop
endfacet
facet normal 0.8967799940757665 0.44247671376634995 0
outer loop
vertex 29.39093333333335 25.061546666666683 8.000000000000005
vertex 29.39093333333335 25.061546666666683 0
vertex 28.92800000000002 25.999786666666683 0
endloop
endfacet
facet normal 0.8967799940757665 0.44247671376634995 0
outer loop
vertex 29.39093333333335 25.061546666666683 8.000000000000005
vertex 28.92800000000002 25.999786666666683 0
vertex 28.92800000000002 25.999786666666683 8.000000000000005
endloop
endfacet
facet normal 0.8316803072075679 0.5552547715749978 0.00007243150266996331
outer loop
vertex 28.636586666666684 26.43669333333335 4.800000000000003
vertex 28.632320000000018 26.442666666666682 8.000000000000005
vertex 28.92800000000002 25.999786666666683 8.000000000000005
endloop
endfacet
facet normal 0.8319252844406531 0.5548876653056349 0
outer loop
vertex 28.636586666666684 26.43669333333335 4.800000000000003
vertex 28.92800000000002 25.999786666666683 8.000000000000005
vertex 28.92800000000002 25.999786666666683 0
endloop
endfacet
facet normal 0.8316737788580952 0.5552645523552596 -0.00004957428015135167
outer loop
vertex 28.636586666666684 26.43669333333335 4.800000000000003
vertex 28.92800000000002 25.999786666666683 0
vertex 28.346880000000017 26.870186666666683 0
endloop
endfacet
facet normal 0.8314202762367816 0.5556440625637545 0
outer loop
vertex 28.636586666666684 26.43669333333335 4.800000000000003
vertex 28.346880000000017 26.870186666666683 0
vertex 28.346880000000017 26.870186666666683 8.000000000000005
endloop
endfacet
facet normal 0.8316670135863282 0.5552746827238068 0.00007237661036386695
outer loop
vertex 28.636586666666684 26.43669333333335 4.800000000000003
vertex 28.346880000000017 26.870186666666683 8.000000000000005
vertex 28.632320000000018 26.442666666666682 8.000000000000005
endloop
endfacet
facet normal 0.75186903355014 0.6593124876630037 0
outer loop
vertex 28.346880000000017 26.870186666666683 8.000000000000005
vertex 28.346880000000017 26.870186666666683 0
vertex 27.656960000000016 27.656960000000016 0
endloop
endfacet
facet normal 0.75186903355014 0.6593124876630037 0
outer loop
vertex 28.346880000000017 26.870186666666683 8.000000000000005
vertex 27.656960000000016 27.656960000000016 0
vertex 27.656960000000016 27.656960000000016 8.000000000000005
endloop
endfacet
facet normal 0.6593124876630037 0.75186903355014 0
outer loop
vertex 27.656960000000016 27.656960000000016 8.000000000000005
vertex 27.656960000000016 27.656960000000016 0
vertex 26.870186666666683 28.346880000000017 0
endloop
endfacet
facet normal 0.6593124876630037 0.75186903355014 0
outer loop
vertex 27.656960000000016 27.656960000000016 8.000000000000005
vertex 26.870186666666683 28.346880000000017 0
vertex 26.870186666666683 28.346880000000017 8.000000000000005
endloop
endfacet
facet normal 0.5552645530375713 0.8316737798800599 0
outer loop
vertex 26.870186666666683 28.346880000000017 8.000000000000005
vertex 26.870186666666683 28.346880000000017 0
vertex 25.999786666666683 28.92800000000002 0
endloop
endfacet
facet normal 0.5552645530375713 0.8316737798800599 0
outer loop
vertex 26.870186666666683 28.346880000000017 8.000000000000005
vertex 25.999786666666683 28.92800000000002 0
vertex 25.999786666666683 28.92800000000002 8.000000000000005
endloop
endfacet
facet normal 0.44247671376634995 0.8967799940757665 0
outer loop
vertex 25.999786666666683 28.92800000000002 8.000000000000005
vertex 25.999786666666683 28.92800000000002 0
vertex 25.061546666666683 29.39093333333335 0
endloop
endfacet
facet normal 0.44247671376634995 0.8967799940757665 0
outer loop
vertex 25.999786666666683 28.92800000000002 8.000000000000005
vertex 25.061546666666683 29.39093333333335 0
vertex 25.061546666666683 29.39093333333335 8.000000000000005
endloop
endfacet
facet normal 0.32160311244543305 0.946874563004736 0
outer loop
vertex 25.061546666666683 29.39093333333335 8.000000000000005
vertex 25.061546666666683 29.39093333333335 0
vertex 24.070400000000014 29.727573333333353 0
endloop
endfacet
facet normal 0.32160311244543305 0.946874563004736 0
outer loop
vertex 25.061546666666683 29.39093333333335 8.000000000000005
vertex 24.070400000000014 29.727573333333353 0
vertex 24.070400000000014 29.727573333333353 8.000000000000005
endloop
endfacet
facet normal 0.19493958037772763 0.980815252737311 0
outer loop
vertex 24.070400000000014 29.727573333333353 8.000000000000005
vertex 24.070400000000014 29.727573333333353 0
vertex 23.04426666666668 29.93152000000002 0
endloop
endfacet
facet normal 0.19493958037772763 0.980815252737311 0
outer loop
vertex 24.070400000000014 29.727573333333353 8.000000000000005
vertex 23.04426666666668 29.93152000000002 0
vertex 23.04426666666668 29.93152000000002 8.000000000000005
endloop
endfacet
facet normal 0.06522031950351824 0.9978708884038351 0
outer loop
vertex 23.04426666666668 29.93152000000002 8.000000000000005
vertex 23.04426666666668 29.93152000000002 0
vertex 21.99978666666668 29.999786666666687 0
endloop
endfacet
facet normal 0.06522031950351824 0.9978708884038351 0
outer loop
vertex 23.04426666666668 29.93152000000002 8.000000000000005
vertex 21.99978666666668 29.999786666666687 0
vertex 21.99978666666668 29.999786666666687 8.000000000000005
endloop
endfacet
facet normal 0 1 0
outer loop
vertex 21.99978666666668 29.999786666666687 8.000000000000005
vertex 21.99978666666668 29.999786666666687 0
vertex -21.99978666666668 29.999786666666687 0
endloop
endfacet
facet normal 0 1 0
outer loop
vertex 21.99978666666668 29.999786666666687 8.000000000000005
vertex -21.99978666666668 29.999786666666687 0
vertex -21.99978666666668 29.999786666666687 8.000000000000005
endloop
endfacet
facet normal -0.06522031950351824 0.9978708884038351 0
outer loop
vertex -21.99978666666668 29.999786666666687 8.000000000000005
vertex -21.99978666666668 29.999786666666687 0
vertex -23.04426666666668 29.93152000000002 0
endloop
endfacet
facet normal -0.06522031950351824 0.9978708884038351 0
outer loop
vertex -21.99978666666668 29.999786666666687 8.000000000000005
vertex -23.04426666666668 29.93152000000002 0
vertex -23.04426666666668 29.93152000000002 8.000000000000005
endloop
endfacet
facet normal -0.19493958037772763 0.980815252737311 0
outer loop
vertex -23.04426666666668 29.93152000000002 8.000000000000005
vertex -23.04426666666668 29.93152000000002 0
vertex -24.070400000000014 29.727573333333353 0
endloop
endfacet
facet normal -0.19493958037772763 0.980815252737311 0
outer loop
vertex -23.04426666666668 29.93152000000002 8.000000000000005
vertex -24.070400000000014 29.727573333333353 0
vertex -24.070400000000014 29.727573333333353 8.000000000000005
endloop
endfacet
facet normal -0.32160311244543305 0.946874563004736 0
outer loop
vertex -24.070400000000014 29.727573333333353 8.000000000000005
vertex -24.070400000000014 29.727573333333353 0
vertex -25.061546666666683 29.39093333333335 0
endloop
endfacet
facet normal -0.32160311244543305 0.946874563004736 0
outer loop
vertex -24.070400000000014 29.727573333333353 8.000000000000005
vertex -25.061546666666683 29.39093333333335 0
vertex -25.061546666666683 29.39093333333335 8.000000000000005
endloop
endfacet
facet normal -0.44247671376634995 0.8967799940757665 0
outer loop
vertex -25.061546666666683 29.39093333333335 8.000000000000005
vertex -25.061546666666683 29.39093333333335 0
vertex -25.999786666666683 28.92800000000002 0
endloop
endfacet
facet normal -0.44247671376634995 0.8967799940757665 0
outer loop
vertex -25.061546666666683 29.39093333333335 8.000000000000005
vertex -25.999786666666683 28.92800000000002 0
vertex -25.999786666666683 28.92800000000002 8.000000000000005
endloop
endfacet
facet normal -0.5552645530375713 0.8316737798800599 0
outer loop
vertex -25.999786666666683 28.92800000000002 8.000000000000005
vertex -25.999786666666683 28.92800000000002 0
vertex -26.870186666666683 28.346880000000017 0
endloop
endfacet
facet normal -0.5552645530375713 0.8316737798800599 0
outer loop
vertex -25.999786666666683 28.92800000000002 8.000000000000005
vertex -26.870186666666683 28.346880000000017 0
vertex -26.870186666666683 28.346880000000017 8.000000000000005
endloop
endfacet
facet normal -0.6593124876630037 0.75186903355014 0
outer loop
vertex -26.870186666666683 28.346880000000017 8.000000000000005
vertex -26.870186666666683 28.346880000000017 0
vertex -27.656960000000016 27.656960000000016 0
endloop
endfacet
facet normal -0.6593124876630037 0.75186903355014 0
outer loop
vertex -26.870186666666683 28.346880000000017 8.000000000000005
vertex -27.656960000000016 27.656960000000016 0
vertex -27.656960000000016 27.656960000000016 8.000000000000005
endloop
endfacet
facet normal -0.75186903355014 0.6593124876630037 0
outer loop
vertex -27.656960000000016 27.656960000000016 8.000000000000005
vertex -27.656960000000016 27.656960000000016 0
vertex -28.346880000000017 26.870186666666683 0
endloop
endfacet
facet normal -0.75186903355014 0.6593124876630037 0
outer loop
vertex -27.656960000000016 27.656960000000016 8.000000000000005
vertex -28.346880000000017 26.870186666666683 0
vertex -28.346880000000017 26.870186666666683 8.000000000000005
endloop
endfacet
facet normal -0.8316670135863282 0.5552746827238068 0.00007237661036386695
outer loop
vertex -28.636586666666684 26.43669333333335 4.800000000000003
vertex -28.632320000000018 26.442666666666682 8.000000000000005
vertex -28.346880000000017 26.870186666666683 8.000000000000005
endloop
endfacet
facet normal -0.8314202762367816 0.5556440625637545 0
outer loop
vertex -28.636586666666684 26.43669333333335 4.800000000000003
vertex -28.346880000000017 26.870186666666683 8.000000000000005
vertex -28.346880000000017 26.870186666666683 0
endloop
endfacet
facet normal -0.8316737788580952 0.5552645523552596 -0.00004957428015135167
outer loop
vertex -28.636586666666684 26.43669333333335 4.800000000000003
vertex -28.346880000000017 26.870186666666683 0
vertex -28.92800000000002 25.999786666666683 0
endloop
endfacet
facet normal -0.8319252844406531 0.5548876653056349 0
outer loop
vertex -28.636586666666684 26.43669333333335 4.800000000000003
vertex -28.92800000000002 25.999786666666683 0
vertex -28.92800000000002 25.999786666666683 8.000000000000005
endloop
endfacet
facet normal -0.8316803072075679 0.5552547715749978 0.00007243150266996331
outer loop
vertex -28.636586666666684 26.43669333333335 4.800000000000003
vertex -28.92800000000002 25.999786666666683 8.000000000000005
vertex -28.632320000000018 26.442666666666682 8.000000000000005
endloop
endfacet
facet normal -0.8967799940757665 0.44247671376634995 0
outer loop
vertex -28.92800000000002 25.999786666666683 8.000000000000005
vertex -28.92800000000002 25.999786666666683 0
vertex -29.39093333333335 25.061546666666683 0
endloop
endfacet
facet normal -0.8967799940757665 0.44247671376634995 0
outer loop
vertex -28.92800000000002 25.999786666666683 8.000000000000005
vertex -29.39093333333335 25.061546666666683 0
vertex -29.39093333333335 25.061546666666683 8.000000000000005
endloop
endfacet
facet normal -0.946874563004736 0.32160311244543305 0
outer loop
vertex -29.39093333333335 25.061546666666683 8.000000000000005
vertex -29.39093333333335 25.061546666666683 0
vertex -29.727573333333353 24.070400000000014 0
endloop
endfacet
facet normal -0.946874563004736 0.32160311244543305 0
outer loop
vertex -29.39093333333335 25.061546666666683 8.000000000000005
vertex -29.727573333333353 24.070400000000014 0
vertex -29.727573333333353 24.070400000000014 8.000000000000005
endloop
endfacet
facet normal -0.980815252737311 0.19493958037772763 0
outer loop
vertex -29.727573333333353 24.070400000000014 8.000000000000005
vertex -29.727573333333353 24.070400000000014 0
vertex -29.93152000000002 23.04426666666668 0
endloop
endfacet
facet normal -0.980815252737311 0.19493958037772763 0
outer loop
vertex -29.727573333333353 24.070400000000014 8.000000000000005
vertex -29.93152000000002 23.04426666666668 0
vertex -29.93152000000002 23.04426666666668 8.000000000000005
endloop
endfacet
facet normal -0.9978708884038351 0.06522031950351824 0
outer loop
vertex -29.93152000000002 23.04426666666668 8.000000000000005
vertex -29.93152000000002 23.04426666666668 0
vertex -29.999786666666687 21.99978666666668 0
endloop
endfacet
facet normal -0.9978708884038351 0.06522031950351824 0
outer loop
vertex -29.93152000000002 23.04426666666668 8.000000000000005
vertex -29.999786666666687 21.99978666666668 0
vertex -29.999786666666687 21.99978666666668 8.000000000000005
endloop
endfacet
facet normal -1 0 0
outer loop
vertex -29.999786666666687 21.99978666666668 8.000000000000005
vertex -29.999786666666687 21.99978666666668 0
vertex -29.999786666666687 -21.99978666666668 0
endloop
endfacet
facet normal -1 0 0
outer loop
vertex -29.999786666666687 21.99978666666668 8.000000000000005
vertex -29.999786666666687 -21.99978666666668 0
vertex -29.999786666666687 -21.99978666666668 8.000000000000005
endloop
endfacet
facet normal -0.9978708884038351 -0.06522031950351824 0
outer loop
vertex -29.999786666666687 -21.99978666666668 8.000000000000005
vertex -29.999786666666687 -21.99978666666668 0
vertex -29.93152000000002 -23.04426666666668 0
endloop
endfacet
facet normal -0.9978708884038351 -0.06522031950351824 0
outer loop
vertex -29.999786666666687 -21.99978666666668 8.000000000000005
vertex -29.93152000000002 -23.04426666666668 0
vertex -29.93152000000002 -23.04426666666668 8.000000000000005
endloop
endfacet
facet normal -0.980815252737311 -0.19493958037772763 0
outer loop
vertex -29.93152000000002 -23.04426666666668 8.000000000000005
vertex -29.93152000000002 -23.04426666666668 0
vertex -29.727573333333353 -24.070400000000014 0
endloop
endfacet
facet normal -0.980815252737311 -0.19493958037772763 0
outer loop
vertex -29.93152000000002 -23.04426666666668 8.000000000000005
vertex -29.727573333333353 -24.070400000000014 0
vertex -29.727573333333353 -24.070400000000014 8.000000000000005
endloop
endfacet
facet normal -0.946874563004736 -0.32160311244543305 0
outer loop
vertex -29.727573333333353 -24.070400000000014 8.000000000000005
vertex -29.727573333333353 -24.070400000000014 0
vertex -29.39093333333335 -25.061546666666683 0
endloop
endfacet
facet normal -0.946874563004736 -0.32160311244543305 0
outer loop
vertex -29.727573333333353 -24.070400000000014 8.000000000000005
vertex -29.39093333333335 -25.061546666666683 0
vertex -29.39093333333335 -25.061546666666683 8.000000000000005
endloop
endfacet
facet normal -0.8967799940757665 -0.44247671376634995 0
outer loop
vertex -29.39093333333335 -25.061546666666683 8.000000000000005
vertex -29.39093333333335 -25.061546666666683 0
vertex -28.92800000000002 -25.999786666666683 0
endloop
endfacet
facet normal -0.8967799940757665 -0.44247671376634995 0
outer loop
vertex -29.39093333333335 -25.061546666666683 8.000000000000005
vertex -28.92800000000002 -25.999786666666683 0
vertex -28.92800000000002 -25.999786666666683 8.000000000000005
endloop
endfacet
facet normal -0.8316803072075679 -0.5552547715749978 0.00007243150266996331
outer loop
vertex -28.636586666666684 -26.43669333333335 4.800000000000003
vertex -28.632320000000018 -26.442666666666682 8.000000000000005
vertex -28.92800000000002 -25.999786666666683 8.000000000000005
endloop
endfacet
facet normal -0.8319252844406531 -0.5548876653056349 0
outer loop
vertex -28.636586666666684 -26.43669333333335 4.800000000000003
vertex -28.92800000000002 -25.999786666666683 8.000000000000005
vertex -28.92800000000002 -25.999786666666683 0
endloop
endfacet
facet normal -0.8316737788580952 -0.5552645523552596 -0.00004957428015135167
outer loop
vertex -28.636586666666684 -26.43669333333335 4.800000000000003
vertex -28.92800000000002 -25.999786666666683 0
vertex -28.346880000000017 -26.870186666666683 0
endloop
endfacet
facet normal -0.8314202762367816 -0.5556440625637545 0
outer loop
vertex -28.636586666666684 -26.43669333333335 4.800000000000003
vertex -28.346880000000017 -26.870186666666683 0
vertex -28.346880000000017 -26.870186666666683 8.000000000000005
endloop
endfacet
facet normal -0.8316670135863282 -0.5552746827238068 0.00007237661036386695
outer loop
vertex -28.636586666666684 -26.43669333333335 4.800000000000003
vertex -28.346880000000017 -26.870186666666683 8.000000000000005
vertex -28.632320000000018 -26.442666666666682 8.000000000000005
endloop
endfacet
facet normal -0.75186903355014 -0.6593124876630037 0
outer loop
vertex -28.346880000000017 -26.870186666666683 8.000000000000005
vertex -28.346880000000017 -26.870186666666683 0
vertex -27.656960000000016 -27.656960000000016 0
endloop
endfacet
facet normal -0.75186903355014 -0.6593124876630037 0
outer loop
vertex -28.346880000000017 -26.870186666666683 8.000000000000005
vertex -27.656960000000016 -27.656960000000016 0
vertex -27.656960000000016 -27.656960000000016 8.000000000000005
endloop
endfacet
facet normal -0.6593124876630037 -0.75186903355014 0
outer loop
vertex -27.656960000000016 -27.656960000000016 8.000000000000005
vertex -27.656960000000016 -27.656960000000016 0
vertex -26.870186666666683 -28.346880000000017 0
endloop
endfacet
facet normal -0.6593124876630037 -0.75186903355014 0
outer loop
vertex -27.656960000000016 -27.656960000000016 8.000000000000005
vertex -26.870186666666683 -28.346880000000017 0
vertex -26.870186666666683 -28.346880000000017 8.000000000000005
endloop
endfacet
facet normal -0.5552645530375713 -0.8316737798800599 0
outer loop
vertex -26.870186666666683 -28.346880000000017 8.000000000000005
vertex -26.870186666666683 -28.346880000000017 0
vertex -25.999786666666683 -28.92800000000002 0
endloop
endfacet
facet normal -0.5552645530375713 -0.8316737798800599 0
outer loop
vertex -26.870186666666683 -28.346880000000017 8.000000000000005
vertex -25.999786666666683 -28.92800000000002 0
vertex -25.999786666666683 -28.92800000000002 8.000000000000005
endloop
endfacet
facet normal -0.44247671376634995 -0.8967799940757665 0
outer loop
vertex -25.999786666666683 -28.92800000000002 8.000000000000005
vertex -25.999786666666683 -28.92800000000002 0
vertex -25.061546666666683 -29.39093333333335 0
endloop
endfacet
facet normal -0.44247671376634995 -0.8967799940757665 0
outer loop
vertex -25.999786666666683 -28.92800000000002 8.000000000000005
vertex -25.061546666666683 -29.39093333333335 0
vertex -25.061546666666683 -29.39093333333335 8.000000000000005
endloop
endfacet
facet normal -0.32160311244543305 -0.946874563004736 0
outer loop
vertex -25.061546666666683 -29.39093333333335 8.000000000000005
vertex -25.061546666666683 -29.39093333333335 0
vertex -24.070400000000014 -29.727573333333353 0
endloop
endfacet
facet normal -0.32160311244543305 -0.946874563004736 0
outer loop
vertex -25.061546666666683 -29.39093333333335 8.000000000000005
vertex -24.070400000000014 -29.727573333333353 0
vertex -24.070400000000014 -29.727573333333353 8.000000000000005
endloop
endfacet
facet normal -0.19493958037772763 -0.980815252737311 0
outer loop
vertex -24.070400000000014 -29.727573333333353 8.000000000000005
vertex -24.070400000000014 -29.727573333333353 0
vertex -23.04426666666668 -29.93152000000002 0
endloop
endfacet
facet normal -0.19493958037772763 -0.980815252737311 0
outer loop
vertex -24.070400000000014 -29.727573333333353 8.000000000000005
vertex -23.04426666666668 -29.93152000000002 0
vertex -23.04426666666668 -29.93152000000002 8.000000000000005
endloop
endfacet
facet normal -0.06522031950351824 -0.9978708884038351 0
outer loop
vertex -23.04426666666668 -29.93152000000002 8.000000000000005
vertex -23.04426666666668 -29.93152000000002 0
vertex -21.99978666666668 -29.999786666666687 0
endloop
endfacet
facet normal -0.06522031950351824 -0.9978708884038351 0
outer loop
vertex -23.04426666666668 -29.93152000000002 8.000000000000005
vertex -21.99978666666668 -29.999786666666687 0
vertex -21.99978666666668 -29.999786666666687 8.000000000000005
endloop
endfacet
facet normal 0 -1 0
outer loop
vertex -21.99978666666668 -29.999786666666687 8.000000000000005
vertex -21.99978666666668 -29.999786666666687 0
vertex 21.99978666666668 -29.999786666666687 0
endloop
endfacet
facet normal 0 -1 0
outer loop
vertex -21.99978666666668 -29.999786666666687 8.000000000000005
vertex 21.99978666666668 -29.999786666666687 0
vertex 21.99978666666668 -29.999786666666687 8.000000000000005
endloop
endfacet
facet normal 0.06522031950351824 -0.9978708884038351 0
outer loop
vertex 21.99978666666668 -29.999786666666687 8.000000000000005
vertex 21.99978666666668 -29.999786666666687 0
vertex 23.04426666666668 -29.93152000000002 0
endloop
endfacet
facet normal 0.06522031950351824 -0.9978708884038351 0
outer loop
vertex 21.99978666666668 -29.999786666666687 8.000000000000005
vertex 23.04426666666668 -29.93152000000002 0
vertex 23.04426666666668 -29.93152000000002 8.000000000000005
endloop
endfacet
facet normal 0.19493958037772763 -0.980815252737311 0
outer loop
vertex 23.04426666666668 -29.93152000000002 8.000000000000005
vertex 23.04426666666668 -29.93152000000002 0
vertex 24.070400000000014 -29.727573333333353 0
endloop
endfacet
facet normal 0.19493958037772763 -0.980815252737311 0
outer loop
vertex 23.04426666666668 -29.93152000000002 8.000000000000005
vertex 24.070400000000014 -29.727573333333353 0
vertex 24.070400000000014 -29.727573333333353 8.000000000000005
endloop
endfacet
facet normal 0.32160311244543305 -0.946874563004736 0
outer loop
vertex 24.070400000000014 -29.727573333333353 8.000000000000005
vertex 24.070400000000014 -29.727573333333353 0
vertex 25.061546666666683 -29.39093333333335 0
endloop
endfacet
facet normal 0.32160311244543305 -0.946874563004736 0
outer loop
vertex 24.070400000000014 -29.727573333333353 8.000000000000005
vertex 25.061546666666683 -29.39093333333335 0
vertex 25.061546666666683 -29.39093333333335 8.000000000000005
endloop
endfacet
facet normal 0.44247671376634995 -0.8967799940757665 0
outer loop
vertex 25.061546666666683 -29.39093333333335 8.000000000000005
vertex 25.061546666666683 -29.39093333333335 0
vertex 25.999786666666683 -28.92800000000002 0
endloop
endfacet
facet normal 0.44247671376634995 -0.8967799940757665 0
outer loop
vertex 25.061546666666683 -29.39093333333335 8.000000000000005
vertex 25.999786666666683 -28.92800000000002 0
vertex 25.999786666666683 -28.92800000000002 8.000000000000005
endloop
endfacet
facet normal 0.5552645530375713 -0.8316737798800599 0
outer loop
vertex 25.999786666666683 -28.92800000000002 8.000000000000005
vertex 25.999786666666683 -28.92800000000002 0
vertex 26.870186666666683 -28.346880000000017 0
endloop
endfacet
facet normal 0.5552645530375713 -0.8316737798800599 0
outer loop
vertex 25.999786666666683 -28.92800000000002 8.000000000000005
vertex 26.870186666666683 -28.346880000000017 0
vertex 26.870186666666683 -28.346880000000017 8.000000000000005
endloop
endfacet
facet normal 0.6593124876630037 -0.75186903355014 0
outer loop
vertex 26.870186666666683 -28.346880000000017 8.000000000000005
vertex 26.870186666666683 -28.346880000000017 0
vertex 27.656960000000016 -27.656960000000016 0
endloop
endfacet
facet normal 0.6593124876630037 -0.75186903355014 0
outer loop
vertex 26.870186666666683 -28.346880000000017 8.000000000000005
vertex 27.656960000000016 -27.656960000000016 0
vertex 27.656960000000016 -27.656960000000016 8.000000000000005
endloop
endfacet
facet normal 0.75186903355014 -0.6593124876630037 0
outer loop
vertex 27.656960000000016 -27.656960000000016 8.000000000000005
vertex 27.656960000000016 -27.656960000000016 0
vertex 28.346880000000017 -26.870186666666683 0
endloop
endfacet
facet normal 0.75186903355014 -0.6593124876630037 0
outer loop
vertex 27.656960000000016 -27.656960000000016 8.000000000000005
vertex 28.346880000000017 -26.870186666666683 0
vertex 28.346880000000017 -26.870186666666683 8.000000000000005
endloop
endfacet
facet normal 0.8316670135863282 -0.5552746827238068 0.00007237661036386695
outer loop
vertex 28.636586666666684 -26.43669333333335 4.800000000000003
vertex 28.632320000000018 -26.442666666666682 8.000000000000005
vertex 28.346880000000017 -26.870186666666683 8.000000000000005
endloop
endfacet
facet normal 0.8314202762367816 -0.5556440625637545 0
outer loop
vertex 28.636586666666684 -26.43669333333335 4.800000000000003
vertex 28.346880000000017 -26.870186666666683 8.000000000000005
vertex 28.346880000000017 -26.870186666666683 0
endloop
endfacet
facet normal 0.8316737788580952 -0.5552645523552596 -0.00004957428015135167
outer loop
vertex 28.636586666666684 -26.43669333333335 4.800000000000003
vertex 28.346880000000017 -26.870186666666683 0
vertex 28.92800000000002 -25.999786666666683 0
endloop
endfacet
facet normal 0.8319252844406531 -0.5548876653056349 0
outer loop
vertex 28.636586666666684 -26.43669333333335 4.800000000000003
vertex 28.92800000000002 -25.999786666666683 0
vertex 28.92800000000002 -25.999786666666683 8.000000000000005
endloop
endfacet
facet normal 0.8316803072075679 -0.5552547715749978 0.00007243150266996331
outer loop
vertex 28.636586666666684 -26.43669333333335 4.800000000000003
vertex 28.92800000000002 -25.999786666666683 8.000000000000005
vertex 28.632320000000018 -26.442666666666682 8.000000000000005
endloop
endfacet
facet normal 0.8967799940757665 -0.44247671376634995 0
outer loop
vertex 28.92800000000002 -25.999786666666683 8.000000000000005
vertex 28.92800000000002 -25.999786666666683 0
vertex 29.39093333333335 -25.061546666666683 0
endloop
endfacet
facet normal 0.8967799940757665 -0.44247671376634995 0
outer loop
vertex 28.92800000000002 -25.999786666666683 8.000000000000005
vertex 29.39093333333335 -25.061546666666683 0
vertex 29.39093333333335 -25.061546666666683 8.000000000000005
endloop
endfacet
facet normal 0.946874563004736 -0.32160311244543305 0
outer loop
vertex 29.39093333333335 -25.061546666666683 8.000000000000005
vertex 29.39093333333335 -25.061546666666683 0
vertex 29.727573333333353 -24.070400000000014 0
endloop
endfacet
facet normal 0.946874563004736 -0.32160311244543305 0
outer loop
vertex 29.39093333333335 -25.061546666666683 8.000000000000005
vertex 29.727573333333353 -24.070400000000014 0
vertex 29.727573333333353 -24.070400000000014 8.000000000000005
endloop
endfacet
facet normal 0.980815252737311 -0.19493958037772763 0
outer loop
vertex 29.727573333333353 -24.070400000000014 8.000000000000005
vertex 29.727573333333353 -24.070400000000014 0
vertex 29.93152000000002 -23.04426666666668 0
endloop
endfacet
facet normal 0.980815252737311 -0.19493958037772763 0
outer loop
vertex 29.727573333333353 -24.070400000000014 8.000000000000005
vertex 29.93152000000002 -23.04426666666668 0
vertex 29.93152000000002 -23.04426666666668 8.000000000000005
endloop
endfacet
facet normal 0.9978708884038351 -0.06522031950351824 0
outer loop
vertex 29.93152000000002 -23.04426666666668 8.000000000000005
vertex 29.93152000000002 -23.04426666666668 0
vertex 29.999786666666687 -21.99978666666668 0
endloop
endfacet
facet normal 0.9978708884038351 -0.06522031950351824 0
outer loop
vertex 29.93152000000002 -23.04426666666668 8.000000000000005
vertex 29.999786666666687 -21.99978666666668 0
vertex 29.999786666666687 -21.99978666666668 8.000000000000005
endloop
endfacet
facet normal 0 0 1
outer loop
vertex -1.157973333333334 28.734720000000017 8.000000000000005
vertex -21.99978666666668 29.999786666666687 8.000000000000005
vertex -23.04426666666668 29.93152000000002 8.000000000000005
endloop
endfacet
facet normal 0 0 1
outer loop
vertex -1.157973333333334 28.734720000000017 8.000000000000005
vertex -23.04426666666668 29.93152000000002 8.000000000000005
vertex -24.070400000000014 29.727573333333353 8.000000000000005
endloop
endfacet
facet normal 0 0 1
outer loop
vertex -1.157973333333334 28.734720000000017 8.000000000000005
vertex -24.070400000000014 29.727573333333353 8.000000000000005
vertex -25.061546666666683 29.39093333333335 8.000000000000005
endloop
endfacet
facet normal 0 0 1
outer loop
vertex -1.157973333333334 28.734720000000017 8.000000000000005
vertex -25.061546666666683 29.39093333333335 8.000000000000005
vertex -25.999786666666683 28.92800000000002 8.000000000000005
endloop
endfacet
facet normal 0 0 0.9999999999999999
outer loop
vertex -1.157973333333334 28.734720000000017 8.000000000000005
vertex -25.999786666666683 28.92800000000002 8.000000000000005
vertex -26.870186666666683 28.346880000000017 8.000000000000005
endloop
endfacet
facet normal 0 0 1
outer loop
vertex -1.157973333333334 28.734720000000017 8.000000000000005
vertex -26.870186666666683 28.346880000000017 8.000000000000005
vertex -27.656960000000016 27.656960000000016 8.000000000000005
endloop
endfacet
facet normal 0 0 1
outer loop
vertex -1.157973333333334 28.734720000000017 8.000000000000005
vertex -27.656960000000016 27.656960000000016 8.000000000000005
vertex -27.706880000000016 27.599786666666684 8.000000000000005
endloop
endfacet
facet normal 0 0 0.9999999999999999
outer loop
vertex -1.157973333333334 28.734720000000017 8.000000000000005
vertex -27.706880000000016 27.599786666666684 8.000000000000005
vertex -22.00021333333335 27.599786666666684 8.000000000000005
endloop
endfacet
facet normal 0 0 1
outer loop
vertex -1.157973333333334 28.734720000000017 8.000000000000005
vertex -22.00021333333335 27.599786666666684 8.000000000000005
vertex -21.99978666666668 27.599786666666684 8.000000000000005
endloop
endfacet
facet normal 0 0 0.9999999999999999
outer loop
vertex -1.157973333333334 28.734720000000017 8.000000000000005
vertex -21.99978666666668 27.599786666666684 8.000000000000005
vertex 21.99978666666668 27.599786666666684 8.000000000000005
endloop
endfacet
facet normal 0 0 1
outer loop
vertex -1.157973333333334 28.734720000000017 8.000000000000005
vertex 21.99978666666668 27.599786666666684 8.000000000000005
vertex 27.706880000000016 27.599786666666684 8.000000000000005
endloop
endfacet
facet normal 0 0 1
outer loop
vertex -1.157973333333334 28.734720000000017 8.000000000000005
vertex 27.706880000000016 27.599786666666684 8.000000000000005
vertex 27.656960000000016 27.656960000000016 8.000000000000005
endloop
endfacet
facet normal 0 0 1
outer loop
vertex -1.157973333333334 28.734720000000017 8.000000000000005
vertex 27.656960000000016 27.656960000000016 8.000000000000005
vertex 26.870186666666683 28.346880000000017 8.000000000000005
endloop
endfacet
facet normal 0 0 0.9999999999999999
outer loop
vertex -1.157973333333334 28.734720000000017 8.000000000000005
vertex 26.870186666666683 28.346880000000017 8.000000000000005
vertex 25.999786666666683 28.92800000000002 8.000000000000005
endloop
endfacet
facet normal 0 0 1
outer loop
vertex -1.157973333333334 28.734720000000017 8.000000000000005
vertex 25.999786666666683 28.92800000000002 8.000000000000005
vertex 25.061546666666683 29.39093333333335 8.000000000000005
endloop
endfacet
facet normal 0 0 1
outer loop
vertex -1.157973333333334 28.734720000000017 8.000000000000005
vertex 25.061546666666683 29.39093333333335 8.000000000000005
vertex 24.070400000000014 29.727573333333353 8.000000000000005
endloop
endfacet
facet normal 0 0 0.9999999999999999
outer loop
vertex -1.157973333333334 28.734720000000017 8.000000000000005
vertex 24.070400000000014 29.727573333333353 8.000000000000005
vertex 23.04426666666668 29.93152000000002 8.000000000000005
endloop
endfacet
facet normal 0 0 1
outer loop
vertex -1.157973333333334 28.734720000000017 8.000000000000005
vertex 23.04426666666668 29.93152000000002 8.000000000000005
vertex 21.99978666666668 29.999786666666687 8.000000000000005
endloop
endfacet
facet normal 0 0 1
outer loop
vertex -1.157973333333334 28.734720000000017 8.000000000000005
vertex 21.99978666666668 29.999786666666687 8.000000000000005
vertex -21.99978666666668 29.999786666666687 8.000000000000005
endloop
endfacet
facet normal 0 0 1
outer loop
vertex 21.99978666666668 27.599786666666684 8.000000000000005
vertex 22.731093333333348 27.552000000000017 8.000000000000005
vertex 27.74869333333335 27.552000000000017 8.000000000000005
endloop
endfacet
facet normal 0 0 0.9999999999999999
outer loop
vertex 21.99978666666668 27.599786666666684 8.000000000000005
vertex 27.74869333333335 27.552000000000017 8.000000000000005
vertex 27.706880000000016 27.599786666666684 8.000000000000005
endloop
endfacet
facet normal 0 0 1
outer loop
vertex -27.706880000000016 27.599786666666684 8.000000000000005
vertex -27.74869333333335 27.552000000000017 8.000000000000005
vertex -22.731093333333348 27.552000000000017 8.000000000000005
endloop
endfacet
facet normal 0 0 1
outer loop
vertex -27.706880000000016 27.599786666666684 8.000000000000005
vertex -22.731093333333348 27.552000000000017 8.000000000000005
vertex -22.00021333333335 27.599786666666684 8.000000000000005
endloop
endfacet
facet normal 0 0 1
outer loop
vertex 22.731093333333348 27.552000000000017 8.000000000000005
vertex 23.44917333333335 27.409066666666686 8.000000000000005
vertex 27.87413333333335 27.409066666666686 8.000000000000005
endloop
endfacet
facet normal 0 0 1
outer loop
vertex 22.731093333333348 27.552000000000017 8.000000000000005
vertex 27.87413333333335 27.409066666666686 8.000000000000005
vertex 27.74869333333335 27.552000000000017 8.000000000000005
endloop
endfacet
facet normal 0 0 1
outer loop
vertex -27.74869333333335 27.552000000000017 8.000000000000005
vertex -27.87413333333335 27.409066666666686 8.000000000000005
vertex -23.44917333333335 27.409066666666686 8.000000000000005
endloop
endfacet
facet normal 0 0 1
outer loop
vertex -27.74869333333335 27.552000000000017 8.000000000000005
vertex -23.44917333333335 27.409066666666686 8.000000000000005
vertex -22.731093333333348 27.552000000000017 8.000000000000005
endloop
endfacet
facet normal 0 0 0.9999999999999999
outer loop
vertex 23.44917333333335 27.409066666666686 8.000000000000005
vertex 24.14293333333335 27.173546666666685 8.000000000000005
vertex 28.080640000000017 27.173546666666685 8.000000000000005
endloop
endfacet
facet normal 0 0 1
outer loop
vertex 23.44917333333335 27.409066666666686 8.000000000000005
vertex 28.080640000000017 27.173546666666685 8.000000000000005
vertex 27.87413333333335 27.409066666666686 8.000000000000005
endloop
endfacet
facet normal 0 0 0.9999999999999999
outer loop
vertex -27.87413333333335 27.409066666666686 8.000000000000005
vertex -28.080640000000017 27.173546666666685 8.000000000000005
vertex -24.14293333333335 27.173546666666685 8.000000000000005
endloop
endfacet
facet normal 0 0 1
outer loop
vertex -27.87413333333335 27.409066666666686 8.000000000000005
vertex -24.14293333333335 27.173546666666685 8.000000000000005
vertex -23.44917333333335 27.409066666666686 8.000000000000005
endloop
endfacet
facet normal 0 0 1
outer loop
vertex 26.746026666666683 26.98325333333335 8.000000000000005
vertex 24.14293333333335 27.173546666666685 8.000000000000005
vertex 24.800000000000015 26.849706666666684 8.000000000000005
endloop
endfacet
facet normal 0 0 0.9999999999999999
outer loop
vertex 26.746026666666683 26.98325333333335 8.000000000000005
vertex 24.800000000000015 26.849706666666684 8.000000000000005
vertex 28.36053333333335 26.849706666666684 8.000000000000005
endloop
endfacet
facet normal 0 0 0.9999999999999999
outer loop
vertex 26.746026666666683 26.98325333333335 8.000000000000005
vertex 28.36053333333335 26.849706666666684 8.000000000000005
vertex 28.346880000000017 26.870186666666683 8.000000000000005
endloop
endfacet
facet normal 0 0 0.9999999999999999
outer loop
vertex 26.746026666666683 26.98325333333335 8.000000000000005
vertex 28.346880000000017 26.870186666666683 8.000000000000005
vertex 28.080640000000017 27.173546666666685 8.000000000000005
endloop
endfacet
facet normal 0 0 1
outer loop
vertex 26.746026666666683 26.98325333333335 8.000000000000005
vertex 28.080640000000017 27.173546666666685 8.000000000000005
vertex 24.14293333333335 27.173546666666685 8.000000000000005
endloop
endfacet
facet normal 0 0 0.9999999999999999
outer loop
vertex -26.746026666666683 26.98325333333335 8.000000000000005
vertex -28.080640000000017 27.173546666666685 8.000000000000005
vertex -28.346880000000017 26.870186666666683 8.000000000000005
endloop
endfacet
facet normal 0 0 0.9999999999999999
outer loop
vertex -26.746026666666683 26.98325333333335 8.000000000000005
vertex -28.346880000000017 26.870186666666683 8.000000000000005
vertex -28.36053333333335 26.849706666666684 8.000000000000005
endloop
endfacet
facet normal 0 0 0.9999999999999999
outer loop
vertex -26.746026666666683 26.98325333333335 8.000000000000005
vertex -28.36053333333335 26.849706666666684 8.000000000000005
vertex -24.800000000000015 26.849706666666684 8.000000000000005
endloop
endfacet
facet normal 0 0 1
outer loop
vertex -26.746026666666683 26.98325333333335 8.000000000000005
vertex -24.800000000000015 26.849706666666684 8.000000000000005
vertex -24.14293333333335 27.173546666666685 8.000000000000005
endloop
endfacet
facet normal 0 0 1
outer loop
vertex -26.746026666666683 26.98325333333335 8.000000000000005
vertex -24.14293333333335 27.173546666666685 8.000000000000005
vertex -28.080640000000017 27.173546666666685 8.000000000000005
endloop
endfacet
facet normal 0 0 1
outer loop
vertex 24.800000000000015 26.849706666666684 8.000000000000005
vertex 25.40885333333335 26.442666666666682 8.000000000000005
vertex 28.632320000000018 26.442666666666682 8.000000000000005
endloop
endfacet
facet normal 0 0 1
outer loop
vertex 24.800000000000015 26.849706666666684 8.000000000000005
vertex 28.632320000000018 26.442666666666682 8.000000000000005
vertex 28.36053333333335 26.849706666666684 8.000000000000005
endloop
endfacet
facet normal 0 0 1
outer loop
vertex -28.36053333333335 26.849706666666684 8.000000000000005
vertex -28.632320000000018 26.442666666666682 8.000000000000005
vertex -25.40885333333335 26.442666666666682 8.000000000000005
endloop
endfacet
facet normal 0 0 1
outer loop
vertex -28.36053333333335 26.849706666666684 8.000000000000005
vertex -25.40885333333335 26.442666666666682 8.000000000000005
vertex -24.800000000000015 26.849706666666684 8.000000000000005
endloop
endfacet
facet normal 0 0 1
outer loop
vertex 27.575466666666685 26.161066666666684 8.000000000000005
vertex 25.40885333333335 26.442666666666682 8.000000000000005
vertex 25.959680000000017 25.959680000000017 8.000000000000005
endloop
endfacet
facet normal 0 0 1
outer loop
vertex 27.575466666666685 26.161066666666684 8.000000000000005
vertex 25.959680000000017 25.959680000000017 8.000000000000005
vertex 28.948053333333352 25.959680000000017 8.000000000000005
endloop
endfacet
facet normal 0 0 1
outer loop
vertex 27.575466666666685 26.161066666666684 8.000000000000005
vertex 28.948053333333352 25.959680000000017 8.000000000000005
vertex 28.92800000000002 25.999786666666683 8.000000000000005
endloop
endfacet
facet normal 0 0 1
outer loop
vertex 27.575466666666685 26.161066666666684 8.000000000000005
vertex 28.92800000000002 25.999786666666683 8.000000000000005
vertex 28.632320000000018 26.442666666666682 8.000000000000005
endloop
endfacet
facet normal 0 0 0.9999999999999999
outer loop
vertex 27.575466666666685 26.161066666666684 8.000000000000005
vertex 28.632320000000018 26.442666666666682 8.000000000000005
vertex 25.40885333333335 26.442666666666682 8.000000000000005
endloop
endfacet
facet normal 0 0 1
outer loop
vertex -27.575466666666685 26.161066666666684 8.000000000000005
vertex -28.632320000000018 26.442666666666682 8.000000000000005
vertex -28.92800000000002 25.999786666666683 8.000000000000005
endloop
endfacet
facet normal 0 0 1
outer loop
vertex -27.575466666666685 26.161066666666684 8.000000000000005
vertex -28.92800000000002 25.999786666666683 8.000000000000005
vertex -28.948053333333352 25.959680000000017 8.000000000000005
endloop
endfacet
facet normal 0 0 1
outer loop
vertex -27.575466666666685 26.161066666666684 8.000000000000005
vertex -28.948053333333352 25.959680000000017 8.000000000000005
vertex -25.959680000000017 25.959680000000017 8.000000000000005
endloop
endfacet
facet normal 0 0 1
outer loop
vertex -27.575466666666685 26.161066666666684 8.000000000000005
vertex -25.959680000000017 25.959680000000017 8.000000000000005
vertex -25.40885333333335 26.442666666666682 8.000000000000005
endloop
endfacet
facet normal 0 0 0.9999999999999999
outer loop
vertex -27.575466666666685 26.161066666666684 8.000000000000005
vertex -25.40885333333335 26.442666666666682 8.000000000000005
vertex -28.632320000000018 26.442666666666682 8.000000000000005
endloop
endfacet
facet normal 0 0 1
outer loop
vertex 25.959680000000017 25.959680000000017 8.000000000000005
vertex 26.442666666666682 25.40885333333335 8.000000000000005
vertex 29.219413333333353 25.40885333333335 8.000000000000005
endloop
endfacet
facet normal 0 0 1
outer loop
vertex 25.959680000000017 25.959680000000017 8.000000000000005
vertex 29.219413333333353 25.40885333333335 8.000000000000005
vertex 28.948053333333352 25.959680000000017 8.000000000000005
endloop
endfacet
facet normal 0 0 1
outer loop
vertex -28.948053333333352 25.959680000000017 8.000000000000005
vertex -29.219413333333353 25.40885333333335 8.000000000000005
vertex -26.442666666666682 25.40885333333335 8.000000000000005
endloop
endfacet
facet normal 0 0 1
outer loop
vertex -28.948053333333352 25.959680000000017 8.000000000000005
vertex -26.442666666666682 25.40885333333335 8.000000000000005
vertex -25.959680000000017 25.959680000000017 8.000000000000005
endloop
endfacet
facet normal 0 0 0.9999999999999999
outer loop
vertex 28.276480000000017 25.095680000000016 8.000000000000005
vertex 26.442666666666682 25.40885333333335 8.000000000000005
vertex 26.849706666666684 24.800000000000015 8.000000000000005
endloop
endfacet
facet normal 0 0 1
outer loop
vertex 28.276480000000017 25.095680000000016 8.000000000000005
vertex 26.849706666666684 24.800000000000015 8.000000000000005
vertex 29.47968000000002 24.800000000000015 8.000000000000005
endloop
endfacet
facet normal 0 0 1
outer loop
vertex 28.276480000000017 25.095680000000016 8.000000000000005
vertex 29.47968000000002 24.800000000000015 8.000000000000005
vertex 29.39093333333335 25.061546666666683 8.000000000000005
endloop
endfacet
facet normal 0 0 1
outer loop
vertex 28.276480000000017 25.095680000000016 8.000000000000005
vertex 29.39093333333335 25.061546666666683 8.000000000000005
vertex 29.219413333333353 25.40885333333335 8.000000000000005
endloop
endfacet
facet normal 0 0 1
outer loop
vertex 28.276480000000017 25.095680000000016 8.000000000000005
vertex 29.219413333333353 25.40885333333335 8.000000000000005
vertex 26.442666666666682 25.40885333333335 8.000000000000005
endloop
endfacet
facet normal 0 0 1
outer loop
vertex -28.276480000000017 25.095680000000016 8.000000000000005
vertex -29.219413333333353 25.40885333333335 8.000000000000005
vertex -29.39093333333335 25.061546666666683 8.000000000000005
endloop
endfacet
facet normal 0 0 1
outer loop
vertex -28.276480000000017 25.095680000000016 8.000000000000005
vertex -29.39093333333335 25.061546666666683 8.000000000000005
vertex -29.47968000000002 24.800000000000015 8.000000000000005
endloop
endfacet
facet normal 0 0 1
outer loop
vertex -28.276480000000017 25.095680000000016 8.000000000000005
vertex -29.47968000000002 24.800000000000015 8.000000000000005
vertex -26.849706666666684 24.800000000000015 8.000000000000005
endloop
endfacet
facet normal 0 0 0.9999999999999999
outer loop
vertex -28.276480000000017 25.095680000000016 8.000000000000005
vertex -26.849706666666684 24.800000000000015 8.000000000000005
vertex -26.442666666666682 25.40885333333335 8.000000000000005
endloop
endfacet
facet normal 0 0 1
outer loop
vertex -28.276480000000017 25.095680000000016 8.000000000000005
vertex -26.442666666666682 25.40885333333335 8.000000000000005
vertex -29.219413333333353 25.40885333333335 8.000000000000005
endloop
endfacet
facet normal 0 0 0.9999999999999999
outer loop
vertex 26.849706666666684 24.800000000000015 8.000000000000005
vertex 27.173546666666685 24.14293333333335 8.000000000000005
vertex 29.702826666666684 24.14293333333335 8.000000000000005
endloop
endfacet
facet normal 0 0 0.9999999999999999
outer loop
vertex 26.849706666666684 24.800000000000015 8.000000000000005
vertex 29.702826666666684 24.14293333333335 8.000000000000005
vertex 29.47968000000002 24.800000000000015 8.000000000000005
endloop
endfacet
facet normal 0 0 0.9999999999999999
outer loop
vertex -29.47968000000002 24.800000000000015 8.000000000000005
vertex -29.702826666666684 24.14293333333335 8.000000000000005
vertex -27.173546666666685 24.14293333333335 8.000000000000005
endloop
endfacet
facet normal 0 0 0.9999999999999999
outer loop
vertex -29.47968000000002 24.800000000000015 8.000000000000005
vertex -27.173546666666685 24.14293333333335 8.000000000000005
vertex -26.849706666666684 24.800000000000015 8.000000000000005
endloop
endfacet
facet normal 0 0 1
outer loop
vertex 28.77269333333335 23.85109333333335 8.000000000000005
vertex 27.173546666666685 24.14293333333335 8.000000000000005
vertex 27.409066666666686 23.44917333333335 8.000000000000005
endloop
endfacet
facet normal 0 0 1
outer loop
vertex 28.77269333333335 23.85109333333335 8.000000000000005
vertex 27.409066666666686 23.44917333333335 8.000000000000005
vertex 29.850880000000018 23.44917333333335 8.000000000000005
endloop
endfacet
facet normal 0 0 1
outer loop
vertex 28.77269333333335 23.85109333333335 8.000000000000005
vertex 29.850880000000018 23.44917333333335 8.000000000000005
vertex 29.727573333333353 24.070400000000014 8.000000000000005
endloop
endfacet
facet normal 0 0 1
outer loop
vertex 28.77269333333335 23.85109333333335 8.000000000000005
vertex 29.727573333333353 24.070400000000014 8.000000000000005
vertex 29.702826666666684 24.14293333333335 8.000000000000005
endloop
endfacet
facet normal 0 0 0.9999999999999999
outer loop
vertex 28.77269333333335 23.85109333333335 8.000000000000005
vertex 29.702826666666684 24.14293333333335 8.000000000000005
vertex 27.173546666666685 24.14293333333335 8.000000000000005
endloop
endfacet
facet normal 0 0 1
outer loop
vertex -28.77269333333335 23.85109333333335 8.000000000000005
vertex -29.702826666666684 24.14293333333335 8.000000000000005
vertex -29.727573333333353 24.070400000000014 8.000000000000005
endloop
endfacet
facet normal 0 0 1
outer loop
vertex -28.77269333333335 23.85109333333335 8.000000000000005
vertex -29.727573333333353 24.070400000000014 8.000000000000005
vertex -29.850880000000018 23.44917333333335 8.000000000000005
endloop
endfacet
facet normal 0 0 1
outer loop
vertex -28.77269333333335 23.85109333333335 8.000000000000005
vertex -29.850880000000018 23.44917333333335 8.000000000000005
vertex -27.409066666666686 23.44917333333335 8.000000000000005
endloop
endfacet
facet normal 0 0 1
outer loop
vertex -28.77269333333335 23.85109333333335 8.000000000000005
vertex -27.409066666666686 23.44917333333335 8.000000000000005
vertex -27.173546666666685 24.14293333333335 8.000000000000005
endloop
endfacet
facet normal 0 0 0.9999999999999999
outer loop
vertex -28.77269333333335 23.85109333333335 8.000000000000005
vertex -27.173546666666685 24.14293333333335 8.000000000000005
vertex -29.702826666666684 24.14293333333335 8.000000000000005
endloop
endfacet
facet normal 0 0 1
outer loop
vertex 28.93909333333335 23.080960000000015 8.000000000000005
vertex 27.409066666666686 23.44917333333335 8.000000000000005
vertex 27.552000000000017 22.731093333333348 8.000000000000005
endloop
endfacet
facet normal 0 0 0.9999999999999999
outer loop
vertex 28.93909333333335 23.080960000000015 8.000000000000005
vertex 27.552000000000017 22.731093333333348 8.000000000000005
vertex 29.95200000000002 22.731093333333348 8.000000000000005
endloop
endfacet
facet normal 0 0 1
outer loop
vertex 28.93909333333335 23.080960000000015 8.000000000000005
vertex 29.95200000000002 22.731093333333348 8.000000000000005
vertex 29.93152000000002 23.04426666666668 8.000000000000005
endloop
endfacet
facet normal 0 0 1
outer loop
vertex 28.93909333333335 23.080960000000015 8.000000000000005
vertex 29.93152000000002 23.04426666666668 8.000000000000005
vertex 29.850880000000018 23.44917333333335 8.000000000000005
endloop
endfacet
facet normal 0 0 0.9999999999999999
outer loop
vertex 28.93909333333335 23.080960000000015 8.000000000000005
vertex 29.850880000000018 23.44917333333335 8.000000000000005
vertex 27.409066666666686 23.44917333333335 8.000000000000005
endloop
endfacet
facet normal 0 0 1
outer loop
vertex -28.93909333333335 23.080960000000015 8.000000000000005
vertex -29.850880000000018 23.44917333333335 8.000000000000005
vertex -29.93152000000002 23.04426666666668 8.000000000000005
endloop
endfacet
facet normal 0 0 1
outer loop
vertex -28.93909333333335 23.080960000000015 8.000000000000005
vertex -29.93152000000002 23.04426666666668 8.000000000000005
vertex -29.95200000000002 22.731093333333348 8.000000000000005
endloop
endfacet
facet normal 0 0 0.9999999999999999
outer loop
vertex -28.93909333333335 23.080960000000015 8.000000000000005
vertex -29.95200000000002 22.731093333333348 8.000000000000005
vertex -27.552000000000017 22.731093333333348 8.000000000000005
endloop
endfacet
facet normal 0 0 1
outer loop
vertex -28.93909333333335 23.080960000000015 8.000000000000005
vertex -27.552000000000017 22.731093333333348 8.000000000000005
vertex -27.409066666666686 23.44917333333335 8.000000000000005
endloop
endfacet
facet normal 0 0 0.9999999999999999
outer loop
vertex -28.93909333333335 23.080960000000015 8.000000000000005
vertex -27.409066666666686 23.44917333333335 8.000000000000005
vertex -29.850880000000018 23.44917333333335 8.000000000000005
endloop
endfacet
facet normal 0 0 1
outer loop
vertex 27.552000000000017 22.731093333333348 8.000000000000005
vertex 27.599786666666684 21.99978666666668 8.000000000000005
vertex 29.999786666666687 21.99978666666668 8.000000000000005
endloop
endfacet
facet normal 0 0 0.9999999999999999
outer loop
vertex 27.552000000000017 22.731093333333348 8.000000000000005
vertex 29.999786666666687 21.99978666666668 8.000000000000005
vertex 29.95200000000002 22.731093333333348 8.000000000000005
endloop
endfacet
facet normal 0 0 0.9999999999999999
outer loop
vertex -29.95200000000002 22.731093333333348 8.000000000000005
vertex -29.999786666666687 21.99978666666668 8.000000000000005
vertex -27.599786666666684 21.99978666666668 8.000000000000005
endloop
endfacet
facet normal 0 0 0.9999999999999999
outer loop
vertex -29.95200000000002 22.731093333333348 8.000000000000005
vertex -27.599786666666684 21.99978666666668 8.000000000000005
vertex -27.552000000000017 22.731093333333348 8.000000000000005
endloop
endfacet
facet normal 0 0 1
outer loop
vertex 27.599786666666684 21.99978666666668 8.000000000000005
vertex 27.599786666666684 -21.99978666666668 8.000000000000005
vertex 29.999786666666687 -21.99978666666668 8.000000000000005
endloop
endfacet
facet normal 0 0 1
outer loop
vertex 27.599786666666684 21.99978666666668 8.000000000000005
vertex 29.999786666666687 -21.99978666666668 8.000000000000005
vertex 29.999786666666687 21.99978666666668 8.000000000000005
endloop
endfacet
facet normal 0 0 1
outer loop
vertex -29.999786666666687 21.99978666666668 8.000000000000005
vertex -29.999786666666687 -21.99978666666668 8.000000000000005
vertex -27.599786666666684 -21.99978666666668 8.000000000000005
endloop
endfacet
facet normal 0 0 1
outer loop
vertex -29.999786666666687 21.99978666666668 8.000000000000005
vertex -27.599786666666684 -21.99978666666668 8.000000000000005
vertex -27.599786666666684 21.99978666666668 8.000000000000005
endloop
endfacet
facet normal 0 0 0.9999999999999999
outer loop
vertex 27.599786666666684 -21.99978666666668 8.000000000000005
vertex 27.552000000000017 -22.731093333333348 8.000000000000005
vertex 29.95200000000002 -22.731093333333348 8.000000000000005
endloop
endfacet
facet normal 0 0 0.9999999999999999
outer loop
vertex 27.599786666666684 -21.99978666666668 8.000000000000005
vertex 29.95200000000002 -22.731093333333348 8.000000000000005
vertex 29.999786666666687 -21.99978666666668 8.000000000000005
endloop
endfacet
facet normal 0 0 1
outer loop
vertex -29.999786666666687 -21.99978666666668 8.000000000000005
vertex -29.95200000000002 -22.731093333333348 8.000000000000005
vertex -27.552000000000017 -22.731093333333348 8.000000000000005
endloop
endfacet
facet normal 0 0 0.9999999999999999
outer loop
vertex -29.999786666666687 -21.99978666666668 8.000000000000005
vertex -27.552000000000017 -22.731093333333348 8.000000000000005
vertex -27.599786666666684 -21.99978666666668 8.000000000000005
endloop
endfacet
facet normal 0 0 1
outer loop
vertex 28.93909333333335 -23.080960000000015 8.000000000000005
vertex 27.552000000000017 -22.731093333333348 8.000000000000005
vertex 27.409066666666686 -23.44917333333335 8.000000000000005
endloop
endfacet
facet normal 0 0 0.9999999999999999
outer loop
vertex 28.93909333333335 -23.080960000000015 8.000000000000005
vertex 27.409066666666686 -23.44917333333335 8.000000000000005
vertex 29.850880000000018 -23.44917333333335 8.000000000000005
endloop
endfacet
facet normal 0 0 1
outer loop
vertex 28.93909333333335 -23.080960000000015 8.000000000000005
vertex 29.850880000000018 -23.44917333333335 8.000000000000005
vertex 29.93152000000002 -23.04426666666668 8.000000000000005
endloop
endfacet
facet normal 0 0 1
outer loop
vertex 28.93909333333335 -23.080960000000015 8.000000000000005
vertex 29.93152000000002 -23.04426666666668 8.000000000000005
vertex 29.95200000000002 -22.731093333333348 8.000000000000005
endloop
endfacet
facet normal 0 0 0.9999999999999999
outer loop
vertex 28.93909333333335 -23.080960000000015 8.000000000000005
vertex 29.95200000000002 -22.731093333333348 8.000000000000005
vertex 27.552000000000017 -22.731093333333348 8.000000000000005
endloop
endfacet
facet normal 0 0 1
outer loop
vertex -28.93909333333335 -23.080960000000015 8.000000000000005
vertex -29.95200000000002 -22.731093333333348 8.000000000000005
vertex -29.93152000000002 -23.04426666666668 8.000000000000005
endloop
endfacet
facet normal 0 0 1
outer loop
vertex -28.93909333333335 -23.080960000000015 8.000000000000005
vertex -29.93152000000002 -23.04426666666668 8.000000000000005
vertex -29.850880000000018 -23.44917333333335 8.000000000000005
endloop
endfacet
facet normal 0 0 0.9999999999999999
outer loop
vertex -28.93909333333335 -23.080960000000015 8.000000000000005
vertex -29.850880000000018 -23.44917333333335 8.000000000000005
vertex -27.409066666666686 -23.44917333333335 8.000000000000005
endloop
endfacet
facet normal 0 0 1
outer loop
vertex -28.93909333333335 -23.080960000000015 8.000000000000005
vertex -27.409066666666686 -23.44917333333335 8.000000000000005
vertex -27.552000000000017 -22.731093333333348 8.000000000000005
endloop
endfacet
facet normal 0 0 0.9999999999999999
outer loop
vertex -28.93909333333335 -23.080960000000015 8.000000000000005
vertex -27.552000000000017 -22.731093333333348 8.000000000000005
vertex -29.95200000000002 -22.731093333333348 8.000000000000005
endloop
endfacet
facet normal 0 0 1
outer loop
vertex 28.77269333333335 -23.85109333333335 8.000000000000005
vertex 27.409066666666686 -23.44917333333335 8.000000000000005
vertex 27.173546666666685 -24.14293333333335 8.000000000000005
endloop
endfacet
facet normal 0 0 0.9999999999999999
outer loop
vertex 28.77269333333335 -23.85109333333335 8.000000000000005
vertex 27.173546666666685 -24.14293333333335 8.000000000000005
vertex 29.702826666666684 -24.14293333333335 8.000000000000005
endloop
endfacet
facet normal 0 0 1
outer loop
vertex 28.77269333333335 -23.85109333333335 8.000000000000005
vertex 29.702826666666684 -24.14293333333335 8.000000000000005
vertex 29.727573333333353 -24.070400000000014 8.000000000000005
endloop
endfacet
facet normal 0 0 1
outer loop
vertex 28.77269333333335 -23.85109333333335 8.000000000000005
vertex 29.727573333333353 -24.070400000000014 8.000000000000005
vertex 29.850880000000018 -23.44917333333335 8.000000000000005
endloop
endfacet
facet normal 0 0 1
outer loop
vertex 28.77269333333335 -23.85109333333335 8.000000000000005
vertex 29.850880000000018 -23.44917333333335 8.000000000000005
vertex 27.409066666666686 -23.44917333333335 8.000000000000005
endloop
endfacet
facet normal 0 0 1
outer loop
vertex -28.77269333333335 -23.85109333333335 8.000000000000005
vertex -29.850880000000018 -23.44917333333335 8.000000000000005
vertex -29.727573333333353 -24.070400000000014 8.000000000000005
endloop
endfacet
facet normal 0 0 1
outer loop
vertex -28.77269333333335 -23.85109333333335 8.000000000000005
vertex -29.727573333333353 -24.070400000000014 8.000000000000005
vertex -29.702826666666684 -24.14293333333335 8.000000000000005
endloop
endfacet
facet normal 0 0 0.9999999999999999
outer loop
vertex -28.77269333333335 -23.85109333333335 8.000000000000005
vertex -29.702826666666684 -24.14293333333335 8.000000000000005
vertex -27.173546666666685 -24.14293333333335 8.000000000000005
endloop
endfacet
facet normal 0 0 1
outer loop
vertex -28.77269333333335 -23.85109333333335 8.000000000000005
vertex -27.173546666666685 -24.14293333333335 8.000000000000005
vertex -27.409066666666686 -23.44917333333335 8.000000000000005
endloop
endfacet
facet normal 0 0 1
outer loop
vertex -28.77269333333335 -23.85109333333335 8.000000000000005
vertex -27.409066666666686 -23.44917333333335 8.000000000000005
vertex -29.850880000000018 -23.44917333333335 8.000000000000005
endloop
endfacet
facet normal 0 0 0.9999999999999999
outer loop
vertex 27.173546666666685 -24.14293333333335 8.000000000000005
vertex 26.849706666666684 -24.800000000000015 8.000000000000005
vertex 29.47968000000002 -24.800000000000015 8.000000000000005
endloop
endfacet
facet normal 0 0 0.9999999999999999
outer loop
vertex 27.173546666666685 -24.14293333333335 8.000000000000005
vertex 29.47968000000002 -24.800000000000015 8.000000000000005
vertex 29.702826666666684 -24.14293333333335 8.000000000000005
endloop
endfacet
facet normal 0 0 0.9999999999999999
outer loop
vertex -29.702826666666684 -24.14293333333335 8.000000000000005
vertex -29.47968000000002 -24.800000000000015 8.000000000000005
vertex -26.849706666666684 -24.800000000000015 8.000000000000005
endloop
endfacet
facet normal 0 0 0.9999999999999999
outer loop
vertex -29.702826666666684 -24.14293333333335 8.000000000000005
vertex -26.849706666666684 -24.800000000000015 8.000000000000005
vertex -27.173546666666685 -24.14293333333335 8.000000000000005
endloop
endfacet
facet normal 0 0 0.9999999999999999
outer loop
vertex 28.276480000000017 -25.095680000000016 8.000000000000005
vertex 26.849706666666684 -24.800000000000015 8.000000000000005
vertex 26.442666666666682 -25.40885333333335 8.000000000000005
endloop
endfacet
facet normal 0 0 1
outer loop
vertex 28.276480000000017 -25.095680000000016 8.000000000000005
vertex 26.442666666666682 -25.40885333333335 8.000000000000005
vertex 29.219413333333353 -25.40885333333335 8.000000000000005
endloop
endfacet
facet normal 0 0 1
outer loop
vertex 28.276480000000017 -25.095680000000016 8.000000000000005
vertex 29.219413333333353 -25.40885333333335 8.000000000000005
vertex 29.39093333333335 -25.061546666666683 8.000000000000005
endloop
endfacet
facet normal 0 0 1
outer loop
vertex 28.276480000000017 -25.095680000000016 8.000000000000005
vertex 29.39093333333335 -25.061546666666683 8.000000000000005
vertex 29.47968000000002 -24.800000000000015 8.000000000000005
endloop
endfacet
facet normal 0 0 1
outer loop
vertex 28.276480000000017 -25.095680000000016 8.000000000000005
vertex 29.47968000000002 -24.800000000000015 8.000000000000005
vertex 26.849706666666684 -24.800000000000015 8.000000000000005
endloop
endfacet
facet normal 0 0 1
outer loop
vertex -28.276480000000017 -25.095680000000016 8.000000000000005
vertex -29.47968000000002 -24.800000000000015 8.000000000000005
vertex -29.39093333333335 -25.061546666666683 8.000000000000005
endloop
endfacet
facet normal 0 0 1
outer loop
vertex -28.276480000000017 -25.095680000000016 8.000000000000005
vertex -29.39093333333335 -25.061546666666683 8.000000000000005
vertex -29.219413333333353 -25.40885333333335 8.000000000000005
endloop
endfacet
facet normal 0 0 1
outer loop
vertex -28.276480000000017 -25.095680000000016 8.000000000000005
vertex -29.219413333333353 -25.40885333333335 8.000000000000005
vertex -26.442666666666682 -25.40885333333335 8.000000000000005
endloop
endfacet
facet normal 0 0 0.9999999999999999
outer loop
vertex -28.276480000000017 -25.095680000000016 8.000000000000005
vertex -26.442666666666682 -25.40885333333335 8.000000000000005
vertex -26.849706666666684 -24.800000000000015 8.000000000000005
endloop
endfacet
facet normal 0 0 1
outer loop
vertex -28.276480000000017 -25.095680000000016 8.000000000000005
vertex -26.849706666666684 -24.800000000000015 8.000000000000005
vertex -29.47968000000002 -24.800000000000015 8.000000000000005
endloop
endfacet
facet normal 0 0 1
outer loop
vertex 26.442666666666682 -25.40885333333335 8.000000000000005
vertex 25.959680000000017 -25.959680000000017 8.000000000000005
vertex 28.948053333333352 -25.959680000000017 8.000000000000005
endloop
endfacet
facet normal 0 0 1
outer loop
vertex 26.442666666666682 -25.40885333333335 8.000000000000005
vertex 28.948053333333352 -25.959680000000017 8.000000000000005
vertex 29.219413333333353 -25.40885333333335 8.000000000000005
endloop
endfacet
facet normal 0 0 1
outer loop
vertex -29.219413333333353 -25.40885333333335 8.000000000000005
vertex -28.948053333333352 -25.959680000000017 8.000000000000005
vertex -25.959680000000017 -25.959680000000017 8.000000000000005
endloop
endfacet
facet normal 0 0 1
outer loop
vertex -29.219413333333353 -25.40885333333335 8.000000000000005
vertex -25.959680000000017 -25.959680000000017 8.000000000000005
vertex -26.442666666666682 -25.40885333333335 8.000000000000005
endloop
endfacet
facet normal 0 0 1
outer loop
vertex 27.575466666666685 -26.161066666666684 8.000000000000005
vertex 25.959680000000017 -25.959680000000017 8.000000000000005
vertex 25.40885333333335 -26.442666666666682 8.000000000000005
endloop
endfacet
facet normal 0 0 0.9999999999999999
outer loop
vertex 27.575466666666685 -26.161066666666684 8.000000000000005
vertex 25.40885333333335 -26.442666666666682 8.000000000000005
vertex 28.632320000000018 -26.442666666666682 8.000000000000005
endloop
endfacet
facet normal 0 0 1
outer loop
vertex 27.575466666666685 -26.161066666666684 8.000000000000005
vertex 28.632320000000018 -26.442666666666682 8.000000000000005
vertex 28.92800000000002 -25.999786666666683 8.000000000000005
endloop
endfacet
facet normal 0 0 1
outer loop
vertex 27.575466666666685 -26.161066666666684 8.000000000000005
vertex 28.92800000000002 -25.999786666666683 8.000000000000005
vertex 28.948053333333352 -25.959680000000017 8.000000000000005
endloop
endfacet
facet normal 0 0 1
outer loop
vertex 27.575466666666685 -26.161066666666684 8.000000000000005
vertex 28.948053333333352 -25.959680000000017 8.000000000000005
vertex 25.959680000000017 -25.959680000000017 8.000000000000005
endloop
endfacet
facet normal 0 0 1
outer loop
vertex -27.575466666666685 -26.161066666666684 8.000000000000005
vertex -28.948053333333352 -25.959680000000017 8.000000000000005
vertex -28.92800000000002 -25.999786666666683 8.000000000000005
endloop
endfacet
facet normal 0 0 1
outer loop
vertex -27.575466666666685 -26.161066666666684 8.000000000000005
vertex -28.92800000000002 -25.999786666666683 8.000000000000005
vertex -28.632320000000018 -26.442666666666682 8.000000000000005
endloop
endfacet
facet normal 0 0 0.9999999999999999
outer loop
vertex -27.575466666666685 -26.161066666666684 8.000000000000005
vertex -28.632320000000018 -26.442666666666682 8.000000000000005
vertex -25.40885333333335 -26.442666666666682 8.000000000000005
endloop
endfacet
facet normal 0 0 1
outer loop
vertex -27.575466666666685 -26.161066666666684 8.000000000000005
vertex -25.40885333333335 -26.442666666666682 8.000000000000005
vertex -25.959680000000017 -25.959680000000017 8.000000000000005
endloop
endfacet
facet normal 0 0 1
outer loop
vertex -27.575466666666685 -26.161066666666684 8.000000000000005
vertex -25.959680000000017 -25.959680000000017 8.000000000000005
vertex -28.948053333333352 -25.959680000000017 8.000000000000005
endloop
endfacet
facet normal 0 0 1
outer loop
vertex 25.40885333333335 -26.442666666666682 8.000000000000005
vertex 24.800000000000015 -26.849706666666684 8.000000000000005
vertex 28.36053333333335 -26.849706666666684 8.000000000000005
endloop
endfacet
facet normal 0 0 1
outer loop
vertex 25.40885333333335 -26.442666666666682 8.000000000000005
vertex 28.36053333333335 -26.849706666666684 8.000000000000005
vertex 28.632320000000018 -26.442666666666682 8.000000000000005
endloop
endfacet
facet normal 0 0 1
outer loop
vertex -28.632320000000018 -26.442666666666682 8.000000000000005
vertex -28.36053333333335 -26.849706666666684 8.000000000000005
vertex -24.800000000000015 -26.849706666666684 8.000000000000005
endloop
endfacet
facet normal 0 0 1
outer loop
vertex -28.632320000000018 -26.442666666666682 8.000000000000005
vertex -24.800000000000015 -26.849706666666684 8.000000000000005
vertex -25.40885333333335 -26.442666666666682 8.000000000000005
endloop
endfacet
facet normal 0 0 1
outer loop
vertex 26.746026666666683 -26.98325333333335 8.000000000000005
vertex 24.800000000000015 -26.849706666666684 8.000000000000005
vertex 24.14293333333335 -27.173546666666685 8.000000000000005
endloop
endfacet
facet normal 0 0 1
outer loop
vertex 26.746026666666683 -26.98325333333335 8.000000000000005
vertex 24.14293333333335 -27.173546666666685 8.000000000000005
vertex 28.080640000000017 -27.173546666666685 8.000000000000005
endloop
endfacet
facet normal 0 0 0.9999999999999999
outer loop
vertex 26.746026666666683 -26.98325333333335 8.000000000000005
vertex 28.080640000000017 -27.173546666666685 8.000000000000005
vertex 28.346880000000017 -26.870186666666683 8.000000000000005
endloop
endfacet
facet normal 0 0 0.9999999999999999
outer loop
vertex 26.746026666666683 -26.98325333333335 8.000000000000005
vertex 28.346880000000017 -26.870186666666683 8.000000000000005
vertex 28.36053333333335 -26.849706666666684 8.000000000000005
endloop
endfacet
facet normal 0 0 0.9999999999999999
outer loop
vertex 26.746026666666683 -26.98325333333335 8.000000000000005
vertex 28.36053333333335 -26.849706666666684 8.000000000000005
vertex 24.800000000000015 -26.849706666666684 8.000000000000005
endloop
endfacet
facet normal 0 0 0.9999999999999999
outer loop
vertex -26.746026666666683 -26.98325333333335 8.000000000000005
vertex -28.36053333333335 -26.849706666666684 8.000000000000005
vertex -28.346880000000017 -26.870186666666683 8.000000000000005
endloop
endfacet
facet normal 0 0 0.9999999999999999
outer loop
vertex -26.746026666666683 -26.98325333333335 8.000000000000005
vertex -28.346880000000017 -26.870186666666683 8.000000000000005
vertex -28.080640000000017 -27.173546666666685 8.000000000000005
endloop
endfacet
facet normal 0 0 1
outer loop
vertex -26.746026666666683 -26.98325333333335 8.000000000000005
vertex -28.080640000000017 -27.173546666666685 8.000000000000005
vertex -24.14293333333335 -27.173546666666685 8.000000000000005
endloop
endfacet
facet normal 0 0 1
outer loop
vertex -26.746026666666683 -26.98325333333335 8.000000000000005
vertex -24.14293333333335 -27.173546666666685 8.000000000000005
vertex -24.800000000000015 -26.849706666666684 8.000000000000005
endloop
endfacet
facet normal 0 0 0.9999999999999999
outer loop
vertex -26.746026666666683 -26.98325333333335 8.000000000000005
vertex -24.800000000000015 -26.849706666666684 8.000000000000005
vertex -28.36053333333335 -26.849706666666684 8.000000000000005
endloop
endfacet
facet normal 0 0 1
outer loop
vertex 24.14293333333335 -27.173546666666685 8.000000000000005
vertex 23.44917333333335 -27.409066666666686 8.000000000000005
vertex 27.87413333333335 -27.409066666666686 8.000000000000005
endloop
endfacet
facet normal 0 0 0.9999999999999999
outer loop
vertex 24.14293333333335 -27.173546666666685 8.000000000000005
vertex 27.87413333333335 -27.409066666666686 8.000000000000005
vertex 28.080640000000017 -27.173546666666685 8.000000000000005
endloop
endfacet
facet normal 0 0 1
outer loop
vertex -28.080640000000017 -27.173546666666685 8.000000000000005
vertex -27.87413333333335 -27.409066666666686 8.000000000000005
vertex -23.44917333333335 -27.409066666666686 8.000000000000005
endloop
endfacet
facet normal 0 0 0.9999999999999999
outer loop
vertex -28.080640000000017 -27.173546666666685 8.000000000000005
vertex -23.44917333333335 -27.409066666666686 8.000000000000005
vertex -24.14293333333335 -27.173546666666685 8.000000000000005
endloop
endfacet
facet normal 0 0 1
outer loop
vertex 23.44917333333335 -27.409066666666686 8.000000000000005
vertex 22.731093333333348 -27.552000000000017 8.000000000000005
vertex 27.74869333333335 -27.552000000000017 8.000000000000005
endloop
endfacet
facet normal 0 0 1
outer loop
vertex 23.44917333333335 -27.409066666666686 8.000000000000005
vertex 27.74869333333335 -27.552000000000017 8.000000000000005
vertex 27.87413333333335 -27.409066666666686 8.000000000000005
endloop
endfacet
facet normal 0 0 1
outer loop
vertex -27.87413333333335 -27.409066666666686 8.000000000000005
vertex -27.74869333333335 -27.552000000000017 8.000000000000005
vertex -22.731093333333348 -27.552000000000017 8.000000000000005
endloop
endfacet
facet normal 0 0 1
outer loop
vertex -27.87413333333335 -27.409066666666686 8.000000000000005
vertex -22.731093333333348 -27.552000000000017 8.000000000000005
vertex -23.44917333333335 -27.409066666666686 8.000000000000005
endloop
endfacet
facet normal 0 0 0.9999999999999999
outer loop
vertex 22.731093333333348 -27.552000000000017 8.000000000000005
vertex 21.99978666666668 -27.599786666666684 8.000000000000005
vertex 27.706880000000016 -27.599786666666684 8.000000000000005
endloop
endfacet
facet normal 0 0 1
outer loop
vertex 22.731093333333348 -27.552000000000017 8.000000000000005
vertex 27.706880000000016 -27.599786666666684 8.000000000000005
vertex 27.74869333333335 -27.552000000000017 8.000000000000005
endloop
endfacet
facet normal 0 0 1
outer loop
vertex -27.74869333333335 -27.552000000000017 8.000000000000005
vertex -27.706880000000016 -27.599786666666684 8.000000000000005
vertex -22.00021333333335 -27.599786666666684 8.000000000000005
endloop
endfacet
facet normal 0 0 1
outer loop
vertex -27.74869333333335 -27.552000000000017 8.000000000000005
vertex -22.00021333333335 -27.599786666666684 8.000000000000005
vertex -22.731093333333348 -27.552000000000017 8.000000000000005
endloop
endfacet
facet normal 0 0 0.9999999999999999
outer loop
vertex -1.157973333333334 -28.734720000000017 8.000000000000005
vertex 21.99978666666668 -27.599786666666684 8.000000000000005
vertex -21.99978666666668 -27.599786666666684 8.000000000000005
endloop
endfacet
facet normal 0 0 1
outer loop
vertex -1.157973333333334 -28.734720000000017 8.000000000000005
vertex -21.99978666666668 -27.599786666666684 8.000000000000005
vertex -22.00021333333335 -27.599786666666684 8.000000000000005
endloop
endfacet
facet normal 0 0 0.9999999999999999
outer loop
vertex -1.157973333333334 -28.734720000000017 8.000000000000005
vertex -22.00021333333335 -27.599786666666684 8.000000000000005
vertex -27.706880000000016 -27.599786666666684 8.000000000000005
endloop
endfacet
facet normal 0 0 1
outer loop
vertex -1.157973333333334 -28.734720000000017 8.000000000000005
vertex -27.706880000000016 -27.599786666666684 8.000000000000005
vertex -27.656960000000016 -27.656960000000016 8.000000000000005
endloop
endfacet
facet normal 0 0 1
outer loop
vertex -1.157973333333334 -28.734720000000017 8.000000000000005
vertex -27.656960000000016 -27.656960000000016 8.000000000000005
vertex -26.870186666666683 -28.346880000000017 8.000000000000005
endloop
endfacet
facet normal 0 0 0.9999999999999999
outer loop
vertex -1.157973333333334 -28.734720000000017 8.000000000000005
vertex -26.870186666666683 -28.346880000000017 8.000000000000005
vertex -25.999786666666683 -28.92800000000002 8.000000000000005
endloop
endfacet
facet normal 0 0 1
outer loop
vertex -1.157973333333334 -28.734720000000017 8.000000000000005
vertex -25.999786666666683 -28.92800000000002 8.000000000000005
vertex -25.061546666666683 -29.39093333333335 8.000000000000005
endloop
endfacet
facet normal 0 0 1
outer loop
vertex -1.157973333333334 -28.734720000000017 8.000000000000005
vertex -25.061546666666683 -29.39093333333335 8.000000000000005
vertex -24.070400000000014 -29.727573333333353 8.000000000000005
endloop
endfacet
facet normal 0 0 1
outer loop
vertex -1.157973333333334 -28.734720000000017 8.000000000000005
vertex -24.070400000000014 -29.727573333333353 8.000000000000005
vertex -23.04426666666668 -29.93152000000002 8.000000000000005
endloop
endfacet
facet normal 0 0 1
outer loop
vertex -1.157973333333334 -28.734720000000017 8.000000000000005
vertex -23.04426666666668 -29.93152000000002 8.000000000000005
vertex -21.99978666666668 -29.999786666666687 8.000000000000005
endloop
endfacet
facet normal 0 0 1
outer loop
vertex -1.157973333333334 -28.734720000000017 8.000000000000005
vertex -21.99978666666668 -29.999786666666687 8.000000000000005
vertex 21.99978666666668 -29.999786666666687 8.000000000000005
endloop
endfacet
facet normal 0 0 1
outer loop
vertex -1.157973333333334 -28.734720000000017 8.000000000000005
vertex 21.99978666666668 -29.999786666666687 8.000000000000005
vertex 23.04426666666668 -29.93152000000002 8.000000000000005
endloop
endfacet
facet normal 0 0 0.9999999999999999
outer loop
vertex -1.157973333333334 -28.734720000000017 8.000000000000005
vertex 23.04426666666668 -29.93152000000002 8.000000000000005
vertex 24.070400000000014 -29.727573333333353 8.000000000000005
endloop
endfacet
facet normal 0 0 1
outer loop
vertex -1.157973333333334 -28.734720000000017 8.000000000000005
vertex 24.070400000000014 -29.727573333333353 8.000000000000005
vertex 25.061546666666683 -29.39093333333335 8.000000000000005
endloop
endfacet
facet normal 0 0 1
outer loop
vertex -1.157973333333334 -28.734720000000017 8.000000000000005
vertex 25.061546666666683 -29.39093333333335 8.000000000000005
vertex 25.999786666666683 -28.92800000000002 8.000000000000005
endloop
endfacet
facet normal 0 0 0.9999999999999999
outer loop
vertex -1.157973333333334 -28.734720000000017 8.000000000000005
vertex 25.999786666666683 -28.92800000000002 8.000000000000005
vertex 26.870186666666683 -28.346880000000017 8.000000000000005
endloop
endfacet
facet normal 0 0 1
outer loop
vertex -1.157973333333334 -28.734720000000017 8.000000000000005
vertex 26.870186666666683 -28.346880000000017 8.000000000000005
vertex 27.656960000000016 -27.656960000000016 8.000000000000005
endloop
endfacet
facet normal 0 0 1
outer loop
vertex -1.157973333333334 -28.734720000000017 8.000000000000005
vertex 27.656960000000016 -27.656960000000016 8.000000000000005
vertex 27.706880000000016 -27.599786666666684 8.000000000000005
endloop
endfacet
facet normal 0 0 1
outer loop
vertex -1.157973333333334 -28.734720000000017 8.000000000000005
vertex 27.706880000000016 -27.599786666666684 8.000000000000005
vertex 21.99978666666668 -27.599786666666684 8.000000000000005
endloop
endfacet
facet normal 0 0 -1
outer loop
vertex 0 0 0
vertex 21.99978666666668 29.999786666666687 0
vertex 23.04426666666668 29.93152000000002 0
endloop
endfacet
facet normal 0 0 -1
outer loop
vertex 0 0 0
vertex 23.04426666666668 29.93152000000002 0
vertex 24.070400000000014 29.727573333333353 0
endloop
endfacet
facet normal 0 0 -1
outer loop
vertex 0 0 0
vertex 24.070400000000014 29.727573333333353 0
vertex 25.061546666666683 29.39093333333335 0
endloop
endfacet
facet normal 0 0 -1
outer loop
vertex 0 0 0
vertex 25.061546666666683 29.39093333333335 0
vertex 25.999786666666683 28.92800000000002 0
endloop
endfacet
facet normal 0 0 -1
outer loop
vertex 0 0 0
vertex 25.999786666666683 28.92800000000002 0
vertex 26.870186666666683 28.346880000000017 0
endloop
endfacet
facet normal 0 0 -1
outer loop
vertex 0 0 0
vertex 26.870186666666683 28.346880000000017 0
vertex 27.656960000000016 27.656960000000016 0
endloop
endfacet
facet normal 0 0 -1
outer loop
vertex 0 0 0
vertex 27.656960000000016 27.656960000000016 0
vertex 28.346880000000017 26.870186666666683 0
endloop
endfacet
facet normal 0 0 -1
outer loop
vertex 0 0 0
vertex 28.346880000000017 26.870186666666683 0
vertex 28.92800000000002 25.999786666666683 0
endloop
endfacet
facet normal 0 0 -1
outer loop
vertex 0 0 0
vertex 28.92800000000002 25.999786666666683 0
vertex 29.39093333333335 25.061546666666683 0
endloop
endfacet
facet normal 0 0 -1
outer loop
vertex 0 0 0
vertex 29.39093333333335 25.061546666666683 0
vertex 29.727573333333353 24.070400000000014 0
endloop
endfacet
facet normal 0 0 -1
outer loop
vertex 0 0 0
vertex 29.727573333333353 24.070400000000014 0
vertex 29.93152000000002 23.04426666666668 0
endloop
endfacet
facet normal 0 0 -1
outer loop
vertex 0 0 0
vertex 29.93152000000002 23.04426666666668 0
vertex 29.999786666666687 21.99978666666668 0
endloop
endfacet
facet normal 0 0 -1
outer loop
vertex 0 0 0
vertex 29.999786666666687 21.99978666666668 0
vertex 29.999786666666687 -21.99978666666668 0
endloop
endfacet
facet normal 0 0 -1
outer loop
vertex 0 0 0
vertex 29.999786666666687 -21.99978666666668 0
vertex 29.93152000000002 -23.04426666666668 0
endloop
endfacet
facet normal 0 0 -1
outer loop
vertex 0 0 0
vertex 29.93152000000002 -23.04426666666668 0
vertex 29.727573333333353 -24.070400000000014 0
endloop
endfacet
facet normal 0 0 -1
outer loop
vertex 0 0 0
vertex 29.727573333333353 -24.070400000000014 0
vertex 29.39093333333335 -25.061546666666683 0
endloop
endfacet
facet normal 0 0 -1
outer loop
vertex 0 0 0
vertex 29.39093333333335 -25.061546666666683 0
vertex 28.92800000000002 -25.999786666666683 0
endloop
endfacet
facet normal 0 0 -1
outer loop
vertex 0 0 0
vertex 28.92800000000002 -25.999786666666683 0
vertex 28.346880000000017 -26.870186666666683 0
endloop
endfacet
facet normal 0 0 -1
outer loop
vertex 0 0 0
vertex 28.346880000000017 -26.870186666666683 0
vertex 27.656960000000016 -27.656960000000016 0
endloop
endfacet
facet normal 0 0 -1
outer loop
vertex 0 0 0
vertex 27.656960000000016 -27.656960000000016 0
vertex 26.870186666666683 -28.346880000000017 0
endloop
endfacet
facet normal 0 0 -1
outer loop
vertex 0 0 0
vertex 26.870186666666683 -28.346880000000017 0
vertex 25.999786666666683 -28.92800000000002 0
endloop
endfacet
facet normal 0 0 -1
outer loop
vertex 0 0 0
vertex 25.999786666666683 -28.92800000000002 0
vertex 25.061546666666683 -29.39093333333335 0
endloop
endfacet
facet normal 0 0 -1
outer loop
vertex 0 0 0
vertex 25.061546666666683 -29.39093333333335 0
vertex 24.070400000000014 -29.727573333333353 0
endloop
endfacet
facet normal 0 0 -1
outer loop
vertex 0 0 0
vertex 24.070400000000014 -29.727573333333353 0
vertex 23.04426666666668 -29.93152000000002 0
endloop
endfacet
facet normal 0 0 -1
outer loop
vertex 0 0 0
vertex 23.04426666666668 -29.93152000000002 0
vertex 21.99978666666668 -29.999786666666687 0
endloop
endfacet
facet normal 0 0 -1
outer loop
vertex 0 0 0
vertex 21.99978666666668 -29.999786666666687 0
vertex -21.99978666666668 -29.999786666666687 0
endloop
endfacet
facet normal 0 0 -1
outer loop
vertex 0 0 0
vertex -21.99978666666668 -29.999786666666687 0
vertex -23.04426666666668 -29.93152000000002 0
endloop
endfacet
facet normal 0 0 -1
outer loop
vertex 0 0 0
vertex -23.04426666666668 -29.93152000000002 0
vertex -24.070400000000014 -29.727573333333353 0
endloop
endfacet
facet normal 0 0 -1
outer loop
vertex 0 0 0
vertex -24.070400000000014 -29.727573333333353 0
vertex -25.061546666666683 -29.39093333333335 0
endloop
endfacet
facet normal 0 0 -1
outer loop
vertex 0 0 0
vertex -25.061546666666683 -29.39093333333335 0
vertex -25.999786666666683 -28.92800000000002 0
endloop
endfacet
facet normal 0 0 -1
outer loop
vertex 0 0 0
vertex -25.999786666666683 -28.92800000000002 0
vertex -26.870186666666683 -28.346880000000017 0
endloop
endfacet
facet normal 0 0 -1
outer loop
vertex 0 0 0
vertex -26.870186666666683 -28.346880000000017 0
vertex -27.656960000000016 -27.656960000000016 0
endloop
endfacet
facet normal 0 0 -1
outer loop
vertex 0 0 0
vertex -27.656960000000016 -27.656960000000016 0
vertex -28.346880000000017 -26.870186666666683 0
endloop
endfacet
facet normal 0 0 -1
outer loop
vertex 0 0 0
vertex -28.346880000000017 -26.870186666666683 0
vertex -28.92800000000002 -25.999786666666683 0
endloop
endfacet
facet normal 0 0 -1
outer loop
vertex 0 0 0
vertex -28.92800000000002 -25.999786666666683 0
vertex -29.39093333333335 -25.061546666666683 0
endloop
endfacet
facet normal 0 0 -1
outer loop
vertex 0 0 0
vertex -29.39093333333335 -25.061546666666683 0
vertex -29.727573333333353 -24.070400000000014 0
endloop
endfacet
facet normal 0 0 -1
outer loop
vertex 0 0 0
vertex -29.727573333333353 -24.070400000000014 0
vertex -29.93152000000002 -23.04426666666668 0
endloop
endfacet
facet normal 0 0 -1
outer loop
vertex 0 0 0
vertex -29.93152000000002 -23.04426666666668 0
vertex -29.999786666666687 -21.99978666666668 0
endloop
endfacet
facet normal 0 0 -1
outer loop
vertex 0 0 0
vertex -29.999786666666687 -21.99978666666668 0
vertex -29.999786666666687 21.99978666666668 0
endloop
endfacet
facet normal 0 0 -1
outer loop
vertex 0 0 0
vertex -29.999786666666687 21.99978666666668 0
vertex -29.93152000000002 23.04426666666668 0
endloop
endfacet
facet normal 0 0 -1
outer loop
vertex 0 0 0
vertex -29.93152000000002 23.04426666666668 0
vertex -29.727573333333353 24.070400000000014 0
endloop
endfacet
facet normal 0 0 -1
outer loop
vertex 0 0 0
vertex -29.727573333333353 24.070400000000014 0
vertex -29.39093333333335 25.061546666666683 0
endloop
endfacet
facet normal 0 0 -1
outer loop
vertex 0 0 0
vertex -29.39093333333335 25.061546666666683 0
vertex -28.92800000000002 25.999786666666683 0
endloop
endfacet
facet normal 0 0 -1
outer loop
vertex 0 0 0
vertex -28.92800000000002 25.999786666666683 0
vertex -28.346880000000017 26.870186666666683 0
endloop
endfacet
facet normal 0 0 -1
outer loop
vertex 0 0 0
vertex -28.346880000000017 26.870186666666683 0
vertex -27.656960000000016 27.656960000000016 0
endloop
endfacet
facet normal 0 0 -1
outer loop
vertex 0 0 0
vertex -27.656960000000016 27.656960000000016 0
vertex -26.870186666666683 28.346880000000017 0
endloop
endfacet
facet normal 0 0 -1
outer loop
vertex 0 0 0
vertex -26.870186666666683 28.346880000000017 0
vertex -25.999786666666683 28.92800000000002 0
endloop
endfacet
facet normal 0 0 -1
outer loop
vertex 0 0 0
vertex -25.999786666666683 28.92800000000002 0
vertex -25.061546666666683 29.39093333333335 0
endloop
endfacet
facet normal 0 0 -1
outer loop
vertex 0 0 0
vertex -25.061546666666683 29.39093333333335 0
vertex -24.070400000000014 29.727573333333353 0
endloop
endfacet
facet normal 0 0 -1
outer loop
vertex 0 0 0
vertex -24.070400000000014 29.727573333333353 0
vertex -23.04426666666668 29.93152000000002 0
endloop
endfacet
facet normal 0 0 -1
outer loop
vertex 0 0 0
vertex -23.04426666666668 29.93152000000002 0
vertex -21.99978666666668 29.999786666666687 0
endloop
endfacet
facet normal 0 0 -1
outer loop
vertex 0 0 0
vertex -21.99978666666668 29.999786666666687 0
vertex 21.99978666666668 29.999786666666687 0
endloop
endfacet
facet normal 0 0 0.9999999999999999
outer loop
vertex 0 25.89909333333335 1.999786666666668
vertex -21.99978666666668 27.599786666666684 1.999786666666668
vertex -22.731093333333348 27.552000000000017 1.999786666666668
endloop
endfacet
facet normal 0 0 1
outer loop
vertex 0 25.89909333333335 1.999786666666668
vertex -22.731093333333348 27.552000000000017 1.999786666666668
vertex -23.44917333333335 27.409066666666686 1.999786666666668
endloop
endfacet
facet normal 0 0 1
outer loop
vertex 0 25.89909333333335 1.999786666666668
vertex -23.44917333333335 27.409066666666686 1.999786666666668
vertex -24.14293333333335 27.173546666666685 1.999786666666668
endloop
endfacet
facet normal 0 0 1
outer loop
vertex 0 25.89909333333335 1.999786666666668
vertex -24.14293333333335 27.173546666666685 1.999786666666668
vertex -24.800000000000015 26.849706666666684 1.999786666666668
endloop
endfacet
facet normal 0 0 1
outer loop
vertex 0 25.89909333333335 1.999786666666668
vertex -24.800000000000015 26.849706666666684 1.999786666666668
vertex -25.40885333333335 26.442666666666682 1.999786666666668
endloop
endfacet
facet normal 0 0 1
outer loop
vertex 0 25.89909333333335 1.999786666666668
vertex -25.40885333333335 26.442666666666682 1.999786666666668
vertex -25.959680000000017 25.959680000000017 1.999786666666668
endloop
endfacet
facet normal 0 0 1
outer loop
vertex 0 25.89909333333335 1.999786666666668
vertex -25.959680000000017 25.959680000000017 1.999786666666668
vertex -26.442666666666682 25.40885333333335 1.999786666666668
endloop
endfacet
facet normal 0 0 1
outer loop
vertex 0 25.89909333333335 1.999786666666668
vertex -26.442666666666682 25.40885333333335 1.999786666666668
vertex -26.849706666666684 24.800000000000015 1.999786666666668
endloop
endfacet
facet normal 0 0 1
outer loop
vertex 0 25.89909333333335 1.999786666666668
vertex -26.849706666666684 24.800000000000015 1.999786666666668
vertex -27.173546666666685 24.14293333333335 1.999786666666668
endloop
endfacet
facet normal 0 0 1
outer loop
vertex 0 25.89909333333335 1.999786666666668
vertex -27.173546666666685 24.14293333333335 1.999786666666668
vertex -27.315626666666684 23.724800000000016 1.999786666666668
endloop
endfacet
facet normal 0 0 0.9999999999999999
outer loop
vertex 0 25.89909333333335 1.999786666666668
vertex -27.315626666666684 23.724800000000016 1.999786666666668
vertex -21.99978666666668 23.724800000000016 1.999786666666668
endloop
endfacet
facet normal 0 0 0.9999999999999999
outer loop
vertex 0 25.89909333333335 1.999786666666668
vertex -21.99978666666668 23.724800000000016 1.999786666666668
vertex 21.99978666666668 23.724800000000016 1.999786666666668
endloop
endfacet
facet normal 0 0 0.9999999999999999
outer loop
vertex 0 25.89909333333335 1.999786666666668
vertex 21.99978666666668 23.724800000000016 1.999786666666668
vertex 27.315626666666684 23.724800000000016 1.999786666666668
endloop
endfacet
facet normal 0 0 1
outer loop
vertex 0 25.89909333333335 1.999786666666668
vertex 27.315626666666684 23.724800000000016 1.999786666666668
vertex 27.173546666666685 24.14293333333335 1.999786666666668
endloop
endfacet
facet normal 0 0 1
outer loop
vertex 0 25.89909333333335 1.999786666666668
vertex 27.173546666666685 24.14293333333335 1.999786666666668
vertex 26.849706666666684 24.800000000000015 1.999786666666668
endloop
endfacet
facet normal 0 0 1
outer loop
vertex 0 25.89909333333335 1.999786666666668
vertex 26.849706666666684 24.800000000000015 1.999786666666668
vertex 26.442666666666682 25.40885333333335 1.999786666666668
endloop
endfacet
facet normal 0 0 1
outer loop
vertex 0 25.89909333333335 1.999786666666668
vertex 26.442666666666682 25.40885333333335 1.999786666666668
vertex 25.959680000000017 25.959680000000017 1.999786666666668
endloop
endfacet
facet normal 0 0 1
outer loop
vertex 0 25.89909333333335 1.999786666666668
vertex 25.959680000000017 25.959680000000017 1.999786666666668
vertex 25.40885333333335 26.442666666666682 1.999786666666668
endloop
endfacet
facet normal 0 0 1
outer loop
vertex 0 25.89909333333335 1.999786666666668
vertex 25.40885333333335 26.442666666666682 1.999786666666668
vertex 24.800000000000015 26.849706666666684 1.999786666666668
endloop
endfacet
facet normal 0 0 1
outer loop
vertex 0 25.89909333333335 1.999786666666668
vertex 24.800000000000015 26.849706666666684 1.999786666666668
vertex 24.14293333333335 27.173546666666685 1.999786666666668
endloop
endfacet
facet normal 0 0 1
outer loop
vertex 0 25.89909333333335 1.999786666666668
vertex 24.14293333333335 27.173546666666685 1.999786666666668
vertex 23.44917333333335 27.409066666666686 1.999786666666668
endloop
endfacet
facet normal 0 0 1
outer loop
vertex 0 25.89909333333335 1.999786666666668
vertex 23.44917333333335 27.409066666666686 1.999786666666668
vertex 22.731093333333348 27.552000000000017 1.999786666666668
endloop
endfacet
facet normal 0 0 0.9999999999999999
outer loop
vertex 0 25.89909333333335 1.999786666666668
vertex 22.731093333333348 27.552000000000017 1.999786666666668
vertex 21.99978666666668 27.599786666666684 1.999786666666668
endloop
endfacet
facet normal 0 0 1
outer loop
vertex 0 25.89909333333335 1.999786666666668
vertex 21.99978666666668 27.599786666666684 1.999786666666668
vertex -21.99978666666668 27.599786666666684 1.999786666666668
endloop
endfacet
facet normal 0 0 1
outer loop
vertex 21.99978666666668 23.724800000000016 1.999786666666668
vertex 22.299733333333347 23.69877333333335 1.999786666666668
vertex 27.324586666666683 23.69877333333335 1.999786666666668
endloop
endfacet
facet normal 0 0 1
outer loop
vertex 21.99978666666668 23.724800000000016 1.999786666666668
vertex 27.324586666666683 23.69877333333335 1.999786666666668
vertex 27.315626666666684 23.724800000000016 1.999786666666668
endloop
endfacet
facet normal 0 0 1
outer loop
vertex -21.99978666666668 23.724800000000016 1.999786666666668
vertex -21.700266666666682 23.69877333333335 1.999786666666668
vertex 21.700266666666682 23.69877333333335 1.999786666666668
endloop
endfacet
facet normal 0 0 1
outer loop
vertex -21.99978666666668 23.724800000000016 1.999786666666668
vertex 21.700266666666682 23.69877333333335 1.999786666666668
vertex 21.99978666666668 23.724800000000016 1.999786666666668
endloop
endfacet
facet normal 0 0 1
outer loop
vertex -27.315626666666684 23.724800000000016 1.999786666666668
vertex -27.324586666666683 23.69877333333335 1.999786666666668
vertex -22.299733333333347 23.69877333333335 1.999786666666668
endloop
endfacet
facet normal 0 0 1
outer loop
vertex -27.315626666666684 23.724800000000016 1.999786666666668
vertex -22.299733333333347 23.69877333333335 1.999786666666668
vertex -21.99978666666668 23.724800000000016 1.999786666666668
endloop
endfacet
facet normal 0 0 1
outer loop
vertex 22.299733333333347 23.69877333333335 1.999786666666668
vertex 22.58986666666668 23.621120000000015 1.999786666666668
vertex 27.35104000000002 23.621120000000015 1.999786666666668
endloop
endfacet
facet normal 0 0 1
outer loop
vertex 22.299733333333347 23.69877333333335 1.999786666666668
vertex 27.35104000000002 23.621120000000015 1.999786666666668
vertex 27.324586666666683 23.69877333333335 1.999786666666668
endloop
endfacet
facet normal 0 0 1
outer loop
vertex -21.700266666666682 23.69877333333335 1.999786666666668
vertex -21.41013333333335 23.621120000000015 1.999786666666668
vertex 21.41013333333335 23.621120000000015 1.999786666666668
endloop
endfacet
facet normal 0 0 0.9999999999999999
outer loop
vertex -21.700266666666682 23.69877333333335 1.999786666666668
vertex 21.41013333333335 23.621120000000015 1.999786666666668
vertex 21.700266666666682 23.69877333333335 1.999786666666668
endloop
endfacet
facet normal 0 0 1
outer loop
vertex -27.324586666666683 23.69877333333335 1.999786666666668
vertex -27.35104000000002 23.621120000000015 1.999786666666668
vertex -22.58986666666668 23.621120000000015 1.999786666666668
endloop
endfacet
facet normal 0 0 1
outer loop
vertex -27.324586666666683 23.69877333333335 1.999786666666668
vertex -22.58986666666668 23.621120000000015 1.999786666666668
vertex -22.299733333333347 23.69877333333335 1.999786666666668
endloop
endfacet
facet normal 0 0 1
outer loop
vertex 22.58986666666668 23.621120000000015 1.999786666666668
vertex 22.862506666666683 23.493973333333347 1.999786666666668
vertex 27.39413333333335 23.493973333333347 1.999786666666668
endloop
endfacet
facet normal 0 0 1
outer loop
vertex 22.58986666666668 23.621120000000015 1.999786666666668
vertex 27.39413333333335 23.493973333333347 1.999786666666668
vertex 27.35104000000002 23.621120000000015 1.999786666666668
endloop
endfacet
facet normal 0 0 1
outer loop
vertex -21.41013333333335 23.621120000000015 1.999786666666668
vertex -21.137493333333346 23.493973333333347 1.999786666666668
vertex 21.137493333333346 23.493973333333347 1.999786666666668
endloop
endfacet
facet normal 0 0 1
outer loop
vertex -21.41013333333335 23.621120000000015 1.999786666666668
vertex 21.137493333333346 23.493973333333347 1.999786666666668
vertex 21.41013333333335 23.621120000000015 1.999786666666668
endloop
endfacet
facet normal 0 0 1
outer loop
vertex -27.35104000000002 23.621120000000015 1.999786666666668
vertex -27.39413333333335 23.493973333333347 1.999786666666668
vertex -22.862506666666683 23.493973333333347 1.999786666666668
endloop
endfacet
facet normal 0 0 1
outer loop
vertex -27.35104000000002 23.621120000000015 1.999786666666668
vertex -22.862506666666683 23.493973333333347 1.999786666666668
vertex -22.58986666666668 23.621120000000015 1.999786666666668
endloop
endfacet
facet normal 0 0 0.9999999999999999
outer loop
vertex 25.64181333333335 23.415893333333347 1.999786666666668
vertex 22.862506666666683 23.493973333333347 1.999786666666668
vertex 23.10869333333335 23.321600000000014 1.999786666666668
endloop
endfacet
facet normal 0 0 0.9999999999999999
outer loop
vertex 25.64181333333335 23.415893333333347 1.999786666666668
vertex 23.10869333333335 23.321600000000014 1.999786666666668
vertex 27.434666666666683 23.321600000000014 1.999786666666668
endloop
endfacet
facet normal 0 0 1
outer loop
vertex 25.64181333333335 23.415893333333347 1.999786666666668
vertex 27.434666666666683 23.321600000000014 1.999786666666668
vertex 27.409066666666686 23.44917333333335 1.999786666666668
endloop
endfacet
facet normal 0 0 1
outer loop
vertex 25.64181333333335 23.415893333333347 1.999786666666668
vertex 27.409066666666686 23.44917333333335 1.999786666666668
vertex 27.39413333333335 23.493973333333347 1.999786666666668
endloop
endfacet
facet normal 0 0 1
outer loop
vertex 25.64181333333335 23.415893333333347 1.999786666666668
vertex 27.39413333333335 23.493973333333347 1.999786666666668
vertex 22.862506666666683 23.493973333333347 1.999786666666668
endloop
endfacet
facet normal 0 0 1
outer loop
vertex -21.137493333333346 23.493973333333347 1.999786666666668
vertex -20.89130666666668 23.321600000000014 1.999786666666668
vertex 20.89130666666668 23.321600000000014 1.999786666666668
endloop
endfacet
facet normal 0 0 1
outer loop
vertex -21.137493333333346 23.493973333333347 1.999786666666668
vertex 20.89130666666668 23.321600000000014 1.999786666666668
vertex 21.137493333333346 23.493973333333347 1.999786666666668
endloop
endfacet
facet normal 0 0 1
outer loop
vertex -25.64181333333335 23.415893333333347 1.999786666666668
vertex -27.39413333333335 23.493973333333347 1.999786666666668
vertex -27.409066666666686 23.44917333333335 1.999786666666668
endloop
endfacet
facet normal 0 0 1
outer loop
vertex -25.64181333333335 23.415893333333347 1.999786666666668
vertex -27.409066666666686 23.44917333333335 1.999786666666668
vertex -27.434666666666683 23.321600000000014 1.999786666666668
endloop
endfacet
facet normal 0 0 0.9999999999999999
outer loop
vertex -25.64181333333335 23.415893333333347 1.999786666666668
vertex -27.434666666666683 23.321600000000014 1.999786666666668
vertex -23.10869333333335 23.321600000000014 1.999786666666668
endloop
endfacet
facet normal 0 0 0.9999999999999999
outer loop
vertex -25.64181333333335 23.415893333333347 1.999786666666668
vertex -23.10869333333335 23.321600000000014 1.999786666666668
vertex -22.862506666666683 23.493973333333347 1.999786666666668
endloop
endfacet
facet normal 0 0 1
outer loop
vertex -25.64181333333335 23.415893333333347 1.999786666666668
vertex -22.862506666666683 23.493973333333347 1.999786666666668
vertex -27.39413333333335 23.493973333333347 1.999786666666668
endloop
endfacet
facet normal 0 0 1
outer loop
vertex 23.10869333333335 23.321600000000014 1.999786666666668
vertex 23.321600000000014 23.10869333333335 1.999786666666668
vertex 27.476906666666682 23.10869333333335 1.999786666666668
endloop
endfacet
facet normal 0 0 1
outer loop
vertex 23.10869333333335 23.321600000000014 1.999786666666668
vertex 27.476906666666682 23.10869333333335 1.999786666666668
vertex 27.434666666666683 23.321600000000014 1.999786666666668
endloop
endfacet
facet normal 0 0 1
outer loop
vertex -20.89130666666668 23.321600000000014 1.999786666666668
vertex -20.678400000000014 23.10869333333335 1.999786666666668
vertex 20.678400000000014 23.10869333333335 1.999786666666668
endloop
endfacet
facet normal 0 0 1
outer loop
vertex -20.89130666666668 23.321600000000014 1.999786666666668
vertex 20.678400000000014 23.10869333333335 1.999786666666668
vertex 20.89130666666668 23.321600000000014 1.999786666666668
endloop
endfacet
facet normal 0 0 1
outer loop
vertex -27.434666666666683 23.321600000000014 1.999786666666668
vertex -27.476906666666682 23.10869333333335 1.999786666666668
vertex -23.321600000000014 23.10869333333335 1.999786666666668
endloop
endfacet
facet normal 0 0 1
outer loop
vertex -27.434666666666683 23.321600000000014 1.999786666666668
vertex -23.321600000000014 23.10869333333335 1.999786666666668
vertex -23.10869333333335 23.321600000000014 1.999786666666668
endloop
endfacet
facet normal 0 0 1
outer loop
vertex 23.321600000000014 23.10869333333335 1.999786666666668
vertex 23.493973333333347 22.862506666666683 1.999786666666668
vertex 27.52597333333335 22.862506666666683 1.999786666666668
endloop
endfacet
facet normal 0 0 1
outer loop
vertex 23.321600000000014 23.10869333333335 1.999786666666668
vertex 27.52597333333335 22.862506666666683 1.999786666666668
vertex 27.476906666666682 23.10869333333335 1.999786666666668
endloop
endfacet
facet normal 0 0 1
outer loop
vertex -20.678400000000014 23.10869333333335 1.999786666666668
vertex -20.50602666666668 22.862506666666683 1.999786666666668
vertex 20.50602666666668 22.862506666666683 1.999786666666668
endloop
endfacet
facet normal 0 0 1
outer loop
vertex -20.678400000000014 23.10869333333335 1.999786666666668
vertex 20.50602666666668 22.862506666666683 1.999786666666668
vertex 20.678400000000014 23.10869333333335 1.999786666666668
endloop
endfacet
facet normal 0 0 1
outer loop
vertex -27.476906666666682 23.10869333333335 1.999786666666668
vertex -27.52597333333335 22.862506666666683 1.999786666666668
vertex -23.493973333333347 22.862506666666683 1.999786666666668
endloop
endfacet
facet normal 0 0 1
outer loop
vertex -27.476906666666682 23.10869333333335 1.999786666666668
vertex -23.493973333333347 22.862506666666683 1.999786666666668
vertex -23.321600000000014 23.10869333333335 1.999786666666668
endloop
endfacet
facet normal 0 0 1
outer loop
vertex 25.950720000000015 22.727253333333348 1.999786666666668
vertex 23.493973333333347 22.862506666666683 1.999786666666668
vertex 23.621120000000015 22.58986666666668 1.999786666666668
endloop
endfacet
facet normal 0 0 1
outer loop
vertex 25.950720000000015 22.727253333333348 1.999786666666668
vertex 23.621120000000015 22.58986666666668 1.999786666666668
vertex 27.561386666666685 22.58986666666668 1.999786666666668
endloop
endfacet
facet normal 0 0 1
outer loop
vertex 25.950720000000015 22.727253333333348 1.999786666666668
vertex 27.561386666666685 22.58986666666668 1.999786666666668
vertex 27.552000000000017 22.731093333333348 1.999786666666668
endloop
endfacet
facet normal 0 0 1
outer loop
vertex 25.950720000000015 22.727253333333348 1.999786666666668
vertex 27.552000000000017 22.731093333333348 1.999786666666668
vertex 27.52597333333335 22.862506666666683 1.999786666666668
endloop
endfacet
facet normal 0 0 1
outer loop
vertex 25.950720000000015 22.727253333333348 1.999786666666668
vertex 27.52597333333335 22.862506666666683 1.999786666666668
vertex 23.493973333333347 22.862506666666683 1.999786666666668
endloop
endfacet
facet normal 0 0 1
outer loop
vertex -20.50602666666668 22.862506666666683 1.999786666666668
vertex -20.378880000000013 22.58986666666668 1.999786666666668
vertex 20.378880000000013 22.58986666666668 1.999786666666668
endloop
endfacet
facet normal 0 0 1
outer loop
vertex -20.50602666666668 22.862506666666683 1.999786666666668
vertex 20.378880000000013 22.58986666666668 1.999786666666668
vertex 20.50602666666668 22.862506666666683 1.999786666666668
endloop
endfacet
facet normal 0 0 1
outer loop
vertex -25.950720000000015 22.727253333333348 1.999786666666668
vertex -27.52597333333335 22.862506666666683 1.999786666666668
vertex -27.552000000000017 22.731093333333348 1.999786666666668
endloop
endfacet
facet normal 0 0 1
outer loop
vertex -25.950720000000015 22.727253333333348 1.999786666666668
vertex -27.552000000000017 22.731093333333348 1.999786666666668
vertex -27.561386666666685 22.58986666666668 1.999786666666668
endloop
endfacet
facet normal 0 0 1
outer loop
vertex -25.950720000000015 22.727253333333348 1.999786666666668
vertex -27.561386666666685 22.58986666666668 1.999786666666668
vertex -23.621120000000015 22.58986666666668 1.999786666666668
endloop
endfacet
facet normal 0 0 1
outer loop
vertex -25.950720000000015 22.727253333333348 1.999786666666668
vertex -23.621120000000015 22.58986666666668 1.999786666666668
vertex -23.493973333333347 22.862506666666683 1.999786666666668
endloop
endfacet
facet normal 0 0 1
outer loop
vertex -25.950720000000015 22.727253333333348 1.999786666666668
vertex -23.493973333333347 22.862506666666683 1.999786666666668
vertex -27.52597333333335 22.862506666666683 1.999786666666668
endloop
endfacet
facet normal 0 0 1
outer loop
vertex 23.621120000000015 22.58986666666668 1.999786666666668
vertex 23.69877333333335 22.299733333333347 1.999786666666668
vertex 27.580160000000017 22.299733333333347 1.999786666666668
endloop
endfacet
facet normal 0 0 1
outer loop
vertex 23.621120000000015 22.58986666666668 1.999786666666668
vertex 27.580160000000017 22.299733333333347 1.999786666666668
vertex 27.561386666666685 22.58986666666668 1.999786666666668
endloop
endfacet
facet normal 0 0 1
outer loop
vertex -20.378880000000013 22.58986666666668 1.999786666666668
vertex -20.30122666666668 22.299733333333347 1.999786666666668
vertex 20.30122666666668 22.299733333333347 1.999786666666668
endloop
endfacet
facet normal 0 0 1
outer loop
vertex -20.378880000000013 22.58986666666668 1.999786666666668
vertex 20.30122666666668 22.299733333333347 1.999786666666668
vertex 20.378880000000013 22.58986666666668 1.999786666666668
endloop
endfacet
facet normal 0 0 1
outer loop
vertex -27.561386666666685 22.58986666666668 1.999786666666668
vertex -27.580160000000017 22.299733333333347 1.999786666666668
vertex -23.69877333333335 22.299733333333347 1.999786666666668
endloop
endfacet
facet normal 0 0 1
outer loop
vertex -27.561386666666685 22.58986666666668 1.999786666666668
vertex -23.69877333333335 22.299733333333347 1.999786666666668
vertex -23.621120000000015 22.58986666666668 1.999786666666668
endloop
endfacet
facet normal 0 0 0.9999999999999999
outer loop
vertex 23.69877333333335 22.299733333333347 1.999786666666668
vertex 23.724800000000016 21.99978666666668 1.999786666666668
vertex 27.599786666666684 21.99978666666668 1.999786666666668
endloop
endfacet
facet normal 0 0 1
outer loop
vertex 23.69877333333335 22.299733333333347 1.999786666666668
vertex 27.599786666666684 21.99978666666668 1.999786666666668
vertex 27.580160000000017 22.299733333333347 1.999786666666668
endloop
endfacet
facet normal 0 0 0.9999999999999999
outer loop
vertex -20.30122666666668 22.299733333333347 1.999786666666668
vertex -20.275200000000012 21.99978666666668 1.999786666666668
vertex 20.275200000000012 21.99978666666668 1.999786666666668
endloop
endfacet
facet normal 0 0 1
outer loop
vertex -20.30122666666668 22.299733333333347 1.999786666666668
vertex 20.275200000000012 21.99978666666668 1.999786666666668
vertex 20.30122666666668 22.299733333333347 1.999786666666668
endloop
endfacet
facet normal 0 0 1
outer loop
vertex -27.580160000000017 22.299733333333347 1.999786666666668
vertex -27.599786666666684 21.99978666666668 1.999786666666668
vertex -23.724800000000016 21.99978666666668 1.999786666666668
endloop
endfacet
facet normal 0 0 1
outer loop
vertex -27.580160000000017 22.299733333333347 1.999786666666668
vertex -23.724800000000016 21.99978666666668 1.999786666666668
vertex -23.69877333333335 22.299733333333347 1.999786666666668
endloop
endfacet
facet normal 0 0 1
outer loop
vertex 23.724800000000016 21.99978666666668 1.999786666666668
vertex 23.69877333333335 21.700266666666682 1.999786666666668
vertex 27.599786666666684 21.700266666666682 1.999786666666668
endloop
endfacet
facet normal 0 0 1
outer loop
vertex 23.724800000000016 21.99978666666668 1.999786666666668
vertex 27.599786666666684 21.700266666666682 1.999786666666668
vertex 27.599786666666684 21.99978666666668 1.999786666666668
endloop
endfacet
facet normal 0 0 1
outer loop
vertex -20.275200000000012 21.99978666666668 1.999786666666668
vertex -20.30122666666668 21.700266666666682 1.999786666666668
vertex 20.30122666666668 21.700266666666682 1.999786666666668
endloop
endfacet
facet normal 0 0 0.9999999999999999
outer loop
vertex -20.275200000000012 21.99978666666668 1.999786666666668
vertex 20.30122666666668 21.700266666666682 1.999786666666668
vertex 20.275200000000012 21.99978666666668 1.999786666666668
endloop
endfacet
facet normal 0 0 1
outer loop
vertex -27.599786666666684 21.99978666666668 1.999786666666668
vertex -27.599786666666684 21.700266666666682 1.999786666666668
vertex -23.69877333333335 21.700266666666682 1.999786666666668
endloop
endfacet
facet normal 0 0 1
outer loop
vertex -27.599786666666684 21.99978666666668 1.999786666666668
vertex -23.69877333333335 21.700266666666682 1.999786666666668
vertex -23.724800000000016 21.99978666666668 1.999786666666668
endloop
endfacet
facet normal 0 0 1
outer loop
vertex 23.69877333333335 21.700266666666682 1.999786666666668
vertex 23.621120000000015 21.41013333333335 1.999786666666668
vertex 27.599786666666684 21.41013333333335 1.999786666666668
endloop
endfacet
facet normal 0 0 1
outer loop
vertex 23.69877333333335 21.700266666666682 1.999786666666668
vertex 27.599786666666684 21.41013333333335 1.999786666666668
vertex 27.599786666666684 21.700266666666682 1.999786666666668
endloop
endfacet
facet normal 0 0 1
outer loop
vertex -20.30122666666668 21.700266666666682 1.999786666666668
vertex -20.378880000000013 21.41013333333335 1.999786666666668
vertex 20.378880000000013 21.41013333333335 1.999786666666668
endloop
endfacet
facet normal 0 0 0.9999999999999999
outer loop
vertex -20.30122666666668 21.700266666666682 1.999786666666668
vertex 20.378880000000013 21.41013333333335 1.999786666666668
vertex 20.30122666666668 21.700266666666682 1.999786666666668
endloop
endfacet
facet normal 0 0 1
outer loop
vertex -27.599786666666684 21.700266666666682 1.999786666666668
vertex -27.599786666666684 21.41013333333335 1.999786666666668
vertex -23.621120000000015 21.41013333333335 1.999786666666668
endloop
endfacet
facet normal 0 0 1
outer loop
vertex -27.599786666666684 21.700266666666682 1.999786666666668
vertex -23.621120000000015 21.41013333333335 1.999786666666668
vertex -23.69877333333335 21.700266666666682 1.999786666666668
endloop
endfacet
facet normal 0 0 1
outer loop
vertex 23.621120000000015 21.41013333333335 1.999786666666668
vertex 23.493973333333347 21.137493333333346 1.999786666666668
vertex 27.599786666666684 21.137493333333346 1.999786666666668
endloop
endfacet
facet normal 0 0 1
outer loop
vertex 23.621120000000015 21.41013333333335 1.999786666666668
vertex 27.599786666666684 21.137493333333346 1.999786666666668
vertex 27.599786666666684 21.41013333333335 1.999786666666668
endloop
endfacet
facet normal 0 0 1
outer loop
vertex -20.378880000000013 21.41013333333335 1.999786666666668
vertex -20.50602666666668 21.137493333333346 1.999786666666668
vertex 20.50602666666668 21.137493333333346 1.999786666666668
endloop
endfacet
facet normal 0 0 1
outer loop
vertex -20.378880000000013 21.41013333333335 1.999786666666668
vertex 20.50602666666668 21.137493333333346 1.999786666666668
vertex 20.378880000000013 21.41013333333335 1.999786666666668
endloop
endfacet
facet normal 0 0 1
outer loop
vertex -27.599786666666684 21.41013333333335 1.999786666666668
vertex -27.599786666666684 21.137493333333346 1.999786666666668
vertex -23.493973333333347 21.137493333333346 1.999786666666668
endloop
endfacet
facet normal 0 0 1
outer loop
vertex -27.599786666666684 21.41013333333335 1.999786666666668
vertex -23.493973333333347 21.137493333333346 1.999786666666668
vertex -23.621120000000015 21.41013333333335 1.999786666666668
endloop
endfacet
facet normal 0 0 1
outer loop
vertex 23.493973333333347 21.137493333333346 1.999786666666668
vertex 23.321600000000014 20.89130666666668 1.999786666666668
vertex 27.599786666666684 20.89130666666668 1.999786666666668
endloop
endfacet
facet normal 0 0 1
outer loop
vertex 23.493973333333347 21.137493333333346 1.999786666666668
vertex 27.599786666666684 20.89130666666668 1.999786666666668
vertex 27.599786666666684 21.137493333333346 1.999786666666668
endloop
endfacet
facet normal 0 0 1
outer loop
vertex -20.50602666666668 21.137493333333346 1.999786666666668
vertex -20.678400000000014 20.89130666666668 1.999786666666668
vertex 20.678400000000014 20.89130666666668 1.999786666666668
endloop
endfacet
facet normal 0 0 1
outer loop
vertex -20.50602666666668 21.137493333333346 1.999786666666668
vertex 20.678400000000014 20.89130666666668 1.999786666666668
vertex 20.50602666666668 21.137493333333346 1.999786666666668
endloop
endfacet
facet normal 0 0 1
outer loop
vertex -27.599786666666684 21.137493333333346 1.999786666666668
vertex -27.599786666666684 20.89130666666668 1.999786666666668
vertex -23.321600000000014 20.89130666666668 1.999786666666668
endloop
endfacet
facet normal 0 0 1
outer loop
vertex -27.599786666666684 21.137493333333346 1.999786666666668
vertex -23.321600000000014 20.89130666666668 1.999786666666668
vertex -23.493973333333347 21.137493333333346 1.999786666666668
endloop
endfacet
facet normal 0 0 1
outer loop
vertex 23.321600000000014 20.89130666666668 1.999786666666668
vertex 23.10869333333335 20.678400000000014 1.999786666666668
vertex 27.599786666666684 20.678400000000014 1.999786666666668
endloop
endfacet
facet normal 0 0 1
outer loop
vertex 23.321600000000014 20.89130666666668 1.999786666666668
vertex 27.599786666666684 20.678400000000014 1.999786666666668
vertex 27.599786666666684 20.89130666666668 1.999786666666668
endloop
endfacet
facet normal 0 0 1
outer loop
vertex -20.678400000000014 20.89130666666668 1.999786666666668
vertex -20.89130666666668 20.678400000000014 1.999786666666668
vertex 20.89130666666668 20.678400000000014 1.999786666666668
endloop
endfacet
facet normal 0 0 1
outer loop
vertex -20.678400000000014 20.89130666666668 1.999786666666668
vertex 20.89130666666668 20.678400000000014 1.999786666666668
vertex 20.678400000000014 20.89130666666668 1.999786666666668
endloop
endfacet
facet normal 0 0 1
outer loop
vertex -27.599786666666684 20.89130666666668 1.999786666666668
vertex -27.599786666666684 20.678400000000014 1.999786666666668
vertex -23.10869333333335 20.678400000000014 1.999786666666668
endloop
endfacet
facet normal 0 0 1
outer loop
vertex -27.599786666666684 20.89130666666668 1.999786666666668
vertex -23.10869333333335 20.678400000000014 1.999786666666668
vertex -23.321600000000014 20.89130666666668 1.999786666666668
endloop
endfacet
facet normal 0 0 1
outer loop
vertex 23.10869333333335 20.678400000000014 1.999786666666668
vertex 22.862506666666683 20.50602666666668 1.999786666666668
vertex 27.599786666666684 20.50602666666668 1.999786666666668
endloop
endfacet
facet normal 0 0 1
outer loop
vertex 23.10869333333335 20.678400000000014 1.999786666666668
vertex 27.599786666666684 20.50602666666668 1.999786666666668
vertex 27.599786666666684 20.678400000000014 1.999786666666668
endloop
endfacet
facet normal 0 0 1
outer loop
vertex -20.89130666666668 20.678400000000014 1.999786666666668
vertex -21.137493333333346 20.50602666666668 1.999786666666668
vertex 21.137493333333346 20.50602666666668 1.999786666666668
endloop
endfacet
facet normal 0 0 1
outer loop
vertex -20.89130666666668 20.678400000000014 1.999786666666668
vertex 21.137493333333346 20.50602666666668 1.999786666666668
vertex 20.89130666666668 20.678400000000014 1.999786666666668
endloop
endfacet
facet normal 0 0 1
outer loop
vertex -27.599786666666684 20.678400000000014 1.999786666666668
vertex -27.599786666666684 20.50602666666668 1.999786666666668
vertex -22.862506666666683 20.50602666666668 1.999786666666668
endloop
endfacet
facet normal 0 0 1
outer loop
vertex -27.599786666666684 20.678400000000014 1.999786666666668
vertex -22.862506666666683 20.50602666666668 1.999786666666668
vertex -23.10869333333335 20.678400000000014 1.999786666666668
endloop
endfacet
facet normal 0 0 1
outer loop
vertex 22.862506666666683 20.50602666666668 1.999786666666668
vertex 22.58986666666668 20.378880000000013 1.999786666666668
vertex 27.599786666666684 20.378880000000013 1.999786666666668
endloop
endfacet
facet normal 0 0 1
outer loop
vertex 22.862506666666683 20.50602666666668 1.999786666666668
vertex 27.599786666666684 20.378880000000013 1.999786666666668
vertex 27.599786666666684 20.50602666666668 1.999786666666668
endloop
endfacet
facet normal 0 0 1
outer loop
vertex -21.137493333333346 20.50602666666668 1.999786666666668
vertex -21.41013333333335 20.378880000000013 1.999786666666668
vertex 21.41013333333335 20.378880000000013 1.999786666666668
endloop
endfacet
facet normal 0 0 1
outer loop
vertex -21.137493333333346 20.50602666666668 1.999786666666668
vertex 21.41013333333335 20.378880000000013 1.999786666666668
vertex 21.137493333333346 20.50602666666668 1.999786666666668
endloop
endfacet
facet normal 0 0 1
outer loop
vertex -27.599786666666684 20.50602666666668 1.999786666666668
vertex -27.599786666666684 20.378880000000013 1.999786666666668
vertex -22.58986666666668 20.378880000000013 1.999786666666668
endloop
endfacet
facet normal 0 0 1
outer loop
vertex -27.599786666666684 20.50602666666668 1.999786666666668
vertex -22.58986666666668 20.378880000000013 1.999786666666668
vertex -22.862506666666683 20.50602666666668 1.999786666666668
endloop
endfacet
facet normal 0 0 1
outer loop
vertex 22.58986666666668 20.378880000000013 1.999786666666668
vertex 22.299733333333347 20.30122666666668 1.999786666666668
vertex 27.599786666666684 20.30122666666668 1.999786666666668
endloop
endfacet
facet normal 0 0 1
outer loop
vertex 22.58986666666668 20.378880000000013 1.999786666666668
vertex 27.599786666666684 20.30122666666668 1.999786666666668
vertex 27.599786666666684 20.378880000000013 1.999786666666668
endloop
endfacet
facet normal 0 0 0.9999999999999999
outer loop
vertex -21.41013333333335 20.378880000000013 1.999786666666668
vertex -21.700266666666682 20.30122666666668 1.999786666666668
vertex 21.700266666666682 20.30122666666668 1.999786666666668
endloop
endfacet
facet normal 0 0 0.9999999999999999
outer loop
vertex -21.41013333333335 20.378880000000013 1.999786666666668
vertex 21.700266666666682 20.30122666666668 1.999786666666668
vertex 21.41013333333335 20.378880000000013 1.999786666666668
endloop
endfacet
facet normal 0 0 1
outer loop
vertex -27.599786666666684 20.378880000000013 1.999786666666668
vertex -27.599786666666684 20.30122666666668 1.999786666666668
vertex -22.299733333333347 20.30122666666668 1.999786666666668
endloop
endfacet
facet normal 0 0 1
outer loop
vertex -27.599786666666684 20.378880000000013 1.999786666666668
vertex -22.299733333333347 20.30122666666668 1.999786666666668
vertex -22.58986666666668 20.378880000000013 1.999786666666668
endloop
endfacet
facet normal 0 0 1
outer loop
vertex 22.299733333333347 20.30122666666668 1.999786666666668
vertex 21.99978666666668 20.275200000000012 1.999786666666668
vertex 27.599786666666684 20.275200000000012 1.999786666666668
endloop
endfacet
facet normal 0 0 1
outer loop
vertex 22.299733333333347 20.30122666666668 1.999786666666668
vertex 27.599786666666684 20.275200000000012 1.999786666666668
vertex 27.599786666666684 20.30122666666668 1.999786666666668
endloop
endfacet
facet normal 0 0 1
outer loop
vertex 4.399786666666669 20.285440000000012 1.999786666666668
vertex -21.700266666666682 20.30122666666668 1.999786666666668
vertex -22.00021333333335 20.275200000000012 1.999786666666668
endloop
endfacet
facet normal 0 0 0.9999999999999999
outer loop
vertex 4.399786666666669 20.285440000000012 1.999786666666668
vertex -22.00021333333335 20.275200000000012 1.999786666666668
vertex 21.99978666666668 20.275200000000012 1.999786666666668
endloop
endfacet
facet normal 0 0 1
outer loop
vertex 4.399786666666669 20.285440000000012 1.999786666666668
vertex 21.99978666666668 20.275200000000012 1.999786666666668
vertex 22.00021333333335 20.275200000000012 1.999786666666668
endloop
endfacet
facet normal 0 0 1
outer loop
vertex 4.399786666666669 20.285440000000012 1.999786666666668
vertex 22.00021333333335 20.275200000000012 1.999786666666668
vertex 21.700266666666682 20.30122666666668 1.999786666666668
endloop
endfacet
facet normal 0 0 1
outer loop
vertex 4.399786666666669 20.285440000000012 1.999786666666668
vertex 21.700266666666682 20.30122666666668 1.999786666666668
vertex -21.700266666666682 20.30122666666668 1.999786666666668
endloop
endfacet
facet normal 0 0 1
outer loop
vertex -27.599786666666684 20.30122666666668 1.999786666666668
vertex -27.599786666666684 20.275200000000012 1.999786666666668
vertex -22.00021333333335 20.275200000000012 1.999786666666668
endloop
endfacet
facet normal 0 0 1
outer loop
vertex -27.599786666666684 20.30122666666668 1.999786666666668
vertex -22.00021333333335 20.275200000000012 1.999786666666668
vertex -22.299733333333347 20.30122666666668 1.999786666666668
endloop
endfacet
facet normal 0 0 1
outer loop
vertex 0 17.050026666666678 1.999786666666668
vertex 21.99978666666668 20.275200000000012 1.999786666666668
vertex -22.00021333333335 20.275200000000012 1.999786666666668
endloop
endfacet
facet normal 0 0 1
outer loop
vertex 0 17.050026666666678 1.999786666666668
vertex -22.00021333333335 20.275200000000012 1.999786666666668
vertex -27.599786666666684 20.275200000000012 1.999786666666668
endloop
endfacet
facet normal 0 0 1
outer loop
vertex 0 17.050026666666678 1.999786666666668
vertex -27.599786666666684 20.275200000000012 1.999786666666668
vertex -27.599786666666684 12.750080000000008 1.999786666666668
endloop
endfacet
facet normal 0 0 1
outer loop
vertex 0 17.050026666666678 1.999786666666668
vertex -27.599786666666684 12.750080000000008 1.999786666666668
vertex 0 12.750080000000008 1.999786666666668
endloop
endfacet
facet normal 0 0 1
outer loop
vertex 0 17.050026666666678 1.999786666666668
vertex 0 12.750080000000008 1.999786666666668
vertex 27.599786666666684 12.750080000000008 1.999786666666668
endloop
endfacet
facet normal 0 0 1
outer loop
vertex 0 17.050026666666678 1.999786666666668
vertex 27.599786666666684 12.750080000000008 1.999786666666668
vertex 27.599786666666684 20.275200000000012 1.999786666666668
endloop
endfacet
facet normal 0 0 1
outer loop
vertex 0 17.050026666666678 1.999786666666668
vertex 27.599786666666684 20.275200000000012 1.999786666666668
vertex 21.99978666666668 20.275200000000012 1.999786666666668
endloop
endfacet
facet normal 0 0 1
outer loop
vertex 0 12.750080000000008 1.999786666666668
vertex 1.1110400000000007 12.701440000000009 1.999786666666668
vertex 27.599786666666684 12.701440000000009 1.999786666666668
endloop
endfacet
facet normal 0 0 1
outer loop
vertex 0 12.750080000000008 1.999786666666668
vertex 27.599786666666684 12.701440000000009 1.999786666666668
vertex 27.599786666666684 12.750080000000008 1.999786666666668
endloop
endfacet
facet normal 0 0 1
outer loop
vertex -27.599786666666684 12.750080000000008 1.999786666666668
vertex -27.599786666666684 12.701440000000009 1.999786666666668
vertex -1.1110400000000007 12.701440000000009 1.999786666666668
endloop
endfacet
facet normal 0 0 1
outer loop
vertex -27.599786666666684 12.750080000000008 1.999786666666668
vertex -1.1110400000000007 12.701440000000009 1.999786666666668
vertex 0 12.750080000000008 1.999786666666668
endloop
endfacet
facet normal 0 0 1
outer loop
vertex 1.1110400000000007 12.701440000000009 1.999786666666668
vertex 2.213973333333335 12.556373333333342 1.999786666666668
vertex 27.599786666666684 12.556373333333342 1.999786666666668
endloop
endfacet
facet normal 0 0 1
outer loop
vertex 1.1110400000000007 12.701440000000009 1.999786666666668
vertex 27.599786666666684 12.556373333333342 1.999786666666668
vertex 27.599786666666684 12.701440000000009 1.999786666666668
endloop
endfacet
facet normal 0 0 1
outer loop
vertex -27.599786666666684 12.701440000000009 1.999786666666668
vertex -27.599786666666684 12.556373333333342 1.999786666666668
vertex -2.213973333333335 12.556373333333342 1.999786666666668
endloop
endfacet
facet normal 0 0 1
outer loop
vertex -27.599786666666684 12.701440000000009 1.999786666666668
vertex -2.213973333333335 12.556373333333342 1.999786666666668
vertex -1.1110400000000007 12.701440000000009 1.999786666666668
endloop
endfacet
facet normal 0 0 1
outer loop
vertex 2.213973333333335 12.556373333333342 1.999786666666668
vertex 3.299840000000002 12.315733333333341 1.999786666666668
vertex 27.599786666666684 12.315733333333341 1.999786666666668
endloop
endfacet
facet normal 0 0 1
outer loop
vertex 2.213973333333335 12.556373333333342 1.999786666666668
vertex 27.599786666666684 12.315733333333341 1.999786666666668
vertex 27.599786666666684 12.556373333333342 1.999786666666668
endloop
endfacet
facet normal 0 0 1
outer loop
vertex -27.599786666666684 12.556373333333342 1.999786666666668
vertex -27.599786666666684 12.315733333333341 1.999786666666668
vertex -3.299840000000002 12.315733333333341 1.999786666666668
endloop
endfacet
facet normal 0 0 1
outer loop
vertex -27.599786666666684 12.556373333333342 1.999786666666668
vertex -3.299840000000002 12.315733333333341 1.999786666666668
vertex -2.213973333333335 12.556373333333342 1.999786666666668
endloop
endfacet
facet normal 0 0 1
outer loop
vertex 3.299840000000002 12.315733333333341 1.999786666666668
vertex 4.360960000000003 11.981226666666675 1.999786666666668
vertex 27.599786666666684 11.981226666666675 1.999786666666668
endloop
endfacet
facet normal 0 0 1
outer loop
vertex 3.299840000000002 12.315733333333341 1.999786666666668
vertex 27.599786666666684 11.981226666666675 1.999786666666668
vertex 27.599786666666684 12.315733333333341 1.999786666666668
endloop
endfacet
facet normal 0 0 1
outer loop
vertex -27.599786666666684 12.315733333333341 1.999786666666668
vertex -27.599786666666684 11.981226666666675 1.999786666666668
vertex -4.360960000000003 11.981226666666675 1.999786666666668
endloop
endfacet
facet normal 0 0 1
outer loop
vertex -27.599786666666684 12.315733333333341 1.999786666666668
vertex -4.360960000000003 11.981226666666675 1.999786666666668
vertex -3.299840000000002 12.315733333333341 1.999786666666668
endloop
endfacet
facet normal 0 0 0.9999999999999999
outer loop
vertex 4.360960000000003 11.981226666666675 1.999786666666668
vertex 5.388373333333337 11.555413333333341 1.999786666666668
vertex 27.599786666666684 11.555413333333341 1.999786666666668
endloop
endfacet
facet normal 0 0 1
outer loop
vertex 4.360960000000003 11.981226666666675 1.999786666666668
vertex 27.599786666666684 11.555413333333341 1.999786666666668
vertex 27.599786666666684 11.981226666666675 1.999786666666668
endloop
endfacet
facet normal 0 0 0.9999999999999999
outer loop
vertex -27.599786666666684 11.981226666666675 1.999786666666668
vertex -27.599786666666684 11.555413333333341 1.999786666666668
vertex -5.388373333333337 11.555413333333341 1.999786666666668
endloop
endfacet
facet normal 0 0 1
outer loop
vertex -27.599786666666684 11.981226666666675 1.999786666666668
vertex -5.388373333333337 11.555413333333341 1.999786666666668
vertex -4.360960000000003 11.981226666666675 1.999786666666668
endloop
endfacet
facet normal 0 0 1
outer loop
vertex 5.388373333333337 11.555413333333341 1.999786666666668
vertex 6.374826666666671 11.041706666666673 1.999786666666668
vertex 27.599786666666684 11.041706666666673 1.999786666666668
endloop
endfacet
facet normal 0 0 1
outer loop
vertex 5.388373333333337 11.555413333333341 1.999786666666668
vertex 27.599786666666684 11.041706666666673 1.999786666666668
vertex 27.599786666666684 11.555413333333341 1.999786666666668
endloop
endfacet
facet normal 0 0 1
outer loop
vertex -27.599786666666684 11.555413333333341 1.999786666666668
vertex -27.599786666666684 11.041706666666673 1.999786666666668
vertex -6.374826666666671 11.041706666666673 1.999786666666668
endloop
endfacet
facet normal 0 0 1
outer loop
vertex -27.599786666666684 11.555413333333341 1.999786666666668
vertex -6.374826666666671 11.041706666666673 1.999786666666668
vertex -5.388373333333337 11.555413333333341 1.999786666666668
endloop
endfacet
facet normal 0 0 1
outer loop
vertex 6.374826666666671 11.041706666666673 1.999786666666668
vertex 7.313066666666671 10.44437333333334 1.999786666666668
vertex 27.599786666666684 10.44437333333334 1.999786666666668
endloop
endfacet
facet normal 0 0 1
outer loop
vertex 6.374826666666671 11.041706666666673 1.999786666666668
vertex 27.599786666666684 10.44437333333334 1.999786666666668
vertex 27.599786666666684 11.041706666666673 1.999786666666668
endloop
endfacet
facet normal 0 0 1
outer loop
vertex -27.599786666666684 11.041706666666673 1.999786666666668
vertex -27.599786666666684 10.44437333333334 1.999786666666668
vertex -7.313066666666671 10.44437333333334 1.999786666666668
endloop
endfacet
facet normal 0 0 1
outer loop
vertex -27.599786666666684 11.041706666666673 1.999786666666668
vertex -7.313066666666671 10.44437333333334 1.999786666666668
vertex -6.374826666666671 11.041706666666673 1.999786666666668
endloop
endfacet
facet normal 0 0 1
outer loop
vertex 7.313066666666671 10.44437333333334 1.999786666666668
vertex 8.195413333333338 9.76725333333334 1.999786666666668
vertex 27.599786666666684 9.76725333333334 1.999786666666668
endloop
endfacet
facet normal 0 0 1
outer loop
vertex 7.313066666666671 10.44437333333334 1.999786666666668
vertex 27.599786666666684 9.76725333333334 1.999786666666668
vertex 27.599786666666684 10.44437333333334 1.999786666666668
endloop
endfacet
facet normal 0 0 1
outer loop
vertex -27.599786666666684 10.44437333333334 1.999786666666668
vertex -27.599786666666684 9.76725333333334 1.999786666666668
vertex -8.195413333333338 9.76725333333334 1.999786666666668
endloop
endfacet
facet normal 0 0 1
outer loop
vertex -27.599786666666684 10.44437333333334 1.999786666666668
vertex -8.195413333333338 9.76725333333334 1.999786666666668
vertex -7.313066666666671 10.44437333333334 1.999786666666668
endloop
endfacet
facet normal 0 0 1
outer loop
vertex 8.195413333333338 9.76725333333334 1.999786666666668
vertex 9.015466666666672 9.015466666666672 1.999786666666668
vertex 27.599786666666684 9.015466666666672 1.999786666666668
endloop
endfacet
facet normal 0 0 1
outer loop
vertex 8.195413333333338 9.76725333333334 1.999786666666668
vertex 27.599786666666684 9.015466666666672 1.999786666666668
vertex 27.599786666666684 9.76725333333334 1.999786666666668
endloop
endfacet
facet normal 0 0 1
outer loop
vertex -27.599786666666684 9.76725333333334 1.999786666666668
vertex -27.599786666666684 9.015466666666672 1.999786666666668
vertex -9.015466666666672 9.015466666666672 1.999786666666668
endloop
endfacet
facet normal 0 0 1
outer loop
vertex -27.599786666666684 9.76725333333334 1.999786666666668
vertex -9.015466666666672 9.015466666666672 1.999786666666668
vertex -8.195413333333338 9.76725333333334 1.999786666666668
endloop
endfacet
facet normal 0 0 1
outer loop
vertex 9.015466666666672 9.015466666666672 1.999786666666668
vertex 9.76725333333334 8.195413333333338 1.999786666666668
vertex 27.599786666666684 8.195413333333338 1.999786666666668
endloop
endfacet
facet normal 0 0 1
outer loop
vertex 9.015466666666672 9.015466666666672 1.999786666666668
vertex 27.599786666666684 8.195413333333338 1.999786666666668
vertex 27.599786666666684 9.015466666666672 1.999786666666668
endloop
endfacet
facet normal 0 0 1
outer loop
vertex -27.599786666666684 9.015466666666672 1.999786666666668
vertex -27.599786666666684 8.195413333333338 1.999786666666668
vertex -9.76725333333334 8.195413333333338 1.999786666666668
endloop
endfacet
facet normal 0 0 1
outer loop
vertex -27.599786666666684 9.015466666666672 1.999786666666668
vertex -9.76725333333334 8.195413333333338 1.999786666666668
vertex -9.015466666666672 9.015466666666672 1.999786666666668
endloop
endfacet
facet normal 0 0 0.9999999999999999
outer loop
vertex 9.76725333333334 8.195413333333338 1.999786666666668
vertex 10.44437333333334 7.313066666666671 1.999786666666668
vertex 27.599786666666684 7.313066666666671 1.999786666666668
endloop
endfacet
facet normal 0 0 1
outer loop
vertex 9.76725333333334 8.195413333333338 1.999786666666668
vertex 27.599786666666684 7.313066666666671 1.999786666666668
vertex 27.599786666666684 8.195413333333338 1.999786666666668
endloop
endfacet
facet normal 0 0 1
outer loop
vertex -27.599786666666684 8.195413333333338 1.999786666666668
vertex -27.599786666666684 7.313066666666671 1.999786666666668
vertex -10.44437333333334 7.313066666666671 1.999786666666668
endloop
endfacet
facet normal 0 0 1
outer loop
vertex -27.599786666666684 8.195413333333338 1.999786666666668
vertex -10.44437333333334 7.313066666666671 1.999786666666668
vertex -9.76725333333334 8.195413333333338 1.999786666666668
endloop
endfacet
facet normal 0 0 1
outer loop
vertex 10.44437333333334 7.313066666666671 1.999786666666668
vertex 11.041706666666673 6.374826666666671 1.999786666666668
vertex 27.599786666666684 6.374826666666671 1.999786666666668
endloop
endfacet
facet normal 0 0 1
outer loop
vertex 10.44437333333334 7.313066666666671 1.999786666666668
vertex 27.599786666666684 6.374826666666671 1.999786666666668
vertex 27.599786666666684 7.313066666666671 1.999786666666668
endloop
endfacet
facet normal 0 0 1
outer loop
vertex -27.599786666666684 7.313066666666671 1.999786666666668
vertex -27.599786666666684 6.374826666666671 1.999786666666668
vertex -11.041706666666673 6.374826666666671 1.999786666666668
endloop
endfacet
facet normal 0 0 1
outer loop
vertex -27.599786666666684 7.313066666666671 1.999786666666668
vertex -11.041706666666673 6.374826666666671 1.999786666666668
vertex -10.44437333333334 7.313066666666671 1.999786666666668
endloop
endfacet
facet normal 0 0 1
outer loop
vertex 11.041706666666673 6.374826666666671 1.999786666666668
vertex 11.555413333333341 5.388373333333337 1.999786666666668
vertex 27.599786666666684 5.388373333333337 1.999786666666668
endloop
endfacet
facet normal 0 0 1
outer loop
vertex 11.041706666666673 6.374826666666671 1.999786666666668
vertex 27.599786666666684 5.388373333333337 1.999786666666668
vertex 27.599786666666684 6.374826666666671 1.999786666666668
endloop
endfacet
facet normal 0 0 1
outer loop
vertex -27.599786666666684 6.374826666666671 1.999786666666668
vertex -27.599786666666684 5.388373333333337 1.999786666666668
vertex -11.555413333333341 5.388373333333337 1.999786666666668
endloop
endfacet
facet normal 0 0 1
outer loop
vertex -27.599786666666684 6.374826666666671 1.999786666666668
vertex -11.555413333333341 5.388373333333337 1.999786666666668
vertex -11.041706666666673 6.374826666666671 1.999786666666668
endloop
endfacet
facet normal 0 0 1
outer loop
vertex 11.555413333333341 5.388373333333337 1.999786666666668
vertex 11.981226666666675 4.360960000000003 1.999786666666668
vertex 27.599786666666684 4.360960000000003 1.999786666666668
endloop
endfacet
facet normal 0 0 1
outer loop
vertex 11.555413333333341 5.388373333333337 1.999786666666668
vertex 27.599786666666684 4.360960000000003 1.999786666666668
vertex 27.599786666666684 5.388373333333337 1.999786666666668
endloop
endfacet
facet normal 0 0 1
outer loop
vertex -27.599786666666684 5.388373333333337 1.999786666666668
vertex -27.599786666666684 4.360960000000003 1.999786666666668
vertex -11.981226666666675 4.360960000000003 1.999786666666668
endloop
endfacet
facet normal 0 0 1
outer loop
vertex -27.599786666666684 5.388373333333337 1.999786666666668
vertex -11.981226666666675 4.360960000000003 1.999786666666668
vertex -11.555413333333341 5.388373333333337 1.999786666666668
endloop
endfacet
facet normal 0 0 1
outer loop
vertex 11.981226666666675 4.360960000000003 1.999786666666668
vertex 12.315733333333341 3.299840000000002 1.999786666666668
vertex 27.599786666666684 3.299840000000002 1.999786666666668
endloop
endfacet
facet normal 0 0 1
outer loop
vertex 11.981226666666675 4.360960000000003 1.999786666666668
vertex 27.599786666666684 3.299840000000002 1.999786666666668
vertex 27.599786666666684 4.360960000000003 1.999786666666668
endloop
endfacet
facet normal 0 0 1
outer loop
vertex -27.599786666666684 4.360960000000003 1.999786666666668
vertex -27.599786666666684 3.299840000000002 1.999786666666668
vertex -12.315733333333341 3.299840000000002 1.999786666666668
endloop
endfacet
facet normal 0 0 1
outer loop
vertex -27.599786666666684 4.360960000000003 1.999786666666668
vertex -12.315733333333341 3.299840000000002 1.999786666666668
vertex -11.981226666666675 4.360960000000003 1.999786666666668
endloop
endfacet
facet normal 0 0 1
outer loop
vertex 12.315733333333341 3.299840000000002 1.999786666666668
vertex 12.556373333333342 2.213973333333335 1.999786666666668
vertex 27.599786666666684 2.213973333333335 1.999786666666668
endloop
endfacet
facet normal 0 0 1
outer loop
vertex 12.315733333333341 3.299840000000002 1.999786666666668
vertex 27.599786666666684 2.213973333333335 1.999786666666668
vertex 27.599786666666684 3.299840000000002 1.999786666666668
endloop
endfacet
facet normal 0 0 1
outer loop
vertex -27.599786666666684 3.299840000000002 1.999786666666668
vertex -27.599786666666684 2.213973333333335 1.999786666666668
vertex -12.556373333333342 2.213973333333335 1.999786666666668
endloop
endfacet
facet normal 0 0 1
outer loop
vertex -27.599786666666684 3.299840000000002 1.999786666666668
vertex -12.556373333333342 2.213973333333335 1.999786666666668
vertex -12.315733333333341 3.299840000000002 1.999786666666668
endloop
endfacet
facet normal 0 0 1
outer loop
vertex 12.556373333333342 2.213973333333335 1.999786666666668
vertex 12.701440000000009 1.1110400000000007 1.999786666666668
vertex 27.599786666666684 1.1110400000000007 1.999786666666668
endloop
endfacet
facet normal 0 0 1
outer loop
vertex 12.556373333333342 2.213973333333335 1.999786666666668
vertex 27.599786666666684 1.1110400000000007 1.999786666666668
vertex 27.599786666666684 2.213973333333335 1.999786666666668
endloop
endfacet
facet normal 0 0 1
outer loop
vertex -27.599786666666684 2.213973333333335 1.999786666666668
vertex -27.599786666666684 1.1110400000000007 1.999786666666668
vertex -12.701440000000009 1.1110400000000007 1.999786666666668
endloop
endfacet
facet normal 0 0 1
outer loop
vertex -27.599786666666684 2.213973333333335 1.999786666666668
vertex -12.701440000000009 1.1110400000000007 1.999786666666668
vertex -12.556373333333342 2.213973333333335 1.999786666666668
endloop
endfacet
facet normal 0 0 1
outer loop
vertex 12.701440000000009 1.1110400000000007 1.999786666666668
vertex 12.750080000000008 0 1.999786666666668
vertex 27.599786666666684 0 1.999786666666668
endloop
endfacet
facet normal 0 0 1
outer loop
vertex 12.701440000000009 1.1110400000000007 1.999786666666668
vertex 27.599786666666684 0 1.999786666666668
vertex 27.599786666666684 1.1110400000000007 1.999786666666668
endloop
endfacet
facet normal 0 0 1
outer loop
vertex -27.599786666666684 1.1110400000000007 1.999786666666668
vertex -27.599786666666684 0 1.999786666666668
vertex -12.750080000000008 0 1.999786666666668
endloop
endfacet
facet normal 0 0 1
outer loop
vertex -27.599786666666684 1.1110400000000007 1.999786666666668
vertex -12.750080000000008 0 1.999786666666668
vertex -12.701440000000009 1.1110400000000007 1.999786666666668
endloop
endfacet
facet normal 0 0 1
outer loop
vertex 12.750080000000008 0 1.999786666666668
vertex 12.701440000000009 -1.1110400000000007 1.999786666666668
vertex 27.599786666666684 -1.1110400000000007 1.999786666666668
endloop
endfacet
facet normal 0 0 1
outer loop
vertex 12.750080000000008 0 1.999786666666668
vertex 27.599786666666684 -1.1110400000000007 1.999786666666668
vertex 27.599786666666684 0 1.999786666666668
endloop
endfacet
facet normal 0 0 1
outer loop
vertex -27.599786666666684 0 1.999786666666668
vertex -27.599786666666684 -1.1110400000000007 1.999786666666668
vertex -12.701440000000009 -1.1110400000000007 1.999786666666668
endloop
endfacet
facet normal 0 0 1
outer loop
vertex -27.599786666666684 0 1.999786666666668
vertex -12.701440000000009 -1.1110400000000007 1.999786666666668
vertex -12.750080000000008 0 1.999786666666668
endloop
endfacet
facet normal 0 0 1
outer loop
vertex 12.701440000000009 -1.1110400000000007 1.999786666666668
vertex 12.556373333333342 -2.213973333333335 1.999786666666668
vertex 27.599786666666684 -2.213973333333335 1.999786666666668
endloop
endfacet
facet normal 0 0 1
outer loop
vertex 12.701440000000009 -1.1110400000000007 1.999786666666668
vertex 27.599786666666684 -2.213973333333335 1.999786666666668
vertex 27.599786666666684 -1.1110400000000007 1.999786666666668
endloop
endfacet
facet normal 0 0 1
outer loop
vertex -27.599786666666684 -1.1110400000000007 1.999786666666668
vertex -27.599786666666684 -2.213973333333335 1.999786666666668
vertex -12.556373333333342 -2.213973333333335 1.999786666666668
endloop
endfacet
facet normal 0 0 1
outer loop
vertex -27.599786666666684 -1.1110400000000007 1.999786666666668
vertex -12.556373333333342 -2.213973333333335 1.999786666666668
vertex -12.701440000000009 -1.1110400000000007 1.999786666666668
endloop
endfacet
facet normal 0 0 1
outer loop
vertex 12.556373333333342 -2.213973333333335 1.999786666666668
vertex 12.315733333333341 -3.299840000000002 1.999786666666668
vertex 27.599786666666684 -3.299840000000002 1.999786666666668
endloop
endfacet
facet normal 0 0 1
outer loop
vertex 12.556373333333342 -2.213973333333335 1.999786666666668
vertex 27.599786666666684 -3.299840000000002 1.999786666666668
vertex 27.599786666666684 -2.213973333333335 1.999786666666668
endloop
endfacet
facet normal 0 0 1
outer loop
vertex -27.599786666666684 -2.213973333333335 1.999786666666668
vertex -27.599786666666684 -3.299840000000002 1.999786666666668
vertex -12.315733333333341 -3.299840000000002 1.999786666666668
endloop
endfacet
facet normal 0 0 1
outer loop
vertex -27.599786666666684 -2.213973333333335 1.999786666666668
vertex -12.315733333333341 -3.299840000000002 1.999786666666668
vertex -12.556373333333342 -2.213973333333335 1.999786666666668
endloop
endfacet
facet normal 0 0 1
outer loop
vertex 12.315733333333341 -3.299840000000002 1.999786666666668
vertex 11.981226666666675 -4.360960000000003 1.999786666666668
vertex 27.599786666666684 -4.360960000000003 1.999786666666668
endloop
endfacet
facet normal 0 0 1
outer loop
vertex 12.315733333333341 -3.299840000000002 1.999786666666668
vertex 27.599786666666684 -4.360960000000003 1.999786666666668
vertex 27.599786666666684 -3.299840000000002 1.999786666666668
endloop
endfacet
facet normal 0 0 1
outer loop
vertex -27.599786666666684 -3.299840000000002 1.999786666666668
vertex -27.599786666666684 -4.360960000000003 1.999786666666668
vertex -11.981226666666675 -4.360960000000003 1.999786666666668
endloop
endfacet
facet normal 0 0 1
outer loop
vertex -27.599786666666684 -3.299840000000002 1.999786666666668
vertex -11.981226666666675 -4.360960000000003 1.999786666666668
vertex -12.315733333333341 -3.299840000000002 1.999786666666668
endloop
endfacet
facet normal 0 0 1
outer loop
vertex 11.981226666666675 -4.360960000000003 1.999786666666668
vertex 11.555413333333341 -5.388373333333337 1.999786666666668
vertex 27.599786666666684 -5.388373333333337 1.999786666666668
endloop
endfacet
facet normal 0 0 1
outer loop
vertex 11.981226666666675 -4.360960000000003 1.999786666666668
vertex 27.599786666666684 -5.388373333333337 1.999786666666668
vertex 27.599786666666684 -4.360960000000003 1.999786666666668
endloop
endfacet
facet normal 0 0 1
outer loop
vertex -27.599786666666684 -4.360960000000003 1.999786666666668
vertex -27.599786666666684 -5.388373333333337 1.999786666666668
vertex -11.555413333333341 -5.388373333333337 1.999786666666668
endloop
endfacet
facet normal 0 0 1
outer loop
vertex -27.599786666666684 -4.360960000000003 1.999786666666668
vertex -11.555413333333341 -5.388373333333337 1.999786666666668
vertex -11.981226666666675 -4.360960000000003 1.999786666666668
endloop
endfacet
facet normal 0 0 1
outer loop
vertex 11.555413333333341 -5.388373333333337 1.999786666666668
vertex 11.041706666666673 -6.374826666666671 1.999786666666668
vertex 27.599786666666684 -6.374826666666671 1.999786666666668
endloop
endfacet
facet normal 0 0 1
outer loop
vertex 11.555413333333341 -5.388373333333337 1.999786666666668
vertex 27.599786666666684 -6.374826666666671 1.999786666666668
vertex 27.599786666666684 -5.388373333333337 1.999786666666668
endloop
endfacet
facet normal 0 0 1
outer loop
vertex -27.599786666666684 -5.388373333333337 1.999786666666668
vertex -27.599786666666684 -6.374826666666671 1.999786666666668
vertex -11.041706666666673 -6.374826666666671 1.999786666666668
endloop
endfacet
facet normal 0 0 1
outer loop
vertex -27.599786666666684 -5.388373333333337 1.999786666666668
vertex -11.041706666666673 -6.374826666666671 1.999786666666668
vertex -11.555413333333341 -5.388373333333337 1.999786666666668
endloop
endfacet
facet normal 0 0 1
outer loop
vertex 11.041706666666673 -6.374826666666671 1.999786666666668
vertex 10.44437333333334 -7.313066666666671 1.999786666666668
vertex 27.599786666666684 -7.313066666666671 1.999786666666668
endloop
endfacet
facet normal 0 0 1
outer loop
vertex 11.041706666666673 -6.374826666666671 1.999786666666668
vertex 27.599786666666684 -7.313066666666671 1.999786666666668
vertex 27.599786666666684 -6.374826666666671 1.999786666666668
endloop
endfacet
facet normal 0 0 1
outer loop
vertex -27.599786666666684 -6.374826666666671 1.999786666666668
vertex -27.599786666666684 -7.313066666666671 1.999786666666668
vertex -10.44437333333334 -7.313066666666671 1.999786666666668
endloop
endfacet
facet normal 0 0 1
outer loop
vertex -27.599786666666684 -6.374826666666671 1.999786666666668
vertex -10.44437333333334 -7.313066666666671 1.999786666666668
vertex -11.041706666666673 -6.374826666666671 1.999786666666668
endloop
endfacet
facet normal 0 0 1
outer loop
vertex 10.44437333333334 -7.313066666666671 1.999786666666668
vertex 9.76725333333334 -8.195413333333338 1.999786666666668
vertex 27.599786666666684 -8.195413333333338 1.999786666666668
endloop
endfacet
facet normal 0 0 1
outer loop
vertex 10.44437333333334 -7.313066666666671 1.999786666666668
vertex 27.599786666666684 -8.195413333333338 1.999786666666668
vertex 27.599786666666684 -7.313066666666671 1.999786666666668
endloop
endfacet
facet normal 0 0 1
outer loop
vertex -27.599786666666684 -7.313066666666671 1.999786666666668
vertex -27.599786666666684 -8.195413333333338 1.999786666666668
vertex -9.76725333333334 -8.195413333333338 1.999786666666668
endloop
endfacet
facet normal 0 0 1
outer loop
vertex -27.599786666666684 -7.313066666666671 1.999786666666668
vertex -9.76725333333334 -8.195413333333338 1.999786666666668
vertex -10.44437333333334 -7.313066666666671 1.999786666666668
endloop
endfacet
facet normal 0 0 1
outer loop
vertex 9.76725333333334 -8.195413333333338 1.999786666666668
vertex 9.015466666666672 -9.015466666666672 1.999786666666668
vertex 27.599786666666684 -9.015466666666672 1.999786666666668
endloop
endfacet
facet normal 0 0 1
outer loop
vertex 9.76725333333334 -8.195413333333338 1.999786666666668
vertex 27.599786666666684 -9.015466666666672 1.999786666666668
vertex 27.599786666666684 -8.195413333333338 1.999786666666668
endloop
endfacet
facet normal 0 0 1
outer loop
vertex -27.599786666666684 -8.195413333333338 1.999786666666668
vertex -27.599786666666684 -9.015466666666672 1.999786666666668
vertex -9.015466666666672 -9.015466666666672 1.999786666666668
endloop
endfacet
facet normal 0 0 1
outer loop
vertex -27.599786666666684 -8.195413333333338 1.999786666666668
vertex -9.015466666666672 -9.015466666666672 1.999786666666668
vertex -9.76725333333334 -8.195413333333338 1.999786666666668
endloop
endfacet
facet normal 0 0 1
outer loop
vertex 9.015466666666672 -9.015466666666672 1.999786666666668
vertex 8.195413333333338 -9.76725333333334 1.999786666666668
vertex 27.599786666666684 -9.76725333333334 1.999786666666668
endloop
endfacet
facet normal 0 0 1
outer loop
vertex 9.015466666666672 -9.015466666666672 1.999786666666668
vertex 27.599786666666684 -9.76725333333334 1.999786666666668
vertex 27.599786666666684 -9.015466666666672 1.999786666666668
endloop
endfacet
facet normal 0 0 1
outer loop
vertex -27.599786666666684 -9.015466666666672 1.999786666666668
vertex -27.599786666666684 -9.76725333333334 1.999786666666668
vertex -8.195413333333338 -9.76725333333334 1.999786666666668
endloop
endfacet
facet normal 0 0 1
outer loop
vertex -27.599786666666684 -9.015466666666672 1.999786666666668
vertex -8.195413333333338 -9.76725333333334 1.999786666666668
vertex -9.015466666666672 -9.015466666666672 1.999786666666668
endloop
endfacet
facet normal 0 0 1
outer loop
vertex 8.195413333333338 -9.76725333333334 1.999786666666668
vertex 7.313066666666671 -10.44437333333334 1.999786666666668
vertex 27.599786666666684 -10.44437333333334 1.999786666666668
endloop
endfacet
facet normal 0 0 1
outer loop
vertex 8.195413333333338 -9.76725333333334 1.999786666666668
vertex 27.599786666666684 -10.44437333333334 1.999786666666668
vertex 27.599786666666684 -9.76725333333334 1.999786666666668
endloop
endfacet
facet normal 0 0 1
outer loop
vertex -27.599786666666684 -9.76725333333334 1.999786666666668
vertex -27.599786666666684 -10.44437333333334 1.999786666666668
vertex -7.313066666666671 -10.44437333333334 1.999786666666668
endloop
endfacet
facet normal 0 0 1
outer loop
vertex -27.599786666666684 -9.76725333333334 1.999786666666668
vertex -7.313066666666671 -10.44437333333334 1.999786666666668
vertex -8.195413333333338 -9.76725333333334 1.999786666666668
endloop
endfacet
facet normal 0 0 1
outer loop
vertex 7.313066666666671 -10.44437333333334 1.999786666666668
vertex 6.374826666666671 -11.041706666666673 1.999786666666668
vertex 27.599786666666684 -11.041706666666673 1.999786666666668
endloop
endfacet
facet normal 0 0 1
outer loop
vertex 7.313066666666671 -10.44437333333334 1.999786666666668
vertex 27.599786666666684 -11.041706666666673 1.999786666666668
vertex 27.599786666666684 -10.44437333333334 1.999786666666668
endloop
endfacet
facet normal 0 0 1
outer loop
vertex -27.599786666666684 -10.44437333333334 1.999786666666668
vertex -27.599786666666684 -11.041706666666673 1.999786666666668
vertex -6.374826666666671 -11.041706666666673 1.999786666666668
endloop
endfacet
facet normal 0 0 1
outer loop
vertex -27.599786666666684 -10.44437333333334 1.999786666666668
vertex -6.374826666666671 -11.041706666666673 1.999786666666668
vertex -7.313066666666671 -10.44437333333334 1.999786666666668
endloop
endfacet
facet normal 0 0 1
outer loop
vertex 6.374826666666671 -11.041706666666673 1.999786666666668
vertex 5.388373333333337 -11.555413333333341 1.999786666666668
vertex 27.599786666666684 -11.555413333333341 1.999786666666668
endloop
endfacet
facet normal 0 0 1
outer loop
vertex 6.374826666666671 -11.041706666666673 1.999786666666668
vertex 27.599786666666684 -11.555413333333341 1.999786666666668
vertex 27.599786666666684 -11.041706666666673 1.999786666666668
endloop
endfacet
facet normal 0 0 1
outer loop
vertex -27.599786666666684 -11.041706666666673 1.999786666666668
vertex -27.599786666666684 -11.555413333333341 1.999786666666668
vertex -5.388373333333337 -11.555413333333341 1.999786666666668
endloop
endfacet
facet normal 0 0 1
outer loop
vertex -27.599786666666684 -11.041706666666673 1.999786666666668
vertex -5.388373333333337 -11.555413333333341 1.999786666666668
vertex -6.374826666666671 -11.041706666666673 1.999786666666668
endloop
endfacet
facet normal 0 0 1
outer loop
vertex 5.388373333333337 -11.555413333333341 1.999786666666668
vertex 4.360960000000003 -11.981226666666675 1.999786666666668
vertex 27.599786666666684 -11.981226666666675 1.999786666666668
endloop
endfacet
facet normal 0 0 0.9999999999999999
outer loop
vertex 5.388373333333337 -11.555413333333341 1.999786666666668
vertex 27.599786666666684 -11.981226666666675 1.999786666666668
vertex 27.599786666666684 -11.555413333333341 1.999786666666668
endloop
endfacet
facet normal 0 0 1
outer loop
vertex -27.599786666666684 -11.555413333333341 1.999786666666668
vertex -27.599786666666684 -11.981226666666675 1.999786666666668
vertex -4.360960000000003 -11.981226666666675 1.999786666666668
endloop
endfacet
facet normal 0 0 0.9999999999999999
outer loop
vertex -27.599786666666684 -11.555413333333341 1.999786666666668
vertex -4.360960000000003 -11.981226666666675 1.999786666666668
vertex -5.388373333333337 -11.555413333333341 1.999786666666668
endloop
endfacet
facet normal 0 0 1
outer loop
vertex 4.360960000000003 -11.981226666666675 1.999786666666668
vertex 3.299840000000002 -12.315733333333341 1.999786666666668
vertex 27.599786666666684 -12.315733333333341 1.999786666666668
endloop
endfacet
facet normal 0 0 1
outer loop
vertex 4.360960000000003 -11.981226666666675 1.999786666666668
vertex 27.599786666666684 -12.315733333333341 1.999786666666668
vertex 27.599786666666684 -11.981226666666675 1.999786666666668
endloop
endfacet
facet normal 0 0 1
outer loop
vertex -27.599786666666684 -11.981226666666675 1.999786666666668
vertex -27.599786666666684 -12.315733333333341 1.999786666666668
vertex -3.299840000000002 -12.315733333333341 1.999786666666668
endloop
endfacet
facet normal 0 0 1
outer loop
vertex -27.599786666666684 -11.981226666666675 1.999786666666668
vertex -3.299840000000002 -12.315733333333341 1.999786666666668
vertex -4.360960000000003 -11.981226666666675 1.999786666666668
endloop
endfacet
facet normal 0 0 1
outer loop
vertex 3.299840000000002 -12.315733333333341 1.999786666666668
vertex 2.213973333333335 -12.556373333333342 1.999786666666668
vertex 27.599786666666684 -12.556373333333342 1.999786666666668
endloop
endfacet
facet normal 0 0 1
outer loop
vertex 3.299840000000002 -12.315733333333341 1.999786666666668
vertex 27.599786666666684 -12.556373333333342 1.999786666666668
vertex 27.599786666666684 -12.315733333333341 1.999786666666668
endloop
endfacet
facet normal 0 0 1
outer loop
vertex -27.599786666666684 -12.315733333333341 1.999786666666668
vertex -27.599786666666684 -12.556373333333342 1.999786666666668
vertex -2.213973333333335 -12.556373333333342 1.999786666666668
endloop
endfacet
facet normal 0 0 1
outer loop
vertex -27.599786666666684 -12.315733333333341 1.999786666666668
vertex -2.213973333333335 -12.556373333333342 1.999786666666668
vertex -3.299840000000002 -12.315733333333341 1.999786666666668
endloop
endfacet
facet normal 0 0 0.9999999999999999
outer loop
vertex 2.213973333333335 -12.556373333333342 1.999786666666668
vertex 1.1110400000000007 -12.701440000000009 1.999786666666668
vertex 27.599786666666684 -12.701440000000009 1.999786666666668
endloop
endfacet
facet normal 0 0 1
outer loop
vertex 2.213973333333335 -12.556373333333342 1.999786666666668
vertex 27.599786666666684 -12.701440000000009 1.999786666666668
vertex 27.599786666666684 -12.556373333333342 1.999786666666668
endloop
endfacet
facet normal 0 0 1
outer loop
vertex -27.599786666666684 -12.556373333333342 1.999786666666668
vertex -27.599786666666684 -12.701440000000009 1.999786666666668
vertex -1.1110400000000007 -12.701440000000009 1.999786666666668
endloop
endfacet
facet normal 0 0 1
outer loop
vertex -27.599786666666684 -12.556373333333342 1.999786666666668
vertex -1.1110400000000007 -12.701440000000009 1.999786666666668
vertex -2.213973333333335 -12.556373333333342 1.999786666666668
endloop
endfacet
facet normal 0 0 1
outer loop
vertex 1.1110400000000007 -12.701440000000009 1.999786666666668
vertex 0 -12.750080000000008 1.999786666666668
vertex 27.599786666666684 -12.750080000000008 1.999786666666668
endloop
endfacet
facet normal 0 0 1
outer loop
vertex 1.1110400000000007 -12.701440000000009 1.999786666666668
vertex 27.599786666666684 -12.750080000000008 1.999786666666668
vertex 27.599786666666684 -12.701440000000009 1.999786666666668
endloop
endfacet
facet normal 0 0 1
outer loop
vertex -27.599786666666684 -12.701440000000009 1.999786666666668
vertex -27.599786666666684 -12.750080000000008 1.999786666666668
vertex 0 -12.750080000000008 1.999786666666668
endloop
endfacet
facet normal 0 0 1
outer loop
vertex -27.599786666666684 -12.701440000000009 1.999786666666668
vertex 0 -12.750080000000008 1.999786666666668
vertex -1.1110400000000007 -12.701440000000009 1.999786666666668
endloop
endfacet
facet normal 0 0 1
outer loop
vertex 0 -17.050026666666678 1.999786666666668
vertex 0 -12.750080000000008 1.999786666666668
vertex -27.599786666666684 -12.750080000000008 1.999786666666668
endloop
endfacet
facet normal 0 0 1
outer loop
vertex 0 -17.050026666666678 1.999786666666668
vertex -27.599786666666684 -12.750080000000008 1.999786666666668
vertex -27.599786666666684 -20.275200000000012 1.999786666666668
endloop
endfacet
facet normal 0 0 1
outer loop
vertex 0 -17.050026666666678 1.999786666666668
vertex -27.599786666666684 -20.275200000000012 1.999786666666668
vertex -21.99978666666668 -20.275200000000012 1.999786666666668
endloop
endfacet
facet normal 0 0 1
outer loop
vertex 0 -17.050026666666678 1.999786666666668
vertex -21.99978666666668 -20.275200000000012 1.999786666666668
vertex 21.99978666666668 -20.275200000000012 1.999786666666668
endloop
endfacet
facet normal 0 0 1
outer loop
vertex 0 -17.050026666666678 1.999786666666668
vertex 21.99978666666668 -20.275200000000012 1.999786666666668
vertex 27.599786666666684 -20.275200000000012 1.999786666666668
endloop
endfacet
facet normal 0 0 1
outer loop
vertex 0 -17.050026666666678 1.999786666666668
vertex 27.599786666666684 -20.275200000000012 1.999786666666668
vertex 27.599786666666684 -12.750080000000008 1.999786666666668
endloop
endfacet
facet normal 0 0 1
outer loop
vertex 0 -17.050026666666678 1.999786666666668
vertex 27.599786666666684 -12.750080000000008 1.999786666666668
vertex 0 -12.750080000000008 1.999786666666668
endloop
endfacet
facet normal 0 0 0.9999999999999999
outer loop
vertex 21.99978666666668 -20.275200000000012 1.999786666666668
vertex 22.299733333333347 -20.30122666666668 1.999786666666668
vertex 27.599786666666684 -20.30122666666668 1.999786666666668
endloop
endfacet
facet normal 0 0 1
outer loop
vertex 21.99978666666668 -20.275200000000012 1.999786666666668
vertex 27.599786666666684 -20.30122666666668 1.999786666666668
vertex 27.599786666666684 -20.275200000000012 1.999786666666668
endloop
endfacet
facet normal 0 0 1
outer loop
vertex -21.99978666666668 -20.275200000000012 1.999786666666668
vertex -21.700266666666682 -20.30122666666668 1.999786666666668
vertex 21.700266666666682 -20.30122666666668 1.999786666666668
endloop
endfacet
facet normal 0 0 1
outer loop
vertex -21.99978666666668 -20.275200000000012 1.999786666666668
vertex 21.700266666666682 -20.30122666666668 1.999786666666668
vertex 21.99978666666668 -20.275200000000012 1.999786666666668
endloop
endfacet
facet normal 0 0 1
outer loop
vertex -27.599786666666684 -20.275200000000012 1.999786666666668
vertex -27.599786666666684 -20.30122666666668 1.999786666666668
vertex -22.299733333333347 -20.30122666666668 1.999786666666668
endloop
endfacet
facet normal 0 0 1
outer loop
vertex -27.599786666666684 -20.275200000000012 1.999786666666668
vertex -22.299733333333347 -20.30122666666668 1.999786666666668
vertex -21.99978666666668 -20.275200000000012 1.999786666666668
endloop
endfacet
facet normal 0 0 1
outer loop
vertex 22.299733333333347 -20.30122666666668 1.999786666666668
vertex 22.58986666666668 -20.378880000000013 1.999786666666668
vertex 27.599786666666684 -20.378880000000013 1.999786666666668
endloop
endfacet
facet normal 0 0 1
outer loop
vertex 22.299733333333347 -20.30122666666668 1.999786666666668
vertex 27.599786666666684 -20.378880000000013 1.999786666666668
vertex 27.599786666666684 -20.30122666666668 1.999786666666668
endloop
endfacet
facet normal 0 0 1
outer loop
vertex -21.700266666666682 -20.30122666666668 1.999786666666668
vertex -21.41013333333335 -20.378880000000013 1.999786666666668
vertex 21.41013333333335 -20.378880000000013 1.999786666666668
endloop
endfacet
facet normal 0 0 0.9999999999999999
outer loop
vertex -21.700266666666682 -20.30122666666668 1.999786666666668
vertex 21.41013333333335 -20.378880000000013 1.999786666666668
vertex 21.700266666666682 -20.30122666666668 1.999786666666668
endloop
endfacet
facet normal 0 0 1
outer loop
vertex -27.599786666666684 -20.30122666666668 1.999786666666668
vertex -27.599786666666684 -20.378880000000013 1.999786666666668
vertex -22.58986666666668 -20.378880000000013 1.999786666666668
endloop
endfacet
facet normal 0 0 1
outer loop
vertex -27.599786666666684 -20.30122666666668 1.999786666666668
vertex -22.58986666666668 -20.378880000000013 1.999786666666668
vertex -22.299733333333347 -20.30122666666668 1.999786666666668
endloop
endfacet
facet normal 0 0 1
outer loop
vertex 22.58986666666668 -20.378880000000013 1.999786666666668
vertex 22.862506666666683 -20.50602666666668 1.999786666666668
vertex 27.599786666666684 -20.50602666666668 1.999786666666668
endloop
endfacet
facet normal 0 0 1
outer loop
vertex 22.58986666666668 -20.378880000000013 1.999786666666668
vertex 27.599786666666684 -20.50602666666668 1.999786666666668
vertex 27.599786666666684 -20.378880000000013 1.999786666666668
endloop
endfacet
facet normal 0 0 1
outer loop
vertex -21.41013333333335 -20.378880000000013 1.999786666666668
vertex -21.137493333333346 -20.50602666666668 1.999786666666668
vertex 21.137493333333346 -20.50602666666668 1.999786666666668
endloop
endfacet
facet normal 0 0 1
outer loop
vertex -21.41013333333335 -20.378880000000013 1.999786666666668
vertex 21.137493333333346 -20.50602666666668 1.999786666666668
vertex 21.41013333333335 -20.378880000000013 1.999786666666668
endloop
endfacet
facet normal 0 0 1
outer loop
vertex -27.599786666666684 -20.378880000000013 1.999786666666668
vertex -27.599786666666684 -20.50602666666668 1.999786666666668
vertex -22.862506666666683 -20.50602666666668 1.999786666666668
endloop
endfacet
facet normal 0 0 1
outer loop
vertex -27.599786666666684 -20.378880000000013 1.999786666666668
vertex -22.862506666666683 -20.50602666666668 1.999786666666668
vertex -22.58986666666668 -20.378880000000013 1.999786666666668
endloop
endfacet
facet normal 0 0 1
outer loop
vertex 22.862506666666683 -20.50602666666668 1.999786666666668
vertex 23.10869333333335 -20.678400000000014 1.999786666666668
vertex 27.599786666666684 -20.678400000000014 1.999786666666668
endloop
endfacet
facet normal 0 0 1
outer loop
vertex 22.862506666666683 -20.50602666666668 1.999786666666668
vertex 27.599786666666684 -20.678400000000014 1.999786666666668
vertex 27.599786666666684 -20.50602666666668 1.999786666666668
endloop
endfacet
facet normal 0 0 1
outer loop
vertex -21.137493333333346 -20.50602666666668 1.999786666666668
vertex -20.89130666666668 -20.678400000000014 1.999786666666668
vertex 20.89130666666668 -20.678400000000014 1.999786666666668
endloop
endfacet
facet normal 0 0 1
outer loop
vertex -21.137493333333346 -20.50602666666668 1.999786666666668
vertex 20.89130666666668 -20.678400000000014 1.999786666666668
vertex 21.137493333333346 -20.50602666666668 1.999786666666668
endloop
endfacet
facet normal 0 0 1
outer loop
vertex -27.599786666666684 -20.50602666666668 1.999786666666668
vertex -27.599786666666684 -20.678400000000014 1.999786666666668
vertex -23.10869333333335 -20.678400000000014 1.999786666666668
endloop
endfacet
facet normal 0 0 1
outer loop
vertex -27.599786666666684 -20.50602666666668 1.999786666666668
vertex -23.10869333333335 -20.678400000000014 1.999786666666668
vertex -22.862506666666683 -20.50602666666668 1.999786666666668
endloop
endfacet
facet normal 0 0 1
outer loop
vertex 23.10869333333335 -20.678400000000014 1.999786666666668
vertex 23.321600000000014 -20.89130666666668 1.999786666666668
vertex 27.599786666666684 -20.89130666666668 1.999786666666668
endloop
endfacet
facet normal 0 0 1
outer loop
vertex 23.10869333333335 -20.678400000000014 1.999786666666668
vertex 27.599786666666684 -20.89130666666668 1.999786666666668
vertex 27.599786666666684 -20.678400000000014 1.999786666666668
endloop
endfacet
facet normal 0 0 1
outer loop
vertex -20.89130666666668 -20.678400000000014 1.999786666666668
vertex -20.678400000000014 -20.89130666666668 1.999786666666668
vertex 20.678400000000014 -20.89130666666668 1.999786666666668
endloop
endfacet
facet normal 0 0 1
outer loop
vertex -20.89130666666668 -20.678400000000014 1.999786666666668
vertex 20.678400000000014 -20.89130666666668 1.999786666666668
vertex 20.89130666666668 -20.678400000000014 1.999786666666668
endloop
endfacet
facet normal 0 0 1
outer loop
vertex -27.599786666666684 -20.678400000000014 1.999786666666668
vertex -27.599786666666684 -20.89130666666668 1.999786666666668
vertex -23.321600000000014 -20.89130666666668 1.999786666666668
endloop
endfacet
facet normal 0 0 1
outer loop
vertex -27.599786666666684 -20.678400000000014 1.999786666666668
vertex -23.321600000000014 -20.89130666666668 1.999786666666668
vertex -23.10869333333335 -20.678400000000014 1.999786666666668
endloop
endfacet
facet normal 0 0 1
outer loop
vertex 23.321600000000014 -20.89130666666668 1.999786666666668
vertex 23.493973333333347 -21.137493333333346 1.999786666666668
vertex 27.599786666666684 -21.137493333333346 1.999786666666668
endloop
endfacet
facet normal 0 0 1
outer loop
vertex 23.321600000000014 -20.89130666666668 1.999786666666668
vertex 27.599786666666684 -21.137493333333346 1.999786666666668
vertex 27.599786666666684 -20.89130666666668 1.999786666666668
endloop
endfacet
facet normal 0 0 1
outer loop
vertex -20.678400000000014 -20.89130666666668 1.999786666666668
vertex -20.50602666666668 -21.137493333333346 1.999786666666668
vertex 20.50602666666668 -21.137493333333346 1.999786666666668
endloop
endfacet
facet normal 0 0 1
outer loop
vertex -20.678400000000014 -20.89130666666668 1.999786666666668
vertex 20.50602666666668 -21.137493333333346 1.999786666666668
vertex 20.678400000000014 -20.89130666666668 1.999786666666668
endloop
endfacet
facet normal 0 0 1
outer loop
vertex -27.599786666666684 -20.89130666666668 1.999786666666668
vertex -27.599786666666684 -21.137493333333346 1.999786666666668
vertex -23.493973333333347 -21.137493333333346 1.999786666666668
endloop
endfacet
facet normal 0 0 1
outer loop
vertex -27.599786666666684 -20.89130666666668 1.999786666666668
vertex -23.493973333333347 -21.137493333333346 1.999786666666668
vertex -23.321600000000014 -20.89130666666668 1.999786666666668
endloop
endfacet
facet normal 0 0 1
outer loop
vertex 23.493973333333347 -21.137493333333346 1.999786666666668
vertex 23.621120000000015 -21.41013333333335 1.999786666666668
vertex 27.599786666666684 -21.41013333333335 1.999786666666668
endloop
endfacet
facet normal 0 0 1
outer loop
vertex 23.493973333333347 -21.137493333333346 1.999786666666668
vertex 27.599786666666684 -21.41013333333335 1.999786666666668
vertex 27.599786666666684 -21.137493333333346 1.999786666666668
endloop
endfacet
facet normal 0 0 1
outer loop
vertex -20.50602666666668 -21.137493333333346 1.999786666666668
vertex -20.378880000000013 -21.41013333333335 1.999786666666668
vertex 20.378880000000013 -21.41013333333335 1.999786666666668
endloop
endfacet
facet normal 0 0 1
outer loop
vertex -20.50602666666668 -21.137493333333346 1.999786666666668
vertex 20.378880000000013 -21.41013333333335 1.999786666666668
vertex 20.50602666666668 -21.137493333333346 1.999786666666668
endloop
endfacet
facet normal 0 0 1
outer loop
vertex -27.599786666666684 -21.137493333333346 1.999786666666668
vertex -27.599786666666684 -21.41013333333335 1.999786666666668
vertex -23.621120000000015 -21.41013333333335 1.999786666666668
endloop
endfacet
facet normal 0 0 1
outer loop
vertex -27.599786666666684 -21.137493333333346 1.999786666666668
vertex -23.621120000000015 -21.41013333333335 1.999786666666668
vertex -23.493973333333347 -21.137493333333346 1.999786666666668
endloop
endfacet
facet normal 0 0 1
outer loop
vertex 23.621120000000015 -21.41013333333335 1.999786666666668
vertex 23.69877333333335 -21.700266666666682 1.999786666666668
vertex 27.599786666666684 -21.700266666666682 1.999786666666668
endloop
endfacet
facet normal 0 0 1
outer loop
vertex 23.621120000000015 -21.41013333333335 1.999786666666668
vertex 27.599786666666684 -21.700266666666682 1.999786666666668
vertex 27.599786666666684 -21.41013333333335 1.999786666666668
endloop
endfacet
facet normal 0 0 1
outer loop
vertex -20.378880000000013 -21.41013333333335 1.999786666666668
vertex -20.30122666666668 -21.700266666666682 1.999786666666668
vertex 20.30122666666668 -21.700266666666682 1.999786666666668
endloop
endfacet
facet normal 0 0 1
outer loop
vertex -20.378880000000013 -21.41013333333335 1.999786666666668
vertex 20.30122666666668 -21.700266666666682 1.999786666666668
vertex 20.378880000000013 -21.41013333333335 1.999786666666668
endloop
endfacet
facet normal 0 0 1
outer loop
vertex -27.599786666666684 -21.41013333333335 1.999786666666668
vertex -27.599786666666684 -21.700266666666682 1.999786666666668
vertex -23.69877333333335 -21.700266666666682 1.999786666666668
endloop
endfacet
facet normal 0 0 1
outer loop
vertex -27.599786666666684 -21.41013333333335 1.999786666666668
vertex -23.69877333333335 -21.700266666666682 1.999786666666668
vertex -23.621120000000015 -21.41013333333335 1.999786666666668
endloop
endfacet
facet normal 0 0 1
outer loop
vertex 23.69877333333335 -21.700266666666682 1.999786666666668
vertex 23.724800000000016 -21.99978666666668 1.999786666666668
vertex 27.599786666666684 -21.99978666666668 1.999786666666668
endloop
endfacet
facet normal 0 0 1
outer loop
vertex 23.69877333333335 -21.700266666666682 1.999786666666668
vertex 27.599786666666684 -21.99978666666668 1.999786666666668
vertex 27.599786666666684 -21.700266666666682 1.999786666666668
endloop
endfacet
facet normal 0 0 1
outer loop
vertex -20.30122666666668 -21.700266666666682 1.999786666666668
vertex -20.275200000000012 -21.99978666666668 1.999786666666668
vertex 20.275200000000012 -21.99978666666668 1.999786666666668
endloop
endfacet
facet normal 0 0 1
outer loop
vertex -20.30122666666668 -21.700266666666682 1.999786666666668
vertex 20.275200000000012 -21.99978666666668 1.999786666666668
vertex 20.30122666666668 -21.700266666666682 1.999786666666668
endloop
endfacet
facet normal 0 0 1
outer loop
vertex -27.599786666666684 -21.700266666666682 1.999786666666668
vertex -27.599786666666684 -21.99978666666668 1.999786666666668
vertex -23.724800000000016 -21.99978666666668 1.999786666666668
endloop
endfacet
facet normal 0 0 1
outer loop
vertex -27.599786666666684 -21.700266666666682 1.999786666666668
vertex -23.724800000000016 -21.99978666666668 1.999786666666668
vertex -23.69877333333335 -21.700266666666682 1.999786666666668
endloop
endfacet
facet normal 0 0 1
outer loop
vertex 23.724800000000016 -21.99978666666668 1.999786666666668
vertex 23.69877333333335 -22.299733333333347 1.999786666666668
vertex 27.580160000000017 -22.299733333333347 1.999786666666668
endloop
endfacet
facet normal 0 0 0.9999999999999999
outer loop
vertex 23.724800000000016 -21.99978666666668 1.999786666666668
vertex 27.580160000000017 -22.299733333333347 1.999786666666668
vertex 27.599786666666684 -21.99978666666668 1.999786666666668
endloop
endfacet
facet normal 0 0 1
outer loop
vertex -20.275200000000012 -21.99978666666668 1.999786666666668
vertex -20.30122666666668 -22.299733333333347 1.999786666666668
vertex 20.30122666666668 -22.299733333333347 1.999786666666668
endloop
endfacet
facet normal 0 0 0.9999999999999999
outer loop
vertex -20.275200000000012 -21.99978666666668 1.999786666666668
vertex 20.30122666666668 -22.299733333333347 1.999786666666668
vertex 20.275200000000012 -21.99978666666668 1.999786666666668
endloop
endfacet
facet normal 0 0 1
outer loop
vertex -27.599786666666684 -21.99978666666668 1.999786666666668
vertex -27.580160000000017 -22.299733333333347 1.999786666666668
vertex -23.69877333333335 -22.299733333333347 1.999786666666668
endloop
endfacet
facet normal 0 0 0.9999999999999999
outer loop
vertex -27.599786666666684 -21.99978666666668 1.999786666666668
vertex -23.69877333333335 -22.299733333333347 1.999786666666668
vertex -23.724800000000016 -21.99978666666668 1.999786666666668
endloop
endfacet
facet normal 0 0 1
outer loop
vertex 23.69877333333335 -22.299733333333347 1.999786666666668
vertex 23.621120000000015 -22.58986666666668 1.999786666666668
vertex 27.561386666666685 -22.58986666666668 1.999786666666668
endloop
endfacet
facet normal 0 0 1
outer loop
vertex 23.69877333333335 -22.299733333333347 1.999786666666668
vertex 27.561386666666685 -22.58986666666668 1.999786666666668
vertex 27.580160000000017 -22.299733333333347 1.999786666666668
endloop
endfacet
facet normal 0 0 1
outer loop
vertex -20.30122666666668 -22.299733333333347 1.999786666666668
vertex -20.378880000000013 -22.58986666666668 1.999786666666668
vertex 20.378880000000013 -22.58986666666668 1.999786666666668
endloop
endfacet
facet normal 0 0 0.9999999999999999
outer loop
vertex -20.30122666666668 -22.299733333333347 1.999786666666668
vertex 20.378880000000013 -22.58986666666668 1.999786666666668
vertex 20.30122666666668 -22.299733333333347 1.999786666666668
endloop
endfacet
facet normal 0 0 1
outer loop
vertex -27.580160000000017 -22.299733333333347 1.999786666666668
vertex -27.561386666666685 -22.58986666666668 1.999786666666668
vertex -23.621120000000015 -22.58986666666668 1.999786666666668
endloop
endfacet
facet normal 0 0 1
outer loop
vertex -27.580160000000017 -22.299733333333347 1.999786666666668
vertex -23.621120000000015 -22.58986666666668 1.999786666666668
vertex -23.69877333333335 -22.299733333333347 1.999786666666668
endloop
endfacet
facet normal 0 0 1
outer loop
vertex 25.950720000000015 -22.727253333333348 1.999786666666668
vertex 23.621120000000015 -22.58986666666668 1.999786666666668
vertex 23.493973333333347 -22.862506666666683 1.999786666666668
endloop
endfacet
facet normal 0 0 1
outer loop
vertex 25.950720000000015 -22.727253333333348 1.999786666666668
vertex 23.493973333333347 -22.862506666666683 1.999786666666668
vertex 27.52597333333335 -22.862506666666683 1.999786666666668
endloop
endfacet
facet normal 0 0 1
outer loop
vertex 25.950720000000015 -22.727253333333348 1.999786666666668
vertex 27.52597333333335 -22.862506666666683 1.999786666666668
vertex 27.552000000000017 -22.731093333333348 1.999786666666668
endloop
endfacet
facet normal 0 0 1
outer loop
vertex 25.950720000000015 -22.727253333333348 1.999786666666668
vertex 27.552000000000017 -22.731093333333348 1.999786666666668
vertex 27.561386666666685 -22.58986666666668 1.999786666666668
endloop
endfacet
facet normal 0 0 1
outer loop
vertex 25.950720000000015 -22.727253333333348 1.999786666666668
vertex 27.561386666666685 -22.58986666666668 1.999786666666668
vertex 23.621120000000015 -22.58986666666668 1.999786666666668
endloop
endfacet
facet normal 0 0 1
outer loop
vertex -20.378880000000013 -22.58986666666668 1.999786666666668
vertex -20.50602666666668 -22.862506666666683 1.999786666666668
vertex 20.50602666666668 -22.862506666666683 1.999786666666668
endloop
endfacet
facet normal 0 0 1
outer loop
vertex -20.378880000000013 -22.58986666666668 1.999786666666668
vertex 20.50602666666668 -22.862506666666683 1.999786666666668
vertex 20.378880000000013 -22.58986666666668 1.999786666666668
endloop
endfacet
facet normal 0 0 1
outer loop
vertex -25.950720000000015 -22.727253333333348 1.999786666666668
vertex -27.561386666666685 -22.58986666666668 1.999786666666668
vertex -27.552000000000017 -22.731093333333348 1.999786666666668
endloop
endfacet
facet normal 0 0 1
outer loop
vertex -25.950720000000015 -22.727253333333348 1.999786666666668
vertex -27.552000000000017 -22.731093333333348 1.999786666666668
vertex -27.52597333333335 -22.862506666666683 1.999786666666668
endloop
endfacet
facet normal 0 0 1
outer loop
vertex -25.950720000000015 -22.727253333333348 1.999786666666668
vertex -27.52597333333335 -22.862506666666683 1.999786666666668
vertex -23.493973333333347 -22.862506666666683 1.999786666666668
endloop
endfacet
facet normal 0 0 1
outer loop
vertex -25.950720000000015 -22.727253333333348 1.999786666666668
vertex -23.493973333333347 -22.862506666666683 1.999786666666668
vertex -23.621120000000015 -22.58986666666668 1.999786666666668
endloop
endfacet
facet normal 0 0 1
outer loop
vertex -25.950720000000015 -22.727253333333348 1.999786666666668
vertex -23.621120000000015 -22.58986666666668 1.999786666666668
vertex -27.561386666666685 -22.58986666666668 1.999786666666668
endloop
endfacet
facet normal 0 0 1
outer loop
vertex 23.493973333333347 -22.862506666666683 1.999786666666668
vertex 23.321600000000014 -23.10869333333335 1.999786666666668
vertex 27.476906666666682 -23.10869333333335 1.999786666666668
endloop
endfacet
facet normal 0 0 1
outer loop
vertex 23.493973333333347 -22.862506666666683 1.999786666666668
vertex 27.476906666666682 -23.10869333333335 1.999786666666668
vertex 27.52597333333335 -22.862506666666683 1.999786666666668
endloop
endfacet
facet normal 0 0 1
outer loop
vertex -20.50602666666668 -22.862506666666683 1.999786666666668
vertex -20.678400000000014 -23.10869333333335 1.999786666666668
vertex 20.678400000000014 -23.10869333333335 1.999786666666668
endloop
endfacet
facet normal 0 0 1
outer loop
vertex -20.50602666666668 -22.862506666666683 1.999786666666668
vertex 20.678400000000014 -23.10869333333335 1.999786666666668
vertex 20.50602666666668 -22.862506666666683 1.999786666666668
endloop
endfacet
facet normal 0 0 1
outer loop
vertex -27.52597333333335 -22.862506666666683 1.999786666666668
vertex -27.476906666666682 -23.10869333333335 1.999786666666668
vertex -23.321600000000014 -23.10869333333335 1.999786666666668
endloop
endfacet
facet normal 0 0 1
outer loop
vertex -27.52597333333335 -22.862506666666683 1.999786666666668
vertex -23.321600000000014 -23.10869333333335 1.999786666666668
vertex -23.493973333333347 -22.862506666666683 1.999786666666668
endloop
endfacet
facet normal 0 0 1
outer loop
vertex 23.321600000000014 -23.10869333333335 1.999786666666668
vertex 23.10869333333335 -23.321600000000014 1.999786666666668
vertex 27.434666666666683 -23.321600000000014 1.999786666666668
endloop
endfacet
facet normal 0 0 1
outer loop
vertex 23.321600000000014 -23.10869333333335 1.999786666666668
vertex 27.434666666666683 -23.321600000000014 1.999786666666668
vertex 27.476906666666682 -23.10869333333335 1.999786666666668
endloop
endfacet
facet normal 0 0 1
outer loop
vertex -20.678400000000014 -23.10869333333335 1.999786666666668
vertex -20.89130666666668 -23.321600000000014 1.999786666666668
vertex 20.89130666666668 -23.321600000000014 1.999786666666668
endloop
endfacet
facet normal 0 0 1
outer loop
vertex -20.678400000000014 -23.10869333333335 1.999786666666668
vertex 20.89130666666668 -23.321600000000014 1.999786666666668
vertex 20.678400000000014 -23.10869333333335 1.999786666666668
endloop
endfacet
facet normal 0 0 1
outer loop
vertex -27.476906666666682 -23.10869333333335 1.999786666666668
vertex -27.434666666666683 -23.321600000000014 1.999786666666668
vertex -23.10869333333335 -23.321600000000014 1.999786666666668
endloop
endfacet
facet normal 0 0 1
outer loop
vertex -27.476906666666682 -23.10869333333335 1.999786666666668
vertex -23.10869333333335 -23.321600000000014 1.999786666666668
vertex -23.321600000000014 -23.10869333333335 1.999786666666668
endloop
endfacet
facet normal 0 0 0.9999999999999999
outer loop
vertex 25.64181333333335 -23.415893333333347 1.999786666666668
vertex 23.10869333333335 -23.321600000000014 1.999786666666668
vertex 22.862506666666683 -23.493973333333347 1.999786666666668
endloop
endfacet
facet normal 0 0 1
outer loop
vertex 25.64181333333335 -23.415893333333347 1.999786666666668
vertex 22.862506666666683 -23.493973333333347 1.999786666666668
vertex 27.39413333333335 -23.493973333333347 1.999786666666668
endloop
endfacet
facet normal 0 0 1
outer loop
vertex 25.64181333333335 -23.415893333333347 1.999786666666668
vertex 27.39413333333335 -23.493973333333347 1.999786666666668
vertex 27.409066666666686 -23.44917333333335 1.999786666666668
endloop
endfacet
facet normal 0 0 1
outer loop
vertex 25.64181333333335 -23.415893333333347 1.999786666666668
vertex 27.409066666666686 -23.44917333333335 1.999786666666668
vertex 27.434666666666683 -23.321600000000014 1.999786666666668
endloop
endfacet
facet normal 0 0 0.9999999999999999
outer loop
vertex 25.64181333333335 -23.415893333333347 1.999786666666668
vertex 27.434666666666683 -23.321600000000014 1.999786666666668
vertex 23.10869333333335 -23.321600000000014 1.999786666666668
endloop
endfacet
facet normal 0 0 1
outer loop
vertex -20.89130666666668 -23.321600000000014 1.999786666666668
vertex -21.137493333333346 -23.493973333333347 1.999786666666668
vertex 21.137493333333346 -23.493973333333347 1.999786666666668
endloop
endfacet
facet normal 0 0 1
outer loop
vertex -20.89130666666668 -23.321600000000014 1.999786666666668
vertex 21.137493333333346 -23.493973333333347 1.999786666666668
vertex 20.89130666666668 -23.321600000000014 1.999786666666668
endloop
endfacet
facet normal 0 0 1
outer loop
vertex -25.64181333333335 -23.415893333333347 1.999786666666668
vertex -27.434666666666683 -23.321600000000014 1.999786666666668
vertex -27.409066666666686 -23.44917333333335 1.999786666666668
endloop
endfacet
facet normal 0 0 1
outer loop
vertex -25.64181333333335 -23.415893333333347 1.999786666666668
vertex -27.409066666666686 -23.44917333333335 1.999786666666668
vertex -27.39413333333335 -23.493973333333347 1.999786666666668
endloop
endfacet
facet normal 0 0 1
outer loop
vertex -25.64181333333335 -23.415893333333347 1.999786666666668
vertex -27.39413333333335 -23.493973333333347 1.999786666666668
vertex -22.862506666666683 -23.493973333333347 1.999786666666668
endloop
endfacet
facet normal 0 0 0.9999999999999999
outer loop
vertex -25.64181333333335 -23.415893333333347 1.999786666666668
vertex -22.862506666666683 -23.493973333333347 1.999786666666668
vertex -23.10869333333335 -23.321600000000014 1.999786666666668
endloop
endfacet
facet normal 0 0 0.9999999999999999
outer loop
vertex -25.64181333333335 -23.415893333333347 1.999786666666668
vertex -23.10869333333335 -23.321600000000014 1.999786666666668
vertex -27.434666666666683 -23.321600000000014 1.999786666666668
endloop
endfacet
facet normal 0 0 1
outer loop
vertex 22.862506666666683 -23.493973333333347 1.999786666666668
vertex 22.58986666666668 -23.621120000000015 1.999786666666668
vertex 27.35104000000002 -23.621120000000015 1.999786666666668
endloop
endfacet
facet normal 0 0 1
outer loop
vertex 22.862506666666683 -23.493973333333347 1.999786666666668
vertex 27.35104000000002 -23.621120000000015 1.999786666666668
vertex 27.39413333333335 -23.493973333333347 1.999786666666668
endloop
endfacet
facet normal 0 0 1
outer loop
vertex -21.137493333333346 -23.493973333333347 1.999786666666668
vertex -21.41013333333335 -23.621120000000015 1.999786666666668
vertex 21.41013333333335 -23.621120000000015 1.999786666666668
endloop
endfacet
facet normal 0 0 1
outer loop
vertex -21.137493333333346 -23.493973333333347 1.999786666666668
vertex 21.41013333333335 -23.621120000000015 1.999786666666668
vertex 21.137493333333346 -23.493973333333347 1.999786666666668
endloop
endfacet
facet normal 0 0 1
outer loop
vertex -27.39413333333335 -23.493973333333347 1.999786666666668
vertex -27.35104000000002 -23.621120000000015 1.999786666666668
vertex -22.58986666666668 -23.621120000000015 1.999786666666668
endloop
endfacet
facet normal 0 0 1
outer loop
vertex -27.39413333333335 -23.493973333333347 1.999786666666668
vertex -22.58986666666668 -23.621120000000015 1.999786666666668
vertex -22.862506666666683 -23.493973333333347 1.999786666666668
endloop
endfacet
facet normal 0 0 1
outer loop
vertex 22.58986666666668 -23.621120000000015 1.999786666666668
vertex 22.299733333333347 -23.69877333333335 1.999786666666668
vertex 27.324586666666683 -23.69877333333335 1.999786666666668
endloop
endfacet
facet normal 0 0 1
outer loop
vertex 22.58986666666668 -23.621120000000015 1.999786666666668
vertex 27.324586666666683 -23.69877333333335 1.999786666666668
vertex 27.35104000000002 -23.621120000000015 1.999786666666668
endloop
endfacet
facet normal 0 0 0.9999999999999999
outer loop
vertex -21.41013333333335 -23.621120000000015 1.999786666666668
vertex -21.700266666666682 -23.69877333333335 1.999786666666668
vertex 21.700266666666682 -23.69877333333335 1.999786666666668
endloop
endfacet
facet normal 0 0 0.9999999999999999
outer loop
vertex -21.41013333333335 -23.621120000000015 1.999786666666668
vertex 21.700266666666682 -23.69877333333335 1.999786666666668
vertex 21.41013333333335 -23.621120000000015 1.999786666666668
endloop
endfacet
facet normal 0 0 1
outer loop
vertex -27.35104000000002 -23.621120000000015 1.999786666666668
vertex -27.324586666666683 -23.69877333333335 1.999786666666668
vertex -22.299733333333347 -23.69877333333335 1.999786666666668
endloop
endfacet
facet normal 0 0 1
outer loop
vertex -27.35104000000002 -23.621120000000015 1.999786666666668
vertex -22.299733333333347 -23.69877333333335 1.999786666666668
vertex -22.58986666666668 -23.621120000000015 1.999786666666668
endloop
endfacet
facet normal 0 0 1
outer loop
vertex 22.299733333333347 -23.69877333333335 1.999786666666668
vertex 22.00021333333335 -23.724800000000016 1.999786666666668
vertex 27.315626666666684 -23.724800000000016 1.999786666666668
endloop
endfacet
facet normal 0 0 1
outer loop
vertex 22.299733333333347 -23.69877333333335 1.999786666666668
vertex 27.315626666666684 -23.724800000000016 1.999786666666668
vertex 27.324586666666683 -23.69877333333335 1.999786666666668
endloop
endfacet
facet normal 0 0 1
outer loop
vertex -21.700266666666682 -23.69877333333335 1.999786666666668
vertex -21.99978666666668 -23.724800000000016 1.999786666666668
vertex 21.99978666666668 -23.724800000000016 1.999786666666668
endloop
endfacet
facet normal 0 0 1
outer loop
vertex -21.700266666666682 -23.69877333333335 1.999786666666668
vertex 21.99978666666668 -23.724800000000016 1.999786666666668
vertex 21.700266666666682 -23.69877333333335 1.999786666666668
endloop
endfacet
facet normal 0 0 1
outer loop
vertex -27.324586666666683 -23.69877333333335 1.999786666666668
vertex -27.315626666666684 -23.724800000000016 1.999786666666668
vertex -21.99978666666668 -23.724800000000016 1.999786666666668
endloop
endfacet
facet normal 0 0 1
outer loop
vertex -27.324586666666683 -23.69877333333335 1.999786666666668
vertex -21.99978666666668 -23.724800000000016 1.999786666666668
vertex -22.299733333333347 -23.69877333333335 1.999786666666668
endloop
endfacet
facet normal 0 0 1
outer loop
vertex 0.8802133333333338 -25.81205333333335 1.999786666666668
vertex 22.00021333333335 -23.724800000000016 1.999786666666668
vertex 21.99978666666668 -23.724800000000016 1.999786666666668
endloop
endfacet
facet normal 0 0 1
outer loop
vertex 0.8802133333333338 -25.81205333333335 1.999786666666668
vertex 21.99978666666668 -23.724800000000016 1.999786666666668
vertex -21.99978666666668 -23.724800000000016 1.999786666666668
endloop
endfacet
facet normal 0 0 1
outer loop
vertex 0.8802133333333338 -25.81205333333335 1.999786666666668
vertex -21.99978666666668 -23.724800000000016 1.999786666666668
vertex -27.315626666666684 -23.724800000000016 1.999786666666668
endloop
endfacet
facet normal 0 0 1
outer loop
vertex 0.8802133333333338 -25.81205333333335 1.999786666666668
vertex -27.315626666666684 -23.724800000000016 1.999786666666668
vertex -27.173546666666685 -24.14293333333335 1.999786666666668
endloop
endfacet
facet normal 0 0 1
outer loop
vertex 0.8802133333333338 -25.81205333333335 1.999786666666668
vertex -27.173546666666685 -24.14293333333335 1.999786666666668
vertex -26.849706666666684 -24.800000000000015 1.999786666666668
endloop
endfacet
facet normal 0 0 1
outer loop
vertex 0.8802133333333338 -25.81205333333335 1.999786666666668
vertex -26.849706666666684 -24.800000000000015 1.999786666666668
vertex -26.442666666666682 -25.40885333333335 1.999786666666668
endloop
endfacet
facet normal 0 0 1
outer loop
vertex 0.8802133333333338 -25.81205333333335 1.999786666666668
vertex -26.442666666666682 -25.40885333333335 1.999786666666668
vertex -25.959680000000017 -25.959680000000017 1.999786666666668
endloop
endfacet
facet normal 0 0 1
outer loop
vertex 0.8802133333333338 -25.81205333333335 1.999786666666668
vertex -25.959680000000017 -25.959680000000017 1.999786666666668
vertex -25.40885333333335 -26.442666666666682 1.999786666666668
endloop
endfacet
facet normal 0 0 1
outer loop
vertex 0.8802133333333338 -25.81205333333335 1.999786666666668
vertex -25.40885333333335 -26.442666666666682 1.999786666666668
vertex -24.800000000000015 -26.849706666666684 1.999786666666668
endloop
endfacet
facet normal 0 0 1
outer loop
vertex 0.8802133333333338 -25.81205333333335 1.999786666666668
vertex -24.800000000000015 -26.849706666666684 1.999786666666668
vertex -24.14293333333335 -27.173546666666685 1.999786666666668
endloop
endfacet
facet normal 0 0 0.9999999999999999
outer loop
vertex 0.8802133333333338 -25.81205333333335 1.999786666666668
vertex -24.14293333333335 -27.173546666666685 1.999786666666668
vertex -23.44917333333335 -27.409066666666686 1.999786666666668
endloop
endfacet
facet normal 0 0 1
outer loop
vertex 0.8802133333333338 -25.81205333333335 1.999786666666668
vertex -23.44917333333335 -27.409066666666686 1.999786666666668
vertex -22.731093333333348 -27.552000000000017 1.999786666666668
endloop
endfacet
facet normal 0 0 1
outer loop
vertex 0.8802133333333338 -25.81205333333335 1.999786666666668
vertex -22.731093333333348 -27.552000000000017 1.999786666666668
vertex -21.99978666666668 -27.599786666666684 1.999786666666668
endloop
endfacet
facet normal 0 0 1
outer loop
vertex 0.8802133333333338 -25.81205333333335 1.999786666666668
vertex -21.99978666666668 -27.599786666666684 1.999786666666668
vertex 21.99978666666668 -27.599786666666684 1.999786666666668
endloop
endfacet
facet normal 0 0 1
outer loop
vertex 0.8802133333333338 -25.81205333333335 1.999786666666668
vertex 21.99978666666668 -27.599786666666684 1.999786666666668
vertex 22.731093333333348 -27.552000000000017 1.999786666666668
endloop
endfacet
facet normal 0 0 1
outer loop
vertex 0.8802133333333338 -25.81205333333335 1.999786666666668
vertex 22.731093333333348 -27.552000000000017 1.999786666666668
vertex 23.44917333333335 -27.409066666666686 1.999786666666668
endloop
endfacet
facet normal 0 0 1
outer loop
vertex 0.8802133333333338 -25.81205333333335 1.999786666666668
vertex 23.44917333333335 -27.409066666666686 1.999786666666668
vertex 24.14293333333335 -27.173546666666685 1.999786666666668
endloop
endfacet
facet normal 0 0 1
outer loop
vertex 0.8802133333333338 -25.81205333333335 1.999786666666668
vertex 24.14293333333335 -27.173546666666685 1.999786666666668
vertex 24.800000000000015 -26.849706666666684 1.999786666666668
endloop
endfacet
facet normal 0 0 1
outer loop
vertex 0.8802133333333338 -25.81205333333335 1.999786666666668
vertex 24.800000000000015 -26.849706666666684 1.999786666666668
vertex 25.40885333333335 -26.442666666666682 1.999786666666668
endloop
endfacet
facet normal 0 0 1
outer loop
vertex 0.8802133333333338 -25.81205333333335 1.999786666666668
vertex 25.40885333333335 -26.442666666666682 1.999786666666668
vertex 25.959680000000017 -25.959680000000017 1.999786666666668
endloop
endfacet
facet normal 0 0 1
outer loop
vertex 0.8802133333333338 -25.81205333333335 1.999786666666668
vertex 25.959680000000017 -25.959680000000017 1.999786666666668
vertex 26.442666666666682 -25.40885333333335 1.999786666666668
endloop
endfacet
facet normal 0 0 0.9999999999999999
outer loop
vertex 0.8802133333333338 -25.81205333333335 1.999786666666668
vertex 26.442666666666682 -25.40885333333335 1.999786666666668
vertex 26.849706666666684 -24.800000000000015 1.999786666666668
endloop
endfacet
facet normal 0 0 1
outer loop
vertex 0.8802133333333338 -25.81205333333335 1.999786666666668
vertex 26.849706666666684 -24.800000000000015 1.999786666666668
vertex 27.173546666666685 -24.14293333333335 1.999786666666668
endloop
endfacet
facet normal 0 0 1
outer loop
vertex 0.8802133333333338 -25.81205333333335 1.999786666666668
vertex 27.173546666666685 -24.14293333333335 1.999786666666668
vertex 27.315626666666684 -23.724800000000016 1.999786666666668
endloop
endfacet
facet normal 0 0 1
outer loop
vertex 0.8802133333333338 -25.81205333333335 1.999786666666668
vertex 27.315626666666684 -23.724800000000016 1.999786666666668
vertex 22.00021333333335 -23.724800000000016 1.999786666666668
endloop
endfacet
facet normal -1 0 0
outer loop
vertex 27.599786666666684 0 2.203306666666668
vertex 27.599786666666684 21.99978666666668 8.000000000000005
vertex 27.599786666666684 21.99978666666668 1.999786666666668
endloop
endfacet
facet normal -0.9999999999999999 0 0
outer loop
vertex 27.599786666666684 0 2.203306666666668
vertex 27.599786666666684 21.99978666666668 1.999786666666668
vertex 27.599786666666684 21.700266666666682 1.999786666666668
endloop
endfacet
facet normal -0.9999999999999999 0 0
outer loop
vertex 27.599786666666684 0 2.203306666666668
vertex 27.599786666666684 21.700266666666682 1.999786666666668
vertex 27.599786666666684 21.41013333333335 1.999786666666668
endloop
endfacet
facet normal -1 0 0
outer loop
vertex 27.599786666666684 0 2.203306666666668
vertex 27.599786666666684 21.41013333333335 1.999786666666668
vertex 27.599786666666684 21.137493333333346 1.999786666666668
endloop
endfacet
facet normal -1 0 0
outer loop
vertex 27.599786666666684 0 2.203306666666668
vertex 27.599786666666684 21.137493333333346 1.999786666666668
vertex 27.599786666666684 20.89130666666668 1.999786666666668
endloop
endfacet
facet normal -1 0 0
outer loop
vertex 27.599786666666684 0 2.203306666666668
vertex 27.599786666666684 20.89130666666668 1.999786666666668
vertex 27.599786666666684 20.678400000000014 1.999786666666668
endloop
endfacet
facet normal -1 0 0
outer loop
vertex 27.599786666666684 0 2.203306666666668
vertex 27.599786666666684 20.678400000000014 1.999786666666668
vertex 27.599786666666684 20.50602666666668 1.999786666666668
endloop
endfacet
facet normal -1 0 0
outer loop
vertex 27.599786666666684 0 2.203306666666668
vertex 27.599786666666684 20.50602666666668 1.999786666666668
vertex 27.599786666666684 20.378880000000013 1.999786666666668
endloop
endfacet
facet normal -1 0 0
outer loop
vertex 27.599786666666684 0 2.203306666666668
vertex 27.599786666666684 20.378880000000013 1.999786666666668
vertex 27.599786666666684 20.30122666666668 1.999786666666668
endloop
endfacet
facet normal -0.9999999999999999 0 0
outer loop
vertex 27.599786666666684 0 2.203306666666668
vertex 27.599786666666684 20.30122666666668 1.999786666666668
vertex 27.599786666666684 20.275200000000012 1.999786666666668
endloop
endfacet
facet normal -1 0 0
outer loop
vertex 27.599786666666684 0 2.203306666666668
vertex 27.599786666666684 20.275200000000012 1.999786666666668
vertex 27.599786666666684 12.750080000000008 1.999786666666668
endloop
endfacet
facet normal -1 0 0
outer loop
vertex 27.599786666666684 0 2.203306666666668
vertex 27.599786666666684 12.750080000000008 1.999786666666668
vertex 27.599786666666684 12.701440000000009 1.999786666666668
endloop
endfacet
facet normal -0.9999999999999999 0 0
outer loop
vertex 27.599786666666684 0 2.203306666666668
vertex 27.599786666666684 12.701440000000009 1.999786666666668
vertex 27.599786666666684 12.556373333333342 1.999786666666668
endloop
endfacet
facet normal -1 0 0
outer loop
vertex 27.599786666666684 0 2.203306666666668
vertex 27.599786666666684 12.556373333333342 1.999786666666668
vertex 27.599786666666684 12.315733333333341 1.999786666666668
endloop
endfacet
facet normal -1 0 0
outer loop
vertex 27.599786666666684 0 2.203306666666668
vertex 27.599786666666684 12.315733333333341 1.999786666666668
vertex 27.599786666666684 11.981226666666675 1.999786666666668
endloop
endfacet
facet normal -1 0 0
outer loop
vertex 27.599786666666684 0 2.203306666666668
vertex 27.599786666666684 11.981226666666675 1.999786666666668
vertex 27.599786666666684 11.555413333333341 1.999786666666668
endloop
endfacet
facet normal -1 0 0
outer loop
vertex 27.599786666666684 0 2.203306666666668
vertex 27.599786666666684 11.555413333333341 1.999786666666668
vertex 27.599786666666684 11.041706666666673 1.999786666666668
endloop
endfacet
facet normal -1 0 0
outer loop
vertex 27.599786666666684 0 2.203306666666668
vertex 27.599786666666684 11.041706666666673 1.999786666666668
vertex 27.599786666666684 10.44437333333334 1.999786666666668
endloop
endfacet
facet normal -1 0 0
outer loop
vertex 27.599786666666684 0 2.203306666666668
vertex 27.599786666666684 10.44437333333334 1.999786666666668
vertex 27.599786666666684 9.76725333333334 1.999786666666668
endloop
endfacet
facet normal -1 0 0
outer loop
vertex 27.599786666666684 0 2.203306666666668
vertex 27.599786666666684 9.76725333333334 1.999786666666668
vertex 27.599786666666684 9.015466666666672 1.999786666666668
endloop
endfacet
facet normal -1 0 0
outer loop
vertex 27.599786666666684 0 2.203306666666668
vertex 27.599786666666684 9.015466666666672 1.999786666666668
vertex 27.599786666666684 8.195413333333338 1.999786666666668
endloop
endfacet
facet normal -0.9999999999999999 0 0
outer loop
vertex 27.599786666666684 0 2.203306666666668
vertex 27.599786666666684 8.195413333333338 1.999786666666668
vertex 27.599786666666684 7.313066666666671 1.999786666666668
endloop
endfacet
facet normal -1 0 0
outer loop
vertex 27.599786666666684 0 2.203306666666668
vertex 27.599786666666684 7.313066666666671 1.999786666666668
vertex 27.599786666666684 6.374826666666671 1.999786666666668
endloop
endfacet
facet normal -1 0 0
outer loop
vertex 27.599786666666684 0 2.203306666666668
vertex 27.599786666666684 6.374826666666671 1.999786666666668
vertex 27.599786666666684 5.388373333333337 1.999786666666668
endloop
endfacet
facet normal -1 0 0
outer loop
vertex 27.599786666666684 0 2.203306666666668
vertex 27.599786666666684 5.388373333333337 1.999786666666668
vertex 27.599786666666684 4.360960000000003 1.999786666666668
endloop
endfacet
facet normal -1 0 0
outer loop
vertex 27.599786666666684 0 2.203306666666668
vertex 27.599786666666684 4.360960000000003 1.999786666666668
vertex 27.599786666666684 3.299840000000002 1.999786666666668
endloop
endfacet
facet normal -1 0 0
outer loop
vertex 27.599786666666684 0 2.203306666666668
vertex 27.599786666666684 3.299840000000002 1.999786666666668
vertex 27.599786666666684 2.213973333333335 1.999786666666668
endloop
endfacet
facet normal -1 0 0
outer loop
vertex 27.599786666666684 0 2.203306666666668
vertex 27.599786666666684 2.213973333333335 1.999786666666668
vertex 27.599786666666684 1.1110400000000007 1.999786666666668
endloop
endfacet
facet normal -0.9999999999999999 0 0
outer loop
vertex 27.599786666666684 0 2.203306666666668
vertex 27.599786666666684 1.1110400000000007 1.999786666666668
vertex 27.599786666666684 0 1.999786666666668
endloop
endfacet
facet normal -0.9999999999999999 0 0
outer loop
vertex 27.599786666666684 0 2.203306666666668
vertex 27.599786666666684 0 1.999786666666668
vertex 27.599786666666684 -1.1110400000000007 1.999786666666668
endloop
endfacet
facet normal -1 0 0
outer loop
vertex 27.599786666666684 0 2.203306666666668
vertex 27.599786666666684 -1.1110400000000007 1.999786666666668
vertex 27.599786666666684 -2.213973333333335 1.999786666666668
endloop
endfacet
facet normal -1 0 0
outer loop
vertex 27.599786666666684 0 2.203306666666668
vertex 27.599786666666684 -2.213973333333335 1.999786666666668
vertex 27.599786666666684 -3.299840000000002 1.999786666666668
endloop
endfacet
facet normal -1 0 0
outer loop
vertex 27.599786666666684 0 2.203306666666668
vertex 27.599786666666684 -3.299840000000002 1.999786666666668
vertex 27.599786666666684 -4.360960000000003 1.999786666666668
endloop
endfacet
facet normal -1 0 0
outer loop
vertex 27.599786666666684 0 2.203306666666668
vertex 27.599786666666684 -4.360960000000003 1.999786666666668
vertex 27.599786666666684 -5.388373333333337 1.999786666666668
endloop
endfacet
facet normal -1 0 0
outer loop
vertex 27.599786666666684 0 2.203306666666668
vertex 27.599786666666684 -5.388373333333337 1.999786666666668
vertex 27.599786666666684 -6.374826666666671 1.999786666666668
endloop
endfacet
facet normal -1 0 0
outer loop
vertex 27.599786666666684 0 2.203306666666668
vertex 27.599786666666684 -6.374826666666671 1.999786666666668
vertex 27.599786666666684 -7.313066666666671 1.999786666666668
endloop
endfacet
facet normal -0.9999999999999999 0 0
outer loop
vertex 27.599786666666684 0 2.203306666666668
vertex 27.599786666666684 -7.313066666666671 1.999786666666668
vertex 27.599786666666684 -8.195413333333338 1.999786666666668
endloop
endfacet
facet normal -1 0 0
outer loop
vertex 27.599786666666684 0 2.203306666666668
vertex 27.599786666666684 -8.195413333333338 1.999786666666668
vertex 27.599786666666684 -9.015466666666672 1.999786666666668
endloop
endfacet
facet normal -1 0 0
outer loop
vertex 27.599786666666684 0 2.203306666666668
vertex 27.599786666666684 -9.015466666666672 1.999786666666668
vertex 27.599786666666684 -9.76725333333334 1.999786666666668
endloop
endfacet
facet normal -1 0 0
outer loop
vertex 27.599786666666684 0 2.203306666666668
vertex 27.599786666666684 -9.76725333333334 1.999786666666668
vertex 27.599786666666684 -10.44437333333334 1.999786666666668
endloop
endfacet
facet normal -1 0 0
outer loop
vertex 27.599786666666684 0 2.203306666666668
vertex 27.599786666666684 -10.44437333333334 1.999786666666668
vertex 27.599786666666684 -11.041706666666673 1.999786666666668
endloop
endfacet
facet normal -1 0 0
outer loop
vertex 27.599786666666684 0 2.203306666666668
vertex 27.599786666666684 -11.041706666666673 1.999786666666668
vertex 27.599786666666684 -11.555413333333341 1.999786666666668
endloop
endfacet
facet normal -1 0 0
outer loop
vertex 27.599786666666684 0 2.203306666666668
vertex 27.599786666666684 -11.555413333333341 1.999786666666668
vertex 27.599786666666684 -11.981226666666675 1.999786666666668
endloop
endfacet
facet normal -1 0 0
outer loop
vertex 27.599786666666684 0 2.203306666666668
vertex 27.599786666666684 -11.981226666666675 1.999786666666668
vertex 27.599786666666684 -12.315733333333341 1.999786666666668
endloop
endfacet
facet normal -1 0 0
outer loop
vertex 27.599786666666684 0 2.203306666666668
vertex 27.599786666666684 -12.315733333333341 1.999786666666668
vertex 27.599786666666684 -12.556373333333342 1.999786666666668
endloop
endfacet
facet normal -0.9999999999999999 0 0
outer loop
vertex 27.599786666666684 0 2.203306666666668
vertex 27.599786666666684 -12.556373333333342 1.999786666666668
vertex 27.599786666666684 -12.701440000000009 1.999786666666668
endloop
endfacet
facet normal -1 0 0
outer loop
vertex 27.599786666666684 0 2.203306666666668
vertex 27.599786666666684 -12.701440000000009 1.999786666666668
vertex 27.599786666666684 -12.750080000000008 1.999786666666668
endloop
endfacet
facet normal -1 0 0
outer loop
vertex 27.599786666666684 0 2.203306666666668
vertex 27.599786666666684 -12.750080000000008 1.999786666666668
vertex 27.599786666666684 -20.275200000000012 1.999786666666668
endloop
endfacet
facet normal -0.9999999999999999 0 0
outer loop
vertex 27.599786666666684 0 2.203306666666668
vertex 27.599786666666684 -20.275200000000012 1.999786666666668
vertex 27.599786666666684 -20.30122666666668 1.999786666666668
endloop
endfacet
facet normal -1 0 0
outer loop
vertex 27.599786666666684 0 2.203306666666668
vertex 27.599786666666684 -20.30122666666668 1.999786666666668
vertex 27.599786666666684 -20.378880000000013 1.999786666666668
endloop
endfacet
facet normal -1 0 0
outer loop
vertex 27.599786666666684 0 2.203306666666668
vertex 27.599786666666684 -20.378880000000013 1.999786666666668
vertex 27.599786666666684 -20.50602666666668 1.999786666666668
endloop
endfacet
facet normal -1 0 0
outer loop
vertex 27.599786666666684 0 2.203306666666668
vertex 27.599786666666684 -20.50602666666668 1.999786666666668
vertex 27.599786666666684 -20.678400000000014 1.999786666666668
endloop
endfacet
facet normal -1 0 0
outer loop
vertex 27.599786666666684 0 2.203306666666668
vertex 27.599786666666684 -20.678400000000014 1.999786666666668
vertex 27.599786666666684 -20.89130666666668 1.999786666666668
endloop
endfacet
facet normal -1 0 0
outer loop
vertex 27.599786666666684 0 2.203306666666668
vertex 27.599786666666684 -20.89130666666668 1.999786666666668
vertex 27.599786666666684 -21.137493333333346 1.999786666666668
endloop
endfacet
facet normal -1 0 0
outer loop
vertex 27.599786666666684 0 2.203306666666668
vertex 27.599786666666684 -21.137493333333346 1.999786666666668
vertex 27.599786666666684 -21.41013333333335 1.999786666666668
endloop
endfacet
facet normal -0.9999999999999999 0 0
outer loop
vertex 27.599786666666684 0 2.203306666666668
vertex 27.599786666666684 -21.41013333333335 1.999786666666668
vertex 27.599786666666684 -21.700266666666682 1.999786666666668
endloop
endfacet
facet normal -0.9999999999999999 0 0
outer loop
vertex 27.599786666666684 0 2.203306666666668
vertex 27.599786666666684 -21.700266666666682 1.999786666666668
vertex 27.599786666666684 -21.99978666666668 1.999786666666668
endloop
endfacet
facet normal -1 0 0
outer loop
vertex 27.599786666666684 0 2.203306666666668
vertex 27.599786666666684 -21.99978666666668 1.999786666666668
vertex 27.599786666666684 -21.99978666666668 8.000000000000005
endloop
endfacet
facet normal -0.9999999999999999 0 0
outer loop
vertex 27.599786666666684 0 2.203306666666668
vertex 27.599786666666684 -21.99978666666668 8.000000000000005
vertex 27.599786666666684 21.99978666666668 8.000000000000005
endloop
endfacet
facet normal -0.9978718788693017 -0.06520516361339701 0
outer loop
vertex 27.552000000000017 22.731093333333348 8.000000000000005
vertex 27.552000000000017 22.731093333333348 1.999786666666668
vertex 27.599786666666684 21.99978666666668 1.999786666666668
endloop
endfacet
facet normal -0.9978718788693017 -0.06520516361339701 0
outer loop
vertex 27.552000000000017 22.731093333333348 8.000000000000005
vertex 27.599786666666684 21.99978666666668 1.999786666666668
vertex 27.599786666666684 21.99978666666668 8.000000000000005
endloop
endfacet
facet normal -0.9807595719542338 -0.19521952264091777 0
outer loop
vertex 27.409066666666686 23.44917333333335 8.000000000000005
vertex 27.409066666666686 23.44917333333335 1.999786666666668
vertex 27.552000000000017 22.731093333333348 1.999786666666668
endloop
endfacet
facet normal -0.9807595719542338 -0.19521952264091777 0
outer loop
vertex 27.409066666666686 23.44917333333335 8.000000000000005
vertex 27.552000000000017 22.731093333333348 1.999786666666668
vertex 27.552000000000017 22.731093333333348 8.000000000000005
endloop
endfacet
facet normal -0.9469217314651881 -0.32146420403984344 0
outer loop
vertex 27.173546666666685 24.14293333333335 8.000000000000005
vertex 27.173546666666685 24.14293333333335 1.999786666666668
vertex 27.409066666666686 23.44917333333335 1.999786666666668
endloop
endfacet
facet normal -0.9469217314651881 -0.32146420403984344 0
outer loop
vertex 27.173546666666685 24.14293333333335 8.000000000000005
vertex 27.409066666666686 23.44917333333335 1.999786666666668
vertex 27.409066666666686 23.44917333333335 8.000000000000005
endloop
endfacet
facet normal -0.8969752912109549 -0.4420806792396866 0
outer loop
vertex 26.849706666666684 24.800000000000015 8.000000000000005
vertex 26.849706666666684 24.800000000000015 1.999786666666668
vertex 27.173546666666685 24.14293333333335 1.999786666666668
endloop
endfacet
facet normal -0.8969752912109549 -0.4420806792396866 0
outer loop
vertex 26.849706666666684 24.800000000000015 8.000000000000005
vertex 27.173546666666685 24.14293333333335 1.999786666666668
vertex 27.173546666666685 24.14293333333335 8.000000000000005
endloop
endfacet
facet normal -0.8313325855087944 -0.555775253381493 0
outer loop
vertex 26.442666666666682 25.40885333333335 8.000000000000005
vertex 26.442666666666682 25.40885333333335 1.999786666666668
vertex 26.849706666666684 24.800000000000015 1.999786666666668
endloop
endfacet
facet normal -0.8313325855087944 -0.555775253381493 0
outer loop
vertex 26.442666666666682 25.40885333333335 8.000000000000005
vertex 26.849706666666684 24.800000000000015 1.999786666666668
vertex 26.849706666666684 24.800000000000015 8.000000000000005
endloop
endfacet
facet normal -0.7518907959976087 -0.6592876693023177 0
outer loop
vertex 25.959680000000017 25.959680000000017 8.000000000000005
vertex 25.959680000000017 25.959680000000017 1.999786666666668
vertex 26.442666666666682 25.40885333333335 1.999786666666668
endloop
endfacet
facet normal -0.7518907959976087 -0.6592876693023177 0
outer loop
vertex 25.959680000000017 25.959680000000017 8.000000000000005
vertex 26.442666666666682 25.40885333333335 1.999786666666668
vertex 26.442666666666682 25.40885333333335 8.000000000000005
endloop
endfacet
facet normal -0.6592876693023177 -0.7518907959976087 0
outer loop
vertex 25.40885333333335 26.442666666666682 8.000000000000005
vertex 25.40885333333335 26.442666666666682 1.999786666666668
vertex 25.959680000000017 25.959680000000017 1.999786666666668
endloop
endfacet
facet normal -0.6592876693023177 -0.7518907959976087 0
outer loop
vertex 25.40885333333335 26.442666666666682 8.000000000000005
vertex 25.959680000000017 25.959680000000017 1.999786666666668
vertex 25.959680000000017 25.959680000000017 8.000000000000005
endloop
endfacet
facet normal -0.555775253381493 -0.8313325855087944 0
outer loop
vertex 24.800000000000015 26.849706666666684 8.000000000000005
vertex 24.800000000000015 26.849706666666684 1.999786666666668
vertex 25.40885333333335 26.442666666666682 1.999786666666668
endloop
endfacet
facet normal -0.555775253381493 -0.8313325855087944 0
outer loop
vertex 24.800000000000015 26.849706666666684 8.000000000000005
vertex 25.40885333333335 26.442666666666682 1.999786666666668
vertex 25.40885333333335 26.442666666666682 8.000000000000005
endloop
endfacet
facet normal -0.4420806792396866 -0.8969752912109549 0
outer loop
vertex 24.14293333333335 27.173546666666685 8.000000000000005
vertex 24.14293333333335 27.173546666666685 1.999786666666668
vertex 24.800000000000015 26.849706666666684 1.999786666666668
endloop
endfacet
facet normal -0.4420806792396866 -0.8969752912109549 0
outer loop
vertex 24.14293333333335 27.173546666666685 8.000000000000005
vertex 24.800000000000015 26.849706666666684 1.999786666666668
vertex 24.800000000000015 26.849706666666684 8.000000000000005
endloop
endfacet
facet normal -0.32146420403984344 -0.9469217314651881 0
outer loop
vertex 23.44917333333335 27.409066666666686 8.000000000000005
vertex 23.44917333333335 27.409066666666686 1.999786666666668
vertex 24.14293333333335 27.173546666666685 1.999786666666668
endloop
endfacet
facet normal -0.32146420403984344 -0.9469217314651881 0
outer loop
vertex 23.44917333333335 27.409066666666686 8.000000000000005
vertex 24.14293333333335 27.173546666666685 1.999786666666668
vertex 24.14293333333335 27.173546666666685 8.000000000000005
endloop
endfacet
facet normal -0.19521952264091777 -0.9807595719542338 0
outer loop
vertex 22.731093333333348 27.552000000000017 8.000000000000005
vertex 22.731093333333348 27.552000000000017 1.999786666666668
vertex 23.44917333333335 27.409066666666686 1.999786666666668
endloop
endfacet
facet normal -0.19521952264091777 -0.9807595719542338 0
outer loop
vertex 22.731093333333348 27.552000000000017 8.000000000000005
vertex 23.44917333333335 27.409066666666686 1.999786666666668
vertex 23.44917333333335 27.409066666666686 8.000000000000005
endloop
endfacet
facet normal -0.06520516361339701 -0.9978718788693017 0
outer loop
vertex 21.99978666666668 27.599786666666684 8.000000000000005
vertex 21.99978666666668 27.599786666666684 1.999786666666668
vertex 22.731093333333348 27.552000000000017 1.999786666666668
endloop
endfacet
facet normal -0.06520516361339701 -0.9978718788693017 0
outer loop
vertex 21.99978666666668 27.599786666666684 8.000000000000005
vertex 22.731093333333348 27.552000000000017 1.999786666666668
vertex 22.731093333333348 27.552000000000017 8.000000000000005
endloop
endfacet
facet normal 0 -1 0
outer loop
vertex -21.99978666666668 27.599786666666684 8.000000000000005
vertex -21.99978666666668 27.599786666666684 1.999786666666668
vertex 21.99978666666668 27.599786666666684 1.999786666666668
endloop
endfacet
facet normal 0 -1 0
outer loop
vertex -21.99978666666668 27.599786666666684 8.000000000000005
vertex 21.99978666666668 27.599786666666684 1.999786666666668
vertex 21.99978666666668 27.599786666666684 8.000000000000005
endloop
endfacet
facet normal 0.06520516361339701 -0.9978718788693017 0
outer loop
vertex -22.731093333333348 27.552000000000017 8.000000000000005
vertex -22.731093333333348 27.552000000000017 1.999786666666668
vertex -21.99978666666668 27.599786666666684 1.999786666666668
endloop
endfacet
facet normal 0.06520516361339701 -0.9978718788693017 0
outer loop
vertex -22.731093333333348 27.552000000000017 8.000000000000005
vertex -21.99978666666668 27.599786666666684 1.999786666666668
vertex -21.99978666666668 27.599786666666684 8.000000000000005
endloop
endfacet
facet normal 0.19521952264091777 -0.9807595719542338 0
outer loop
vertex -23.44917333333335 27.409066666666686 8.000000000000005
vertex -23.44917333333335 27.409066666666686 1.999786666666668
vertex -22.731093333333348 27.552000000000017 1.999786666666668
endloop
endfacet
facet normal 0.19521952264091777 -0.9807595719542338 0
outer loop
vertex -23.44917333333335 27.409066666666686 8.000000000000005
vertex -22.731093333333348 27.552000000000017 1.999786666666668
vertex -22.731093333333348 27.552000000000017 8.000000000000005
endloop
endfacet
facet normal 0.32146420403984344 -0.9469217314651881 0
outer loop
vertex -24.14293333333335 27.173546666666685 8.000000000000005
vertex -24.14293333333335 27.173546666666685 1.999786666666668
vertex -23.44917333333335 27.409066666666686 1.999786666666668
endloop
endfacet
facet normal 0.32146420403984344 -0.9469217314651881 0
outer loop
vertex -24.14293333333335 27.173546666666685 8.000000000000005
vertex -23.44917333333335 27.409066666666686 1.999786666666668
vertex -23.44917333333335 27.409066666666686 8.000000000000005
endloop
endfacet
facet normal 0.4420806792396866 -0.8969752912109549 0
outer loop
vertex -24.800000000000015 26.849706666666684 8.000000000000005
vertex -24.800000000000015 26.849706666666684 1.999786666666668
vertex -24.14293333333335 27.173546666666685 1.999786666666668
endloop
endfacet
facet normal 0.4420806792396866 -0.8969752912109549 0
outer loop
vertex -24.800000000000015 26.849706666666684 8.000000000000005
vertex -24.14293333333335 27.173546666666685 1.999786666666668
vertex -24.14293333333335 27.173546666666685 8.000000000000005
endloop
endfacet
facet normal 0.555775253381493 -0.8313325855087944 0
outer loop
vertex -25.40885333333335 26.442666666666682 8.000000000000005
vertex -25.40885333333335 26.442666666666682 1.999786666666668
vertex -24.800000000000015 26.849706666666684 1.999786666666668
endloop
endfacet
facet normal 0.555775253381493 -0.8313325855087944 0
outer loop
vertex -25.40885333333335 26.442666666666682 8.000000000000005
vertex -24.800000000000015 26.849706666666684 1.999786666666668
vertex -24.800000000000015 26.849706666666684 8.000000000000005
endloop
endfacet
facet normal 0.6592876693023177 -0.7518907959976087 0
outer loop
vertex -25.959680000000017 25.959680000000017 8.000000000000005
vertex -25.959680000000017 25.959680000000017 1.999786666666668
vertex -25.40885333333335 26.442666666666682 1.999786666666668
endloop
endfacet
facet normal 0.6592876693023177 -0.7518907959976087 0
outer loop
vertex -25.959680000000017 25.959680000000017 8.000000000000005
vertex -25.40885333333335 26.442666666666682 1.999786666666668
vertex -25.40885333333335 26.442666666666682 8.000000000000005
endloop
endfacet
facet normal 0.7518907959976087 -0.6592876693023177 0
outer loop
vertex -26.442666666666682 25.40885333333335 8.000000000000005
vertex -26.442666666666682 25.40885333333335 1.999786666666668
vertex -25.959680000000017 25.959680000000017 1.999786666666668
endloop
endfacet
facet normal 0.7518907959976087 -0.6592876693023177 0
outer loop
vertex -26.442666666666682 25.40885333333335 8.000000000000005
vertex -25.959680000000017 25.959680000000017 1.999786666666668
vertex -25.959680000000017 25.959680000000017 8.000000000000005
endloop
endfacet
facet normal 0.8313325855087944 -0.555775253381493 0
outer loop
vertex -26.849706666666684 24.800000000000015 8.000000000000005
vertex -26.849706666666684 24.800000000000015 1.999786666666668
vertex -26.442666666666682 25.40885333333335 1.999786666666668
endloop
endfacet
facet normal 0.8313325855087944 -0.555775253381493 0
outer loop
vertex -26.849706666666684 24.800000000000015 8.000000000000005
vertex -26.442666666666682 25.40885333333335 1.999786666666668
vertex -26.442666666666682 25.40885333333335 8.000000000000005
endloop
endfacet
facet normal 0.8969752912109549 -0.4420806792396866 0
outer loop
vertex -27.173546666666685 24.14293333333335 8.000000000000005
vertex -27.173546666666685 24.14293333333335 1.999786666666668
vertex -26.849706666666684 24.800000000000015 1.999786666666668
endloop
endfacet
facet normal 0.8969752912109549 -0.4420806792396866 0
outer loop
vertex -27.173546666666685 24.14293333333335 8.000000000000005
vertex -26.849706666666684 24.800000000000015 1.999786666666668
vertex -26.849706666666684 24.800000000000015 8.000000000000005
endloop
endfacet
facet normal 0.9469217314651881 -0.32146420403984344 0
outer loop
vertex -27.409066666666686 23.44917333333335 8.000000000000005
vertex -27.409066666666686 23.44917333333335 1.999786666666668
vertex -27.173546666666685 24.14293333333335 1.999786666666668
endloop
endfacet
facet normal 0.9469217314651881 -0.32146420403984344 0
outer loop
vertex -27.409066666666686 23.44917333333335 8.000000000000005
vertex -27.173546666666685 24.14293333333335 1.999786666666668
vertex -27.173546666666685 24.14293333333335 8.000000000000005
endloop
endfacet
facet normal 0.9807595719542338 -0.19521952264091777 0
outer loop
vertex -27.552000000000017 22.731093333333348 8.000000000000005
vertex -27.552000000000017 22.731093333333348 1.999786666666668
vertex -27.409066666666686 23.44917333333335 1.999786666666668
endloop
endfacet
facet normal 0.9807595719542338 -0.19521952264091777 0
outer loop
vertex -27.552000000000017 22.731093333333348 8.000000000000005
vertex -27.409066666666686 23.44917333333335 1.999786666666668
vertex -27.409066666666686 23.44917333333335 8.000000000000005
endloop
endfacet
facet normal 0.9978718788693017 -0.06520516361339701 0
outer loop
vertex -27.599786666666684 21.99978666666668 8.000000000000005
vertex -27.599786666666684 21.99978666666668 1.999786666666668
vertex -27.552000000000017 22.731093333333348 1.999786666666668
endloop
endfacet
facet normal 0.9978718788693017 -0.06520516361339701 0
outer loop
vertex -27.599786666666684 21.99978666666668 8.000000000000005
vertex -27.552000000000017 22.731093333333348 1.999786666666668
vertex -27.552000000000017 22.731093333333348 8.000000000000005
endloop
endfacet
facet normal 1 0 0
outer loop
vertex -27.599786666666684 0 2.203306666666668
vertex -27.599786666666684 -21.99978666666668 8.000000000000005
vertex -27.599786666666684 -21.99978666666668 1.999786666666668
endloop
endfacet
facet normal 0.9999999999999999 0 0
outer loop
vertex -27.599786666666684 0 2.203306666666668
vertex -27.599786666666684 -21.99978666666668 1.999786666666668
vertex -27.599786666666684 -21.700266666666682 1.999786666666668
endloop
endfacet
facet normal 0.9999999999999999 0 0
outer loop
vertex -27.599786666666684 0 2.203306666666668
vertex -27.599786666666684 -21.700266666666682 1.999786666666668
vertex -27.599786666666684 -21.41013333333335 1.999786666666668
endloop
endfacet
facet normal 1 0 0
outer loop
vertex -27.599786666666684 0 2.203306666666668
vertex -27.599786666666684 -21.41013333333335 1.999786666666668
vertex -27.599786666666684 -21.137493333333346 1.999786666666668
endloop
endfacet
facet normal 1 0 0
outer loop
vertex -27.599786666666684 0 2.203306666666668
vertex -27.599786666666684 -21.137493333333346 1.999786666666668
vertex -27.599786666666684 -20.89130666666668 1.999786666666668
endloop
endfacet
facet normal 1 0 0
outer loop
vertex -27.599786666666684 0 2.203306666666668
vertex -27.599786666666684 -20.89130666666668 1.999786666666668
vertex -27.599786666666684 -20.678400000000014 1.999786666666668
endloop
endfacet
facet normal 1 0 0
outer loop
vertex -27.599786666666684 0 2.203306666666668
vertex -27.599786666666684 -20.678400000000014 1.999786666666668
vertex -27.599786666666684 -20.50602666666668 1.999786666666668
endloop
endfacet
facet normal 1 0 0
outer loop
vertex -27.599786666666684 0 2.203306666666668
vertex -27.599786666666684 -20.50602666666668 1.999786666666668
vertex -27.599786666666684 -20.378880000000013 1.999786666666668
endloop
endfacet
facet normal 1 0 0
outer loop
vertex -27.599786666666684 0 2.203306666666668
vertex -27.599786666666684 -20.378880000000013 1.999786666666668
vertex -27.599786666666684 -20.30122666666668 1.999786666666668
endloop
endfacet
facet normal 0.9999999999999999 0 0
outer loop
vertex -27.599786666666684 0 2.203306666666668
vertex -27.599786666666684 -20.30122666666668 1.999786666666668
vertex -27.599786666666684 -20.275200000000012 1.999786666666668
endloop
endfacet
facet normal 1 0 0
outer loop
vertex -27.599786666666684 0 2.203306666666668
vertex -27.599786666666684 -20.275200000000012 1.999786666666668
vertex -27.599786666666684 -12.750080000000008 1.999786666666668
endloop
endfacet
facet normal 1 0 0
outer loop
vertex -27.599786666666684 0 2.203306666666668
vertex -27.599786666666684 -12.750080000000008 1.999786666666668
vertex -27.599786666666684 -12.701440000000009 1.999786666666668
endloop
endfacet
facet normal 0.9999999999999999 0 0
outer loop
vertex -27.599786666666684 0 2.203306666666668
vertex -27.599786666666684 -12.701440000000009 1.999786666666668
vertex -27.599786666666684 -12.556373333333342 1.999786666666668
endloop
endfacet
facet normal 1 0 0
outer loop
vertex -27.599786666666684 0 2.203306666666668
vertex -27.599786666666684 -12.556373333333342 1.999786666666668
vertex -27.599786666666684 -12.315733333333341 1.999786666666668
endloop
endfacet
facet normal 1 0 0
outer loop
vertex -27.599786666666684 0 2.203306666666668
vertex -27.599786666666684 -12.315733333333341 1.999786666666668
vertex -27.599786666666684 -11.981226666666675 1.999786666666668
endloop
endfacet
facet normal 1 0 0
outer loop
vertex -27.599786666666684 0 2.203306666666668
vertex -27.599786666666684 -11.981226666666675 1.999786666666668
vertex -27.599786666666684 -11.555413333333341 1.999786666666668
endloop
endfacet
facet normal 1 0 0
outer loop
vertex -27.599786666666684 0 2.203306666666668
vertex -27.599786666666684 -11.555413333333341 1.999786666666668
vertex -27.599786666666684 -11.041706666666673 1.999786666666668
endloop
endfacet
facet normal 1 0 0
outer loop
vertex -27.599786666666684 0 2.203306666666668
vertex -27.599786666666684 -11.041706666666673 1.999786666666668
vertex -27.599786666666684 -10.44437333333334 1.999786666666668
endloop
endfacet
facet normal 1 0 0
outer loop
vertex -27.599786666666684 0 2.203306666666668
vertex -27.599786666666684 -10.44437333333334 1.999786666666668
vertex -27.599786666666684 -9.76725333333334 1.999786666666668
endloop
endfacet
facet normal 1 0 0
outer loop
vertex -27.599786666666684 0 2.203306666666668
vertex -27.599786666666684 -9.76725333333334 1.999786666666668
vertex -27.599786666666684 -9.015466666666672 1.999786666666668
endloop
endfacet
facet normal 1 0 0
outer loop
vertex -27.599786666666684 0 2.203306666666668
vertex -27.599786666666684 -9.015466666666672 1.999786666666668
vertex -27.599786666666684 -8.195413333333338 1.999786666666668
endloop
endfacet
facet normal 0.9999999999999999 0 0
outer loop
vertex -27.599786666666684 0 2.203306666666668
vertex -27.599786666666684 -8.195413333333338 1.999786666666668
vertex -27.599786666666684 -7.313066666666671 1.999786666666668
endloop
endfacet
facet normal 1 0 0
outer loop
vertex -27.599786666666684 0 2.203306666666668
vertex -27.599786666666684 -7.313066666666671 1.999786666666668
vertex -27.599786666666684 -6.374826666666671 1.999786666666668
endloop
endfacet
facet normal 1 0 0
outer loop
vertex -27.599786666666684 0 2.203306666666668
vertex -27.599786666666684 -6.374826666666671 1.999786666666668
vertex -27.599786666666684 -5.388373333333337 1.999786666666668
endloop
endfacet
facet normal 1 0 0
outer loop
vertex -27.599786666666684 0 2.203306666666668
vertex -27.599786666666684 -5.388373333333337 1.999786666666668
vertex -27.599786666666684 -4.360960000000003 1.999786666666668
endloop
endfacet
facet normal 1 0 0
outer loop
vertex -27.599786666666684 0 2.203306666666668
vertex -27.599786666666684 -4.360960000000003 1.999786666666668
vertex -27.599786666666684 -3.299840000000002 1.999786666666668
endloop
endfacet
facet normal 1 0 0
outer loop
vertex -27.599786666666684 0 2.203306666666668
vertex -27.599786666666684 -3.299840000000002 1.999786666666668
vertex -27.599786666666684 -2.213973333333335 1.999786666666668
endloop
endfacet
facet normal 1 0 0
outer loop
vertex -27.599786666666684 0 2.203306666666668
vertex -27.599786666666684 -2.213973333333335 1.999786666666668
vertex -27.599786666666684 -1.1110400000000007 1.999786666666668
endloop
endfacet
facet normal 0.9999999999999999 0 0
outer loop
vertex -27.599786666666684 0 2.203306666666668
vertex -27.599786666666684 -1.1110400000000007 1.999786666666668
vertex -27.599786666666684 0 1.999786666666668
endloop
endfacet
facet normal 0.9999999999999999 0 0
outer loop
vertex -27.599786666666684 0 2.203306666666668
vertex -27.599786666666684 0 1.999786666666668
vertex -27.599786666666684 1.1110400000000007 1.999786666666668
endloop
endfacet
facet normal 1 0 0
outer loop
vertex -27.599786666666684 0 2.203306666666668
vertex -27.599786666666684 1.1110400000000007 1.999786666666668
vertex -27.599786666666684 2.213973333333335 1.999786666666668
endloop
endfacet
facet normal 1 0 0
outer loop
vertex -27.599786666666684 0 2.203306666666668
vertex -27.599786666666684 2.213973333333335 1.999786666666668
vertex -27.599786666666684 3.299840000000002 1.999786666666668
endloop
endfacet
facet normal 1 0 0
outer loop
vertex -27.599786666666684 0 2.203306666666668
vertex -27.599786666666684 3.299840000000002 1.999786666666668
vertex -27.599786666666684 4.360960000000003 1.999786666666668
endloop
endfacet
facet normal 1 0 0
outer loop
vertex -27.599786666666684 0 2.203306666666668
vertex -27.599786666666684 4.360960000000003 1.999786666666668
vertex -27.599786666666684 5.388373333333337 1.999786666666668
endloop
endfacet
facet normal 1 0 0
outer loop
vertex -27.599786666666684 0 2.203306666666668
vertex -27.599786666666684 5.388373333333337 1.999786666666668
vertex -27.599786666666684 6.374826666666671 1.999786666666668
endloop
endfacet
facet normal 1 0 0
outer loop
vertex -27.599786666666684 0 2.203306666666668
vertex -27.599786666666684 6.374826666666671 1.999786666666668
vertex -27.599786666666684 7.313066666666671 1.999786666666668
endloop
endfacet
facet normal 0.9999999999999999 0 0
outer loop
vertex -27.599786666666684 0 2.203306666666668
vertex -27.599786666666684 7.313066666666671 1.999786666666668
vertex -27.599786666666684 8.195413333333338 1.999786666666668
endloop
endfacet
facet normal 1 0 0
outer loop
vertex -27.599786666666684 0 2.203306666666668
vertex -27.599786666666684 8.195413333333338 1.999786666666668
vertex -27.599786666666684 9.015466666666672 1.999786666666668
endloop
endfacet
facet normal 1 0 0
outer loop
vertex -27.599786666666684 0 2.203306666666668
vertex -27.599786666666684 9.015466666666672 1.999786666666668
vertex -27.599786666666684 9.76725333333334 1.999786666666668
endloop
endfacet
facet normal 1 0 0
outer loop
vertex -27.599786666666684 0 2.203306666666668
vertex -27.599786666666684 9.76725333333334 1.999786666666668
vertex -27.599786666666684 10.44437333333334 1.999786666666668
endloop
endfacet
facet normal 1 0 0
outer loop
vertex -27.599786666666684 0 2.203306666666668
vertex -27.599786666666684 10.44437333333334 1.999786666666668
vertex -27.599786666666684 11.041706666666673 1.999786666666668
endloop
endfacet
facet normal 1 0 0
outer loop
vertex -27.599786666666684 0 2.203306666666668
vertex -27.599786666666684 11.041706666666673 1.999786666666668
vertex -27.599786666666684 11.555413333333341 1.999786666666668
endloop
endfacet
facet normal 1 0 0
outer loop
vertex -27.599786666666684 0 2.203306666666668
vertex -27.599786666666684 11.555413333333341 1.999786666666668
vertex -27.599786666666684 11.981226666666675 1.999786666666668
endloop
endfacet
facet normal 1 0 0
outer loop
vertex -27.599786666666684 0 2.203306666666668
vertex -27.599786666666684 11.981226666666675 1.999786666666668
vertex -27.599786666666684 12.315733333333341 1.999786666666668
endloop
endfacet
facet normal 1 0 0
outer loop
vertex -27.599786666666684 0 2.203306666666668
vertex -27.599786666666684 12.315733333333341 1.999786666666668
vertex -27.599786666666684 12.556373333333342 1.999786666666668
endloop
endfacet
facet normal 0.9999999999999999 0 0
outer loop
vertex -27.599786666666684 0 2.203306666666668
vertex -27.599786666666684 12.556373333333342 1.999786666666668
vertex -27.599786666666684 12.701440000000009 1.999786666666668
endloop
endfacet
facet normal 1 0 0
outer loop
vertex -27.599786666666684 0 2.203306666666668
vertex -27.599786666666684 12.701440000000009 1.999786666666668
vertex -27.599786666666684 12.750080000000008 1.999786666666668
endloop
endfacet
facet normal 1 0 0
outer loop
vertex -27.599786666666684 0 2.203306666666668
vertex -27.599786666666684 12.750080000000008 1.999786666666668
vertex -27.599786666666684 20.275200000000012 1.999786666666668
endloop
endfacet
facet normal 0.9999999999999999 0 0
outer loop
vertex -27.599786666666684 0 2.203306666666668
vertex -27.599786666666684 20.275200000000012 1.999786666666668
vertex -27.599786666666684 20.30122666666668 1.999786666666668
endloop
endfacet
facet normal 1 0 0
outer loop
vertex -27.599786666666684 0 2.203306666666668
vertex -27.599786666666684 20.30122666666668 1.999786666666668
vertex -27.599786666666684 20.378880000000013 1.999786666666668
endloop
endfacet
facet normal 1 0 0
outer loop
vertex -27.599786666666684 0 2.203306666666668
vertex -27.599786666666684 20.378880000000013 1.999786666666668
vertex -27.599786666666684 20.50602666666668 1.999786666666668
endloop
endfacet
facet normal 1 0 0
outer loop
vertex -27.599786666666684 0 2.203306666666668
vertex -27.599786666666684 20.50602666666668 1.999786666666668
vertex -27.599786666666684 20.678400000000014 1.999786666666668
endloop
endfacet
facet normal 1 0 0
outer loop
vertex -27.599786666666684 0 2.203306666666668
vertex -27.599786666666684 20.678400000000014 1.999786666666668
vertex -27.599786666666684 20.89130666666668 1.999786666666668
endloop
endfacet
facet normal 1 0 0
outer loop
vertex -27.599786666666684 0 2.203306666666668
vertex -27.599786666666684 20.89130666666668 1.999786666666668
vertex -27.599786666666684 21.137493333333346 1.999786666666668
endloop
endfacet
facet normal 1 0 0
outer loop
vertex -27.599786666666684 0 2.203306666666668
vertex -27.599786666666684 21.137493333333346 1.999786666666668
vertex -27.599786666666684 21.41013333333335 1.999786666666668
endloop
endfacet
facet normal 0.9999999999999999 0 0
outer loop
vertex -27.599786666666684 0 2.203306666666668
vertex -27.599786666666684 21.41013333333335 1.999786666666668
vertex -27.599786666666684 21.700266666666682 1.999786666666668
endloop
endfacet
facet normal 0.9999999999999999 0 0
outer loop
vertex -27.599786666666684 0 2.203306666666668
vertex -27.599786666666684 21.700266666666682 1.999786666666668
vertex -27.599786666666684 21.99978666666668 1.999786666666668
endloop
endfacet
facet normal 1 0 0
outer loop
vertex -27.599786666666684 0 2.203306666666668
vertex -27.599786666666684 21.99978666666668 1.999786666666668
vertex -27.599786666666684 21.99978666666668 8.000000000000005
endloop
endfacet
facet normal 0.9999999999999999 0 0
outer loop
vertex -27.599786666666684 0 2.203306666666668
vertex -27.599786666666684 21.99978666666668 8.000000000000005
vertex -27.599786666666684 -21.99978666666668 8.000000000000005
endloop
endfacet
facet normal 0.9978718788693017 0.06520516361339701 0
outer loop
vertex -27.552000000000017 -22.731093333333348 8.000000000000005
vertex -27.552000000000017 -22.731093333333348 1.999786666666668
vertex -27.599786666666684 -21.99978666666668 1.999786666666668
endloop
endfacet
facet normal 0.9978718788693017 0.06520516361339701 0
outer loop
vertex -27.552000000000017 -22.731093333333348 8.000000000000005
vertex -27.599786666666684 -21.99978666666668 1.999786666666668
vertex -27.599786666666684 -21.99978666666668 8.000000000000005
endloop
endfacet
facet normal 0.9807595719542338 0.19521952264091777 0
outer loop
vertex -27.409066666666686 -23.44917333333335 8.000000000000005
vertex -27.409066666666686 -23.44917333333335 1.999786666666668
vertex -27.552000000000017 -22.731093333333348 1.999786666666668
endloop
endfacet
facet normal 0.9807595719542338 0.19521952264091777 0
outer loop
vertex -27.409066666666686 -23.44917333333335 8.000000000000005
vertex -27.552000000000017 -22.731093333333348 1.999786666666668
vertex -27.552000000000017 -22.731093333333348 8.000000000000005
endloop
endfacet
facet normal 0.9469217314651881 0.32146420403984344 0
outer loop
vertex -27.173546666666685 -24.14293333333335 8.000000000000005
vertex -27.173546666666685 -24.14293333333335 1.999786666666668
vertex -27.409066666666686 -23.44917333333335 1.999786666666668
endloop
endfacet
facet normal 0.9469217314651881 0.32146420403984344 0
outer loop
vertex -27.173546666666685 -24.14293333333335 8.000000000000005
vertex -27.409066666666686 -23.44917333333335 1.999786666666668
vertex -27.409066666666686 -23.44917333333335 8.000000000000005
endloop
endfacet
facet normal 0.8969752912109549 0.4420806792396866 0
outer loop
vertex -26.849706666666684 -24.800000000000015 8.000000000000005
vertex -26.849706666666684 -24.800000000000015 1.999786666666668
vertex -27.173546666666685 -24.14293333333335 1.999786666666668
endloop
endfacet
facet normal 0.8969752912109549 0.4420806792396866 0
outer loop
vertex -26.849706666666684 -24.800000000000015 8.000000000000005
vertex -27.173546666666685 -24.14293333333335 1.999786666666668
vertex -27.173546666666685 -24.14293333333335 8.000000000000005
endloop
endfacet
facet normal 0.8313325855087944 0.555775253381493 0
outer loop
vertex -26.442666666666682 -25.40885333333335 8.000000000000005
vertex -26.442666666666682 -25.40885333333335 1.999786666666668
vertex -26.849706666666684 -24.800000000000015 1.999786666666668
endloop
endfacet
facet normal 0.8313325855087944 0.555775253381493 0
outer loop
vertex -26.442666666666682 -25.40885333333335 8.000000000000005
vertex -26.849706666666684 -24.800000000000015 1.999786666666668
vertex -26.849706666666684 -24.800000000000015 8.000000000000005
endloop
endfacet
facet normal 0.7518907959976087 0.6592876693023177 0
outer loop
vertex -25.959680000000017 -25.959680000000017 8.000000000000005
vertex -25.959680000000017 -25.959680000000017 1.999786666666668
vertex -26.442666666666682 -25.40885333333335 1.999786666666668
endloop
endfacet
facet normal 0.7518907959976087 0.6592876693023177 0
outer loop
vertex -25.959680000000017 -25.959680000000017 8.000000000000005
vertex -26.442666666666682 -25.40885333333335 1.999786666666668
vertex -26.442666666666682 -25.40885333333335 8.000000000000005
endloop
endfacet
facet normal 0.6592876693023177 0.7518907959976087 0
outer loop
vertex -25.40885333333335 -26.442666666666682 8.000000000000005
vertex -25.40885333333335 -26.442666666666682 1.999786666666668
vertex -25.959680000000017 -25.959680000000017 1.999786666666668
endloop
endfacet
facet normal 0.6592876693023177 0.7518907959976087 0
outer loop
vertex -25.40885333333335 -26.442666666666682 8.000000000000005
vertex -25.959680000000017 -25.959680000000017 1.999786666666668
vertex -25.959680000000017 -25.959680000000017 8.000000000000005
endloop
endfacet
facet normal 0.555775253381493 0.8313325855087944 0
outer loop
vertex -24.800000000000015 -26.849706666666684 8.000000000000005
vertex -24.800000000000015 -26.849706666666684 1.999786666666668
vertex -25.40885333333335 -26.442666666666682 1.999786666666668
endloop
endfacet
facet normal 0.555775253381493 0.8313325855087944 0
outer loop
vertex -24.800000000000015 -26.849706666666684 8.000000000000005
vertex -25.40885333333335 -26.442666666666682 1.999786666666668
vertex -25.40885333333335 -26.442666666666682 8.000000000000005
endloop
endfacet
facet normal 0.4420806792396866 0.8969752912109549 0
outer loop
vertex -24.14293333333335 -27.173546666666685 8.000000000000005
vertex -24.14293333333335 -27.173546666666685 1.999786666666668
vertex -24.800000000000015 -26.849706666666684 1.999786666666668
endloop
endfacet
facet normal 0.4420806792396866 0.8969752912109549 0
outer loop
vertex -24.14293333333335 -27.173546666666685 8.000000000000005
vertex -24.800000000000015 -26.849706666666684 1.999786666666668
vertex -24.800000000000015 -26.849706666666684 8.000000000000005
endloop
endfacet
facet normal 0.32146420403984344 0.9469217314651881 0
outer loop
vertex -23.44917333333335 -27.409066666666686 8.000000000000005
vertex -23.44917333333335 -27.409066666666686 1.999786666666668
vertex -24.14293333333335 -27.173546666666685 1.999786666666668
endloop
endfacet
facet normal 0.32146420403984344 0.9469217314651881 0
outer loop
vertex -23.44917333333335 -27.409066666666686 8.000000000000005
vertex -24.14293333333335 -27.173546666666685 1.999786666666668
vertex -24.14293333333335 -27.173546666666685 8.000000000000005
endloop
endfacet
facet normal 0.19521952264091777 0.9807595719542338 0
outer loop
vertex -22.731093333333348 -27.552000000000017 8.000000000000005
vertex -22.731093333333348 -27.552000000000017 1.999786666666668
vertex -23.44917333333335 -27.409066666666686 1.999786666666668
endloop
endfacet
facet normal 0.19521952264091777 0.9807595719542338 0
outer loop
vertex -22.731093333333348 -27.552000000000017 8.000000000000005
vertex -23.44917333333335 -27.409066666666686 1.999786666666668
vertex -23.44917333333335 -27.409066666666686 8.000000000000005
endloop
endfacet
facet normal 0.06520516361339701 0.9978718788693017 0
outer loop
vertex -21.99978666666668 -27.599786666666684 8.000000000000005
vertex -21.99978666666668 -27.599786666666684 1.999786666666668
vertex -22.731093333333348 -27.552000000000017 1.999786666666668
endloop
endfacet
facet normal 0.06520516361339701 0.9978718788693017 0
outer loop
vertex -21.99978666666668 -27.599786666666684 8.000000000000005
vertex -22.731093333333348 -27.552000000000017 1.999786666666668
vertex -22.731093333333348 -27.552000000000017 8.000000000000005
endloop
endfacet
facet normal 0 1 0
outer loop
vertex 21.99978666666668 -27.599786666666684 8.000000000000005
vertex 21.99978666666668 -27.599786666666684 1.999786666666668
vertex -21.99978666666668 -27.599786666666684 1.999786666666668
endloop
endfacet
facet normal 0 1 0
outer loop
vertex 21.99978666666668 -27.599786666666684 8.000000000000005
vertex -21.99978666666668 -27.599786666666684 1.999786666666668
vertex -21.99978666666668 -27.599786666666684 8.000000000000005
endloop
endfacet
facet normal -0.06520516361339701 0.9978718788693017 0
outer loop
vertex 22.731093333333348 -27.552000000000017 8.000000000000005
vertex 22.731093333333348 -27.552000000000017 1.999786666666668
vertex 21.99978666666668 -27.599786666666684 1.999786666666668
endloop
endfacet
facet normal -0.06520516361339701 0.9978718788693017 0
outer loop
vertex 22.731093333333348 -27.552000000000017 8.000000000000005
vertex 21.99978666666668 -27.599786666666684 1.999786666666668
vertex 21.99978666666668 -27.599786666666684 8.000000000000005
endloop
endfacet
facet normal -0.19521952264091777 0.9807595719542338 0
outer loop
vertex 23.44917333333335 -27.409066666666686 8.000000000000005
vertex 23.44917333333335 -27.409066666666686 1.999786666666668
vertex 22.731093333333348 -27.552000000000017 1.999786666666668
endloop
endfacet
facet normal -0.19521952264091777 0.9807595719542338 0
outer loop
vertex 23.44917333333335 -27.409066666666686 8.000000000000005
vertex 22.731093333333348 -27.552000000000017 1.999786666666668
vertex 22.731093333333348 -27.552000000000017 8.000000000000005
endloop
endfacet
facet normal -0.32146420403984344 0.9469217314651881 0
outer loop
vertex 24.14293333333335 -27.173546666666685 8.000000000000005
vertex 24.14293333333335 -27.173546666666685 1.999786666666668
vertex 23.44917333333335 -27.409066666666686 1.999786666666668
endloop
endfacet
facet normal -0.32146420403984344 0.9469217314651881 0
outer loop
vertex 24.14293333333335 -27.173546666666685 8.000000000000005
vertex 23.44917333333335 -27.409066666666686 1.999786666666668
vertex 23.44917333333335 -27.409066666666686 8.000000000000005
endloop
endfacet
facet normal -0.4420806792396866 0.8969752912109549 0
outer loop
vertex 24.800000000000015 -26.849706666666684 8.000000000000005
vertex 24.800000000000015 -26.849706666666684 1.999786666666668
vertex 24.14293333333335 -27.173546666666685 1.999786666666668
endloop
endfacet
facet normal -0.4420806792396866 0.8969752912109549 0
outer loop
vertex 24.800000000000015 -26.849706666666684 8.000000000000005
vertex 24.14293333333335 -27.173546666666685 1.999786666666668
vertex 24.14293333333335 -27.173546666666685 8.000000000000005
endloop
endfacet
facet normal -0.555775253381493 0.8313325855087944 0
outer loop
vertex 25.40885333333335 -26.442666666666682 8.000000000000005
vertex 25.40885333333335 -26.442666666666682 1.999786666666668
vertex 24.800000000000015 -26.849706666666684 1.999786666666668
endloop
endfacet
facet normal -0.555775253381493 0.8313325855087944 0
outer loop
vertex 25.40885333333335 -26.442666666666682 8.000000000000005
vertex 24.800000000000015 -26.849706666666684 1.999786666666668
vertex 24.800000000000015 -26.849706666666684 8.000000000000005
endloop
endfacet
facet normal -0.6592876693023177 0.7518907959976087 0
outer loop
vertex 25.959680000000017 -25.959680000000017 8.000000000000005
vertex 25.959680000000017 -25.959680000000017 1.999786666666668
vertex 25.40885333333335 -26.442666666666682 1.999786666666668
endloop
endfacet
facet normal -0.6592876693023177 0.7518907959976087 0
outer loop
vertex 25.959680000000017 -25.959680000000017 8.000000000000005
vertex 25.40885333333335 -26.442666666666682 1.999786666666668
vertex 25.40885333333335 -26.442666666666682 8.000000000000005
endloop
endfacet
facet normal -0.7518907959976087 0.6592876693023177 0
outer loop
vertex 26.442666666666682 -25.40885333333335 8.000000000000005
vertex 26.442666666666682 -25.40885333333335 1.999786666666668
vertex 25.959680000000017 -25.959680000000017 1.999786666666668
endloop
endfacet
facet normal -0.7518907959976087 0.6592876693023177 0
outer loop
vertex 26.442666666666682 -25.40885333333335 8.000000000000005
vertex 25.959680000000017 -25.959680000000017 1.999786666666668
vertex 25.959680000000017 -25.959680000000017 8.000000000000005
endloop
endfacet
facet normal -0.8313325855087944 0.555775253381493 0
outer loop
vertex 26.849706666666684 -24.800000000000015 8.000000000000005
vertex 26.849706666666684 -24.800000000000015 1.999786666666668
vertex 26.442666666666682 -25.40885333333335 1.999786666666668
endloop
endfacet
facet normal -0.8313325855087944 0.555775253381493 0
outer loop
vertex 26.849706666666684 -24.800000000000015 8.000000000000005
vertex 26.442666666666682 -25.40885333333335 1.999786666666668
vertex 26.442666666666682 -25.40885333333335 8.000000000000005
endloop
endfacet
facet normal -0.8969752912109549 0.4420806792396866 0
outer loop
vertex 27.173546666666685 -24.14293333333335 8.000000000000005
vertex 27.173546666666685 -24.14293333333335 1.999786666666668
vertex 26.849706666666684 -24.800000000000015 1.999786666666668
endloop
endfacet
facet normal -0.8969752912109549 0.4420806792396866 0
outer loop
vertex 27.173546666666685 -24.14293333333335 8.000000000000005
vertex 26.849706666666684 -24.800000000000015 1.999786666666668
vertex 26.849706666666684 -24.800000000000015 8.000000000000005
endloop
endfacet
facet normal -0.9469217314651881 0.32146420403984344 0
outer loop
vertex 27.409066666666686 -23.44917333333335 8.000000000000005
vertex 27.409066666666686 -23.44917333333335 1.999786666666668
vertex 27.173546666666685 -24.14293333333335 1.999786666666668
endloop
endfacet
facet normal -0.9469217314651881 0.32146420403984344 0
outer loop
vertex 27.409066666666686 -23.44917333333335 8.000000000000005
vertex 27.173546666666685 -24.14293333333335 1.999786666666668
vertex 27.173546666666685 -24.14293333333335 8.000000000000005
endloop
endfacet
facet normal -0.9807595719542338 0.19521952264091777 0
outer loop
vertex 27.552000000000017 -22.731093333333348 8.000000000000005
vertex 27.552000000000017 -22.731093333333348 1.999786666666668
vertex 27.409066666666686 -23.44917333333335 1.999786666666668
endloop
endfacet
facet normal -0.9807595719542338 0.19521952264091777 0
outer loop
vertex 27.552000000000017 -22.731093333333348 8.000000000000005
vertex 27.409066666666686 -23.44917333333335 1.999786666666668
vertex 27.409066666666686 -23.44917333333335 8.000000000000005
endloop
endfacet
facet normal -0.9978718788693017 0.06520516361339701 0
outer loop
vertex 27.599786666666684 -21.99978666666668 8.000000000000005
vertex 27.599786666666684 -21.99978666666668 1.999786666666668
vertex 27.552000000000017 -22.731093333333348 1.999786666666668
endloop
endfacet
facet normal -0.9978718788693017 0.06520516361339701 0
outer loop
vertex 27.599786666666684 -21.99978666666668 8.000000000000005
vertex 27.552000000000017 -22.731093333333348 1.999786666666668
vertex 27.552000000000017 -22.731093333333348 8.000000000000005
endloop
endfacet
facet normal 0 0 0.9999999999999999
outer loop
vertex 0 0 0.8000000000000005
vertex -1.1110400000000007 12.701440000000009 0.8000000000000005
vertex -2.213973333333335 12.556373333333342 0.8000000000000005
endloop
endfacet
facet normal 0 0 0.9999999999999999
outer loop
vertex 0 0 0.8000000000000005
vertex -2.213973333333335 12.556373333333342 0.8000000000000005
vertex -3.299840000000002 12.315733333333341 0.8000000000000005
endloop
endfacet
facet normal 0 0 1
outer loop
vertex 0 0 0.8000000000000005
vertex -3.299840000000002 12.315733333333341 0.8000000000000005
vertex -4.360960000000003 11.981226666666675 0.8000000000000005
endloop
endfacet
facet normal 0 0 1
outer loop
vertex 0 0 0.8000000000000005
vertex -4.360960000000003 11.981226666666675 0.8000000000000005
vertex -5.388373333333337 11.555413333333341 0.8000000000000005
endloop
endfacet
facet normal 0 0 1
outer loop
vertex 0 0 0.8000000000000005
vertex -5.388373333333337 11.555413333333341 0.8000000000000005
vertex -6.374826666666671 11.041706666666673 0.8000000000000005
endloop
endfacet
facet normal 0 0 1
outer loop
vertex 0 0 0.8000000000000005
vertex -6.374826666666671 11.041706666666673 0.8000000000000005
vertex -7.313066666666671 10.44437333333334 0.8000000000000005
endloop
endfacet
facet normal 0 0 1
outer loop
vertex 0 0 0.8000000000000005
vertex -7.313066666666671 10.44437333333334 0.8000000000000005
vertex -8.195413333333338 9.76725333333334 0.8000000000000005
endloop
endfacet
facet normal 0 0 0.9999999999999999
outer loop
vertex 0 0 0.8000000000000005
vertex -8.195413333333338 9.76725333333334 0.8000000000000005
vertex -9.015466666666672 9.015466666666672 0.8000000000000005
endloop
endfacet
facet normal 0 0 0.9999999999999999
outer loop
vertex 0 0 0.8000000000000005
vertex -9.015466666666672 9.015466666666672 0.8000000000000005
vertex -9.76725333333334 8.195413333333338 0.8000000000000005
endloop
endfacet
facet normal 0 0 1
outer loop
vertex 0 0 0.8000000000000005
vertex -9.76725333333334 8.195413333333338 0.8000000000000005
vertex -10.44437333333334 7.313066666666671 0.8000000000000005
endloop
endfacet
facet normal 0 0 1
outer loop
vertex 0 0 0.8000000000000005
vertex -10.44437333333334 7.313066666666671 0.8000000000000005
vertex -11.041706666666673 6.374826666666671 0.8000000000000005
endloop
endfacet
facet normal 0 0 1
outer loop
vertex 0 0 0.8000000000000005
vertex -11.041706666666673 6.374826666666671 0.8000000000000005
vertex -11.555413333333341 5.388373333333337 0.8000000000000005
endloop
endfacet
facet normal 0 0 1
outer loop
vertex 0 0 0.8000000000000005
vertex -11.555413333333341 5.388373333333337 0.8000000000000005
vertex -11.981226666666675 4.360960000000003 0.8000000000000005
endloop
endfacet
facet normal 0 0 1
outer loop
vertex 0 0 0.8000000000000005
vertex -11.981226666666675 4.360960000000003 0.8000000000000005
vertex -12.315733333333341 3.299840000000002 0.8000000000000005
endloop
endfacet
facet normal 0 0 0.9999999999999999
outer loop
vertex 0 0 0.8000000000000005
vertex -12.315733333333341 3.299840000000002 0.8000000000000005
vertex -12.556373333333342 2.213973333333335 0.8000000000000005
endloop
endfacet
facet normal 0 0 0.9999999999999999
outer loop
vertex 0 0 0.8000000000000005
vertex -12.556373333333342 2.213973333333335 0.8000000000000005
vertex -12.701440000000009 1.1110400000000007 0.8000000000000005
endloop
endfacet
facet normal 0 0 1
outer loop
vertex 0 0 0.8000000000000005
vertex -12.701440000000009 1.1110400000000007 0.8000000000000005
vertex -12.750080000000008 0 0.8000000000000005
endloop
endfacet
facet normal 0 0 1
outer loop
vertex 0 0 0.8000000000000005
vertex -12.750080000000008 0 0.8000000000000005
vertex -12.701440000000009 -1.1110400000000007 0.8000000000000005
endloop
endfacet
facet normal 0 0 0.9999999999999999
outer loop
vertex 0 0 0.8000000000000005
vertex -12.701440000000009 -1.1110400000000007 0.8000000000000005
vertex -12.556373333333342 -2.213973333333335 0.8000000000000005
endloop
endfacet
facet normal 0 0 0.9999999999999999
outer loop
vertex 0 0 0.8000000000000005
vertex -12.556373333333342 -2.213973333333335 0.8000000000000005
vertex -12.315733333333341 -3.299840000000002 0.8000000000000005
endloop
endfacet
facet normal 0 0 1
outer loop
vertex 0 0 0.8000000000000005
vertex -12.315733333333341 -3.299840000000002 0.8000000000000005
vertex -11.981226666666675 -4.360960000000003 0.8000000000000005
endloop
endfacet
facet normal 0 0 1
outer loop
vertex 0 0 0.8000000000000005
vertex -11.981226666666675 -4.360960000000003 0.8000000000000005
vertex -11.555413333333341 -5.388373333333337 0.8000000000000005
endloop
endfacet
facet normal 0 0 1
outer loop
vertex 0 0 0.8000000000000005
vertex -11.555413333333341 -5.388373333333337 0.8000000000000005
vertex -11.041706666666673 -6.374826666666671 0.8000000000000005
endloop
endfacet
facet normal 0 0 1
outer loop
vertex 0 0 0.8000000000000005
vertex -11.041706666666673 -6.374826666666671 0.8000000000000005
vertex -10.44437333333334 -7.313066666666671 0.8000000000000005
endloop
endfacet
facet normal 0 0 1
outer loop
vertex 0 0 0.8000000000000005
vertex -10.44437333333334 -7.313066666666671 0.8000000000000005
vertex -9.76725333333334 -8.195413333333338 0.8000000000000005
endloop
endfacet
facet normal 0 0 0.9999999999999999
outer loop
vertex 0 0 0.8000000000000005
vertex -9.76725333333334 -8.195413333333338 0.8000000000000005
vertex -9.015466666666672 -9.015466666666672 0.8000000000000005
endloop
endfacet
facet normal 0 0 0.9999999999999999
outer loop
vertex 0 0 0.8000000000000005
vertex -9.015466666666672 -9.015466666666672 0.8000000000000005
vertex -8.195413333333338 -9.76725333333334 0.8000000000000005
endloop
endfacet
facet normal 0 0 1
outer loop
vertex 0 0 0.8000000000000005
vertex -8.195413333333338 -9.76725333333334 0.8000000000000005
vertex -7.313066666666671 -10.44437333333334 0.8000000000000005
endloop
endfacet
facet normal 0 0 1
outer loop
vertex 0 0 0.8000000000000005
vertex -7.313066666666671 -10.44437333333334 0.8000000000000005
vertex -6.374826666666671 -11.041706666666673 0.8000000000000005
endloop
endfacet
facet normal 0 0 1
outer loop
vertex 0 0 0.8000000000000005
vertex -6.374826666666671 -11.041706666666673 0.8000000000000005
vertex -5.388373333333337 -11.555413333333341 0.8000000000000005
endloop
endfacet
facet normal 0 0 1
outer loop
vertex 0 0 0.8000000000000005
vertex -5.388373333333337 -11.555413333333341 0.8000000000000005
vertex -4.360960000000003 -11.981226666666675 0.8000000000000005
endloop
endfacet
facet normal 0 0 1
outer loop
vertex 0 0 0.8000000000000005
vertex -4.360960000000003 -11.981226666666675 0.8000000000000005
vertex -3.299840000000002 -12.315733333333341 0.8000000000000005
endloop
endfacet
facet normal 0 0 0.9999999999999999
outer loop
vertex 0 0 0.8000000000000005
vertex -3.299840000000002 -12.315733333333341 0.8000000000000005
vertex -2.213973333333335 -12.556373333333342 0.8000000000000005
endloop
endfacet
facet normal 0 0 0.9999999999999999
outer loop
vertex 0 0 0.8000000000000005
vertex -2.213973333333335 -12.556373333333342 0.8000000000000005
vertex -1.1110400000000007 -12.701440000000009 0.8000000000000005
endloop
endfacet
facet normal 0 0 1
outer loop
vertex 0 0 0.8000000000000005
vertex -1.1110400000000007 -12.701440000000009 0.8000000000000005
vertex 0 -12.750080000000008 0.8000000000000005
endloop
endfacet
facet normal 0 0 1
outer loop
vertex 0 0 0.8000000000000005
vertex 0 -12.750080000000008 0.8000000000000005
vertex 1.1110400000000007 -12.701440000000009 0.8000000000000005
endloop
endfacet
facet normal 0 0 0.9999999999999999
outer loop
vertex 0 0 0.8000000000000005
vertex 1.1110400000000007 -12.701440000000009 0.8000000000000005
vertex 2.213973333333335 -12.556373333333342 0.8000000000000005
endloop
endfacet
facet normal 0 0 0.9999999999999999
outer loop
vertex 0 0 0.8000000000000005
vertex 2.213973333333335 -12.556373333333342 0.8000000000000005
vertex 3.299840000000002 -12.315733333333341 0.8000000000000005
endloop
endfacet
facet normal 0 0 1
outer loop
vertex 0 0 0.8000000000000005
vertex 3.299840000000002 -12.315733333333341 0.8000000000000005
vertex 4.360960000000003 -11.981226666666675 0.8000000000000005
endloop
endfacet
facet normal 0 0 1
outer loop
vertex 0 0 0.8000000000000005
vertex 4.360960000000003 -11.981226666666675 0.8000000000000005
vertex 5.388373333333337 -11.555413333333341 0.8000000000000005
endloop
endfacet
facet normal 0 0 1
outer loop
vertex 0 0 0.8000000000000005
vertex 5.388373333333337 -11.555413333333341 0.8000000000000005
vertex 6.374826666666671 -11.041706666666673 0.8000000000000005
endloop
endfacet
facet normal 0 0 1
outer loop
vertex 0 0 0.8000000000000005
vertex 6.374826666666671 -11.041706666666673 0.8000000000000005
vertex 7.313066666666671 -10.44437333333334 0.8000000000000005
endloop
endfacet
facet normal 0 0 1
outer loop
vertex 0 0 0.8000000000000005
vertex 7.313066666666671 -10.44437333333334 0.8000000000000005
vertex 8.195413333333338 -9.76725333333334 0.8000000000000005
endloop
endfacet
facet normal 0 0 0.9999999999999999
outer loop
vertex 0 0 0.8000000000000005
vertex 8.195413333333338 -9.76725333333334 0.8000000000000005
vertex 9.015466666666672 -9.015466666666672 0.8000000000000005
endloop
endfacet
facet normal 0 0 0.9999999999999999
outer loop
vertex 0 0 0.8000000000000005
vertex 9.015466666666672 -9.015466666666672 0.8000000000000005
vertex 9.76725333333334 -8.195413333333338 0.8000000000000005
endloop
endfacet
facet normal 0 0 1
outer loop
vertex 0 0 0.8000000000000005
vertex 9.76725333333334 -8.195413333333338 0.8000000000000005
vertex 10.44437333333334 -7.313066666666671 0.8000000000000005
endloop
endfacet
facet normal 0 0 1
outer loop
vertex 0 0 0.8000000000000005
vertex 10.44437333333334 -7.313066666666671 0.8000000000000005
vertex 11.041706666666673 -6.374826666666671 0.8000000000000005
endloop
endfacet
facet normal 0 0 1
outer loop
vertex 0 0 0.8000000000000005
vertex 11.041706666666673 -6.374826666666671 0.8000000000000005
vertex 11.555413333333341 -5.388373333333337 0.8000000000000005
endloop
endfacet
facet normal 0 0 1
outer loop
vertex 0 0 0.8000000000000005
vertex 11.555413333333341 -5.388373333333337 0.8000000000000005
vertex 11.981226666666675 -4.360960000000003 0.8000000000000005
endloop
endfacet
facet normal 0 0 1
outer loop
vertex 0 0 0.8000000000000005
vertex 11.981226666666675 -4.360960000000003 0.8000000000000005
vertex 12.315733333333341 -3.299840000000002 0.8000000000000005
endloop
endfacet
facet normal 0 0 0.9999999999999999
outer loop
vertex 0 0 0.8000000000000005
vertex 12.315733333333341 -3.299840000000002 0.8000000000000005
vertex 12.556373333333342 -2.213973333333335 0.8000000000000005
endloop
endfacet
facet normal 0 0 0.9999999999999999
outer loop
vertex 0 0 0.8000000000000005
vertex 12.556373333333342 -2.213973333333335 0.8000000000000005
vertex 12.701440000000009 -1.1110400000000007 0.8000000000000005
endloop
endfacet
facet normal 0 0 1
outer loop
vertex 0 0 0.8000000000000005
vertex 12.701440000000009 -1.1110400000000007 0.8000000000000005
vertex 12.750080000000008 0 0.8000000000000005
endloop
endfacet
facet normal 0 0 1
outer loop
vertex 0 0 0.8000000000000005
vertex 12.750080000000008 0 0.8000000000000005
vertex 12.701440000000009 1.1110400000000007 0.8000000000000005
endloop
endfacet
facet normal 0 0 0.9999999999999999
outer loop
vertex 0 0 0.8000000000000005
vertex 12.701440000000009 1.1110400000000007 0.8000000000000005
vertex 12.556373333333342 2.213973333333335 0.8000000000000005
endloop
endfacet
facet normal 0 0 0.9999999999999999
outer loop
vertex 0 0 0.8000000000000005
vertex 12.556373333333342 2.213973333333335 0.8000000000000005
vertex 12.315733333333341 3.299840000000002 0.8000000000000005
endloop
endfacet
facet normal 0 0 1
outer loop
vertex 0 0 0.8000000000000005
vertex 12.315733333333341 3.299840000000002 0.8000000000000005
vertex 11.981226666666675 4.360960000000003 0.8000000000000005
endloop
endfacet
facet normal 0 0 1
outer loop
vertex 0 0 0.8000000000000005
vertex 11.981226666666675 4.360960000000003 0.8000000000000005
vertex 11.555413333333341 5.388373333333337 0.8000000000000005
endloop
endfacet
facet normal 0 0 1
outer loop
vertex 0 0 0.8000000000000005
vertex 11.555413333333341 5.388373333333337 0.8000000000000005
vertex 11.041706666666673 6.374826666666671 0.8000000000000005
endloop
endfacet
facet normal 0 0 1
outer loop
vertex 0 0 0.8000000000000005
vertex 11.041706666666673 6.374826666666671 0.8000000000000005
vertex 10.44437333333334 7.313066666666671 0.8000000000000005
endloop
endfacet
facet normal 0 0 1
outer loop
vertex 0 0 0.8000000000000005
vertex 10.44437333333334 7.313066666666671 0.8000000000000005
vertex 9.76725333333334 8.195413333333338 0.8000000000000005
endloop
endfacet
facet normal 0 0 0.9999999999999999
outer loop
vertex 0 0 0.8000000000000005
vertex 9.76725333333334 8.195413333333338 0.8000000000000005
vertex 9.015466666666672 9.015466666666672 0.8000000000000005
endloop
endfacet
facet normal 0 0 0.9999999999999999
outer loop
vertex 0 0 0.8000000000000005
vertex 9.015466666666672 9.015466666666672 0.8000000000000005
vertex 8.195413333333338 9.76725333333334 0.8000000000000005
endloop
endfacet
facet normal 0 0 1
outer loop
vertex 0 0 0.8000000000000005
vertex 8.195413333333338 9.76725333333334 0.8000000000000005
vertex 7.313066666666671 10.44437333333334 0.8000000000000005
endloop
endfacet
facet normal 0 0 1
outer loop
vertex 0 0 0.8000000000000005
vertex 7.313066666666671 10.44437333333334 0.8000000000000005
vertex 6.374826666666671 11.041706666666673 0.8000000000000005
endloop
endfacet
facet normal 0 0 1
outer loop
vertex 0 0 0.8000000000000005
vertex 6.374826666666671 11.041706666666673 0.8000000000000005
vertex 5.388373333333337 11.555413333333341 0.8000000000000005
endloop
endfacet
facet normal 0 0 1
outer loop
vertex 0 0 0.8000000000000005
vertex 5.388373333333337 11.555413333333341 0.8000000000000005
vertex 4.360960000000003 11.981226666666675 0.8000000000000005
endloop
endfacet
facet normal 0 0 1
outer loop
vertex 0 0 0.8000000000000005
vertex 4.360960000000003 11.981226666666675 0.8000000000000005
vertex 3.299840000000002 12.315733333333341 0.8000000000000005
endloop
endfacet
facet normal 0 0 0.9999999999999999
outer loop
vertex 0 0 0.8000000000000005
vertex 3.299840000000002 12.315733333333341 0.8000000000000005
vertex 2.213973333333335 12.556373333333342 0.8000000000000005
endloop
endfacet
facet normal 0 0 0.9999999999999999
outer loop
vertex 0 0 0.8000000000000005
vertex 2.213973333333335 12.556373333333342 0.8000000000000005
vertex 1.1110400000000007 12.701440000000009 0.8000000000000005
endloop
endfacet
facet normal 0 0 1
outer loop
vertex 0 0 0.8000000000000005
vertex 1.1110400000000007 12.701440000000009 0.8000000000000005
vertex 0 12.750080000000008 0.8000000000000005
endloop
endfacet
facet normal 0 0 1
outer loop
vertex 0 0 0.8000000000000005
vertex 0 12.750080000000008 0.8000000000000005
vertex -1.1110400000000007 12.701440000000009 0.8000000000000005
endloop
endfacet
facet normal -0.9990430835428156 -0.04373690918735727 0
outer loop
vertex 12.750080000000008 0 0.8000000000000005
vertex 12.750080000000008 0 1.999786666666668
vertex 12.701440000000009 1.1110400000000007 1.999786666666668
endloop
endfacet
facet normal -0.9990430835428156 -0.04373690918735727 0
outer loop
vertex 12.750080000000008 0 0.8000000000000005
vertex 12.701440000000009 1.1110400000000007 1.999786666666668
vertex 12.701440000000009 1.1110400000000007 0.8000000000000005
endloop
endfacet
facet normal -0.9914608215962158 -0.13040490496816756 0
outer loop
vertex 12.701440000000009 1.1110400000000007 0.8000000000000005
vertex 12.701440000000009 1.1110400000000007 1.999786666666668
vertex 12.556373333333342 2.213973333333335 1.999786666666668
endloop
endfacet
facet normal -0.9914608215962158 -0.13040490496816756 0
outer loop
vertex 12.701440000000009 1.1110400000000007 0.8000000000000005
vertex 12.556373333333342 2.213973333333335 1.999786666666668
vertex 12.556373333333342 2.213973333333335 0.8000000000000005
endloop
endfacet
facet normal -0.9763132635406444 -0.21636176056460715 0
outer loop
vertex 12.556373333333342 2.213973333333335 0.8000000000000005
vertex 12.556373333333342 2.213973333333335 1.999786666666668
vertex 12.315733333333341 3.299840000000002 1.999786666666668
endloop
endfacet
facet normal -0.9763132635406444 -0.21636176056460715 0
outer loop
vertex 12.556373333333342 2.213973333333335 0.8000000000000005
vertex 12.315733333333341 3.299840000000002 1.999786666666668
vertex 12.315733333333341 3.299840000000002 0.8000000000000005
endloop
endfacet
facet normal -0.9537332360133335 -0.3006541443644758 0
outer loop
vertex 12.315733333333341 3.299840000000002 0.8000000000000005
vertex 12.315733333333341 3.299840000000002 1.999786666666668
vertex 11.981226666666675 4.360960000000003 1.999786666666668
endloop
endfacet
facet normal -0.9537332360133335 -0.3006541443644758 0
outer loop
vertex 12.315733333333341 3.299840000000002 0.8000000000000005
vertex 11.981226666666675 4.360960000000003 1.999786666666668
vertex 11.981226666666675 4.360960000000003 0.8000000000000005
endloop
endfacet
facet normal -0.9238016929522352 -0.3828712996537924 0
outer loop
vertex 11.981226666666675 4.360960000000003 0.8000000000000005
vertex 11.981226666666675 4.360960000000003 1.999786666666668
vertex 11.555413333333341 5.388373333333337 1.999786666666668
endloop
endfacet
facet normal -0.9238016929522352 -0.3828712996537924 0
outer loop
vertex 11.981226666666675 4.360960000000003 0.8000000000000005
vertex 11.555413333333341 5.388373333333337 1.999786666666668
vertex 11.555413333333341 5.388373333333337 0.8000000000000005
endloop
endfacet
facet normal -0.8869402776667081 -0.4618841238368156 0
outer loop
vertex 11.555413333333341 5.388373333333337 0.8000000000000005
vertex 11.555413333333341 5.388373333333337 1.999786666666668
vertex 11.041706666666673 6.374826666666671 1.999786666666668
endloop
endfacet
facet normal -0.8869402776667081 -0.4618841238368156 0
outer loop
vertex 11.555413333333341 5.388373333333337 0.8000000000000005
vertex 11.041706666666673 6.374826666666671 1.999786666666668
vertex 11.041706666666673 6.374826666666671 0.8000000000000005
endloop
endfacet
facet normal -0.8435509008806286 -0.537049232029504 0
outer loop
vertex 11.041706666666673 6.374826666666671 0.8000000000000005
vertex 11.041706666666673 6.374826666666671 1.999786666666668
vertex 10.44437333333334 7.313066666666671 1.999786666666668
endloop
endfacet
facet normal -0.8435509008806286 -0.537049232029504 0
outer loop
vertex 11.041706666666673 6.374826666666671 0.8000000000000005
vertex 10.44437333333334 7.313066666666671 1.999786666666668
vertex 10.44437333333334 7.313066666666671 0.8000000000000005
endloop
endfacet
facet normal -0.7933222524577322 -0.60880194132032 0
outer loop
vertex 10.44437333333334 7.313066666666671 0.8000000000000005
vertex 10.44437333333334 7.313066666666671 1.999786666666668
vertex 9.76725333333334 8.195413333333338 1.999786666666668
endloop
endfacet
facet normal -0.7933222524577322 -0.60880194132032 0
outer loop
vertex 10.44437333333334 7.313066666666671 0.8000000000000005
vertex 9.76725333333334 8.195413333333338 1.999786666666668
vertex 9.76725333333334 8.195413333333338 0.8000000000000005
endloop
endfacet
facet normal -0.7371223001218346 -0.6757593615060735 0
outer loop
vertex 9.76725333333334 8.195413333333338 0.8000000000000005
vertex 9.76725333333334 8.195413333333338 1.999786666666668
vertex 9.015466666666672 9.015466666666672 1.999786666666668
endloop
endfacet
facet normal -0.7371223001218346 -0.6757593615060735 0
outer loop
vertex 9.76725333333334 8.195413333333338 0.8000000000000005
vertex 9.015466666666672 9.015466666666672 1.999786666666668
vertex 9.015466666666672 9.015466666666672 0.8000000000000005
endloop
endfacet
facet normal -0.6757593615060735 -0.7371223001218346 0
outer loop
vertex 9.015466666666672 9.015466666666672 0.8000000000000005
vertex 9.015466666666672 9.015466666666672 1.999786666666668
vertex 8.195413333333338 9.76725333333334 1.999786666666668
endloop
endfacet
facet normal -0.6757593615060735 -0.7371223001218346 0
outer loop
vertex 9.015466666666672 9.015466666666672 0.8000000000000005
vertex 8.195413333333338 9.76725333333334 1.999786666666668
vertex 8.195413333333338 9.76725333333334 0.8000000000000005
endloop
endfacet
facet normal -0.60880194132032 -0.7933222524577322 0
outer loop
vertex 8.195413333333338 9.76725333333334 0.8000000000000005
vertex 8.195413333333338 9.76725333333334 1.999786666666668
vertex 7.313066666666671 10.44437333333334 1.999786666666668
endloop
endfacet
facet normal -0.60880194132032 -0.7933222524577322 0
outer loop
vertex 8.195413333333338 9.76725333333334 0.8000000000000005
vertex 7.313066666666671 10.44437333333334 1.999786666666668
vertex 7.313066666666671 10.44437333333334 0.8000000000000005
endloop
endfacet
facet normal -0.537049232029504 -0.8435509008806286 0
outer loop
vertex 7.313066666666671 10.44437333333334 0.8000000000000005
vertex 7.313066666666671 10.44437333333334 1.999786666666668
vertex 6.374826666666671 11.041706666666673 1.999786666666668
endloop
endfacet
facet normal -0.537049232029504 -0.8435509008806286 0
outer loop
vertex 7.313066666666671 10.44437333333334 0.8000000000000005
vertex 6.374826666666671 11.041706666666673 1.999786666666668
vertex 6.374826666666671 11.041706666666673 0.8000000000000005
endloop
endfacet
facet normal -0.4618841238368156 -0.8869402776667081 0
outer loop
vertex 6.374826666666671 11.041706666666673 0.8000000000000005
vertex 6.374826666666671 11.041706666666673 1.999786666666668
vertex 5.388373333333337 11.555413333333341 1.999786666666668
endloop
endfacet
facet normal -0.4618841238368156 -0.8869402776667081 0
outer loop
vertex 6.374826666666671 11.041706666666673 0.8000000000000005
vertex 5.388373333333337 11.555413333333341 1.999786666666668
vertex 5.388373333333337 11.555413333333341 0.8000000000000005
endloop
endfacet
facet normal -0.3828712996537924 -0.9238016929522352 0
outer loop
vertex 5.388373333333337 11.555413333333341 0.8000000000000005
vertex 5.388373333333337 11.555413333333341 1.999786666666668
vertex 4.360960000000003 11.981226666666675 1.999786666666668
endloop
endfacet
facet normal -0.3828712996537924 -0.9238016929522352 0
outer loop
vertex 5.388373333333337 11.555413333333341 0.8000000000000005
vertex 4.360960000000003 11.981226666666675 1.999786666666668
vertex 4.360960000000003 11.981226666666675 0.8000000000000005
endloop
endfacet
facet normal -0.3006541443644758 -0.9537332360133335 0
outer loop
vertex 4.360960000000003 11.981226666666675 0.8000000000000005
vertex 4.360960000000003 11.981226666666675 1.999786666666668
vertex 3.299840000000002 12.315733333333341 1.999786666666668
endloop
endfacet
facet normal -0.3006541443644758 -0.9537332360133335 0
outer loop
vertex 4.360960000000003 11.981226666666675 0.8000000000000005
vertex 3.299840000000002 12.315733333333341 1.999786666666668
vertex 3.299840000000002 12.315733333333341 0.8000000000000005
endloop
endfacet
facet normal -0.21636176056460715 -0.9763132635406444 0
outer loop
vertex 3.299840000000002 12.315733333333341 0.8000000000000005
vertex 3.299840000000002 12.315733333333341 1.999786666666668
vertex 2.213973333333335 12.556373333333342 1.999786666666668
endloop
endfacet
facet normal -0.21636176056460715 -0.9763132635406444 0
outer loop
vertex 3.299840000000002 12.315733333333341 0.8000000000000005
vertex 2.213973333333335 12.556373333333342 1.999786666666668
vertex 2.213973333333335 12.556373333333342 0.8000000000000005
endloop
endfacet
facet normal -0.13040490496816756 -0.9914608215962158 0
outer loop
vertex 2.213973333333335 12.556373333333342 0.8000000000000005
vertex 2.213973333333335 12.556373333333342 1.999786666666668
vertex 1.1110400000000007 12.701440000000009 1.999786666666668
endloop
endfacet
facet normal -0.13040490496816756 -0.9914608215962158 0
outer loop
vertex 2.213973333333335 12.556373333333342 0.8000000000000005
vertex 1.1110400000000007 12.701440000000009 1.999786666666668
vertex 1.1110400000000007 12.701440000000009 0.8000000000000005
endloop
endfacet
facet normal -0.04373690918735727 -0.9990430835428156 0
outer loop
vertex 1.1110400000000007 12.701440000000009 0.8000000000000005
vertex 1.1110400000000007 12.701440000000009 1.999786666666668
vertex 0 12.750080000000008 1.999786666666668
endloop
endfacet
facet normal -0.04373690918735727 -0.9990430835428156 0
outer loop
vertex 1.1110400000000007 12.701440000000009 0.8000000000000005
vertex 0 12.750080000000008 1.999786666666668
vertex 0 12.750080000000008 0.8000000000000005
endloop
endfacet
facet normal 0.04373690918735727 -0.9990430835428156 0
outer loop
vertex 0 12.750080000000008 0.8000000000000005
vertex 0 12.750080000000008 1.999786666666668
vertex -1.1110400000000007 12.701440000000009 1.999786666666668
endloop
endfacet
facet normal 0.04373690918735727 -0.9990430835428156 0
outer loop
vertex 0 12.750080000000008 0.8000000000000005
vertex -1.1110400000000007 12.701440000000009 1.999786666666668
vertex -1.1110400000000007 12.701440000000009 0.8000000000000005
endloop
endfacet
facet normal 0.13040490496816756 -0.9914608215962158 0
outer loop
vertex -1.1110400000000007 12.701440000000009 0.8000000000000005
vertex -1.1110400000000007 12.701440000000009 1.999786666666668
vertex -2.213973333333335 12.556373333333342 1.999786666666668
endloop
endfacet
facet normal 0.13040490496816756 -0.9914608215962158 0
outer loop
vertex -1.1110400000000007 12.701440000000009 0.8000000000000005
vertex -2.213973333333335 12.556373333333342 1.999786666666668
vertex -2.213973333333335 12.556373333333342 0.8000000000000005
endloop
endfacet
facet normal 0.21636176056460715 -0.9763132635406444 0
outer loop
vertex -2.213973333333335 12.556373333333342 0.8000000000000005
vertex -2.213973333333335 12.556373333333342 1.999786666666668
vertex -3.299840000000002 12.315733333333341 1.999786666666668
endloop
endfacet
facet normal 0.21636176056460715 -0.9763132635406444 0
outer loop
vertex -2.213973333333335 12.556373333333342 0.8000000000000005
vertex -3.299840000000002 12.315733333333341 1.999786666666668
vertex -3.299840000000002 12.315733333333341 0.8000000000000005
endloop
endfacet
facet normal 0.3006541443644758 -0.9537332360133335 0
outer loop
vertex -3.299840000000002 12.315733333333341 0.8000000000000005
vertex -3.299840000000002 12.315733333333341 1.999786666666668
vertex -4.360960000000003 11.981226666666675 1.999786666666668
endloop
endfacet
facet normal 0.3006541443644758 -0.9537332360133335 0
outer loop
vertex -3.299840000000002 12.315733333333341 0.8000000000000005
vertex -4.360960000000003 11.981226666666675 1.999786666666668
vertex -4.360960000000003 11.981226666666675 0.8000000000000005
endloop
endfacet
facet normal 0.3828712996537924 -0.9238016929522352 0
outer loop
vertex -4.360960000000003 11.981226666666675 0.8000000000000005
vertex -4.360960000000003 11.981226666666675 1.999786666666668
vertex -5.388373333333337 11.555413333333341 1.999786666666668
endloop
endfacet
facet normal 0.3828712996537924 -0.9238016929522352 0
outer loop
vertex -4.360960000000003 11.981226666666675 0.8000000000000005
vertex -5.388373333333337 11.555413333333341 1.999786666666668
vertex -5.388373333333337 11.555413333333341 0.8000000000000005
endloop
endfacet
facet normal 0.4618841238368156 -0.8869402776667081 0
outer loop
vertex -5.388373333333337 11.555413333333341 0.8000000000000005
vertex -5.388373333333337 11.555413333333341 1.999786666666668
vertex -6.374826666666671 11.041706666666673 1.999786666666668
endloop
endfacet
facet normal 0.4618841238368156 -0.8869402776667081 0
outer loop
vertex -5.388373333333337 11.555413333333341 0.8000000000000005
vertex -6.374826666666671 11.041706666666673 1.999786666666668
vertex -6.374826666666671 11.041706666666673 0.8000000000000005
endloop
endfacet
facet normal 0.537049232029504 -0.8435509008806286 0
outer loop
vertex -6.374826666666671 11.041706666666673 0.8000000000000005
vertex -6.374826666666671 11.041706666666673 1.999786666666668
vertex -7.313066666666671 10.44437333333334 1.999786666666668
endloop
endfacet
facet normal 0.537049232029504 -0.8435509008806286 0
outer loop
vertex -6.374826666666671 11.041706666666673 0.8000000000000005
vertex -7.313066666666671 10.44437333333334 1.999786666666668
vertex -7.313066666666671 10.44437333333334 0.8000000000000005
endloop
endfacet
facet normal 0.60880194132032 -0.7933222524577322 0
outer loop
vertex -7.313066666666671 10.44437333333334 0.8000000000000005
vertex -7.313066666666671 10.44437333333334 1.999786666666668
vertex -8.195413333333338 9.76725333333334 1.999786666666668
endloop
endfacet
facet normal 0.60880194132032 -0.7933222524577322 0
outer loop
vertex -7.313066666666671 10.44437333333334 0.8000000000000005
vertex -8.195413333333338 9.76725333333334 1.999786666666668
vertex -8.195413333333338 9.76725333333334 0.8000000000000005
endloop
endfacet
facet normal 0.6757593615060735 -0.7371223001218346 0
outer loop
vertex -8.195413333333338 9.76725333333334 0.8000000000000005
vertex -8.195413333333338 9.76725333333334 1.999786666666668
vertex -9.015466666666672 9.015466666666672 1.999786666666668
endloop
endfacet
facet normal 0.6757593615060735 -0.7371223001218346 0
outer loop
vertex -8.195413333333338 9.76725333333334 0.8000000000000005
vertex -9.015466666666672 9.015466666666672 1.999786666666668
vertex -9.015466666666672 9.015466666666672 0.8000000000000005
endloop
endfacet
facet normal 0.7371223001218346 -0.6757593615060735 0
outer loop
vertex -9.015466666666672 9.015466666666672 0.8000000000000005
vertex -9.015466666666672 9.015466666666672 1.999786666666668
vertex -9.76725333333334 8.195413333333338 1.999786666666668
endloop
endfacet
facet normal 0.7371223001218346 -0.6757593615060735 0
outer loop
vertex -9.015466666666672 9.015466666666672 0.8000000000000005
vertex -9.76725333333334 8.195413333333338 1.999786666666668
vertex -9.76725333333334 8.195413333333338 0.8000000000000005
endloop
endfacet
facet normal 0.7933222524577322 -0.60880194132032 0
outer loop
vertex -9.76725333333334 8.195413333333338 0.8000000000000005
vertex -9.76725333333334 8.195413333333338 1.999786666666668
vertex -10.44437333333334 7.313066666666671 1.999786666666668
endloop
endfacet
facet normal 0.7933222524577322 -0.60880194132032 0
outer loop
vertex -9.76725333333334 8.195413333333338 0.8000000000000005
vertex -10.44437333333334 7.313066666666671 1.999786666666668
vertex -10.44437333333334 7.313066666666671 0.8000000000000005
endloop
endfacet
facet normal 0.8435509008806286 -0.537049232029504 0
outer loop
vertex -10.44437333333334 7.313066666666671 0.8000000000000005
vertex -10.44437333333334 7.313066666666671 1.999786666666668
vertex -11.041706666666673 6.374826666666671 1.999786666666668
endloop
endfacet
facet normal 0.8435509008806286 -0.537049232029504 0
outer loop
vertex -10.44437333333334 7.313066666666671 0.8000000000000005
vertex -11.041706666666673 6.374826666666671 1.999786666666668
vertex -11.041706666666673 6.374826666666671 0.8000000000000005
endloop
endfacet
facet normal 0.8869402776667081 -0.4618841238368156 0
outer loop
vertex -11.041706666666673 6.374826666666671 0.8000000000000005
vertex -11.041706666666673 6.374826666666671 1.999786666666668
vertex -11.555413333333341 5.388373333333337 1.999786666666668
endloop
endfacet
facet normal 0.8869402776667081 -0.4618841238368156 0
outer loop
vertex -11.041706666666673 6.374826666666671 0.8000000000000005
vertex -11.555413333333341 5.388373333333337 1.999786666666668
vertex -11.555413333333341 5.388373333333337 0.8000000000000005
endloop
endfacet
facet normal 0.9238016929522352 -0.3828712996537924 0
outer loop
vertex -11.555413333333341 5.388373333333337 0.8000000000000005
vertex -11.555413333333341 5.388373333333337 1.999786666666668
vertex -11.981226666666675 4.360960000000003 1.999786666666668
endloop
endfacet
facet normal 0.9238016929522352 -0.3828712996537924 0
outer loop
vertex -11.555413333333341 5.388373333333337 0.8000000000000005
vertex -11.981226666666675 4.360960000000003 1.999786666666668
vertex -11.981226666666675 4.360960000000003 0.8000000000000005
endloop
endfacet
facet normal 0.9537332360133335 -0.3006541443644758 0
outer loop
vertex -11.981226666666675 4.360960000000003 0.8000000000000005
vertex -11.981226666666675 4.360960000000003 1.999786666666668
vertex -12.315733333333341 3.299840000000002 1.999786666666668
endloop
endfacet
facet normal 0.9537332360133335 -0.3006541443644758 0
outer loop
vertex -11.981226666666675 4.360960000000003 0.8000000000000005
vertex -12.315733333333341 3.299840000000002 1.999786666666668
vertex -12.315733333333341 3.299840000000002 0.8000000000000005
endloop
endfacet
facet normal 0.9763132635406444 -0.21636176056460715 0
outer loop
vertex -12.315733333333341 3.299840000000002 0.8000000000000005
vertex -12.315733333333341 3.299840000000002 1.999786666666668
vertex -12.556373333333342 2.213973333333335 1.999786666666668
endloop
endfacet
facet normal 0.9763132635406444 -0.21636176056460715 0
outer loop
vertex -12.315733333333341 3.299840000000002 0.8000000000000005
vertex -12.556373333333342 2.213973333333335 1.999786666666668
vertex -12.556373333333342 2.213973333333335 0.8000000000000005
endloop
endfacet
facet normal 0.9914608215962158 -0.13040490496816756 0
outer loop
vertex -12.556373333333342 2.213973333333335 0.8000000000000005
vertex -12.556373333333342 2.213973333333335 1.999786666666668
vertex -12.701440000000009 1.1110400000000007 1.999786666666668
endloop
endfacet
facet normal 0.9914608215962158 -0.13040490496816756 0
outer loop
vertex -12.556373333333342 2.213973333333335 0.8000000000000005
vertex -12.701440000000009 1.1110400000000007 1.999786666666668
vertex -12.701440000000009 1.1110400000000007 0.8000000000000005
endloop
endfacet
facet normal 0.9990430835428156 -0.04373690918735727 0
outer loop
vertex -12.701440000000009 1.1110400000000007 0.8000000000000005
vertex -12.701440000000009 1.1110400000000007 1.999786666666668
vertex -12.750080000000008 0 1.999786666666668
endloop
endfacet
facet normal 0.9990430835428156 -0.04373690918735727 0
outer loop
vertex -12.701440000000009 1.1110400000000007 0.8000000000000005
vertex -12.750080000000008 0 1.999786666666668
vertex -12.750080000000008 0 0.8000000000000005
endloop
endfacet
facet normal 0.9990430835428156 0.04373690918735727 0
outer loop
vertex -12.750080000000008 0 0.8000000000000005
vertex -12.750080000000008 0 1.999786666666668
vertex -12.701440000000009 -1.1110400000000007 1.999786666666668
endloop
endfacet
facet normal 0.9990430835428156 0.04373690918735727 0
outer loop
vertex -12.750080000000008 0 0.8000000000000005
vertex -12.701440000000009 -1.1110400000000007 1.999786666666668
vertex -12.701440000000009 -1.1110400000000007 0.8000000000000005
endloop
endfacet
facet normal 0.9914608215962158 0.13040490496816756 0
outer loop
vertex -12.701440000000009 -1.1110400000000007 0.8000000000000005
vertex -12.701440000000009 -1.1110400000000007 1.999786666666668
vertex -12.556373333333342 -2.213973333333335 1.999786666666668
endloop
endfacet
facet normal 0.9914608215962158 0.13040490496816756 0
outer loop
vertex -12.701440000000009 -1.1110400000000007 0.8000000000000005
vertex -12.556373333333342 -2.213973333333335 1.999786666666668
vertex -12.556373333333342 -2.213973333333335 0.8000000000000005
endloop
endfacet
facet normal 0.9763132635406444 0.21636176056460715 0
outer loop
vertex -12.556373333333342 -2.213973333333335 0.8000000000000005
vertex -12.556373333333342 -2.213973333333335 1.999786666666668
vertex -12.315733333333341 -3.299840000000002 1.999786666666668
endloop
endfacet
facet normal 0.9763132635406444 0.21636176056460715 0
outer loop
vertex -12.556373333333342 -2.213973333333335 0.8000000000000005
vertex -12.315733333333341 -3.299840000000002 1.999786666666668
vertex -12.315733333333341 -3.299840000000002 0.8000000000000005
endloop
endfacet
facet normal 0.9537332360133335 0.3006541443644758 0
outer loop
vertex -12.315733333333341 -3.299840000000002 0.8000000000000005
vertex -12.315733333333341 -3.299840000000002 1.999786666666668
vertex -11.981226666666675 -4.360960000000003 1.999786666666668
endloop
endfacet
facet normal 0.9537332360133335 0.3006541443644758 0
outer loop
vertex -12.315733333333341 -3.299840000000002 0.8000000000000005
vertex -11.981226666666675 -4.360960000000003 1.999786666666668
vertex -11.981226666666675 -4.360960000000003 0.8000000000000005
endloop
endfacet
facet normal 0.9238016929522352 0.3828712996537924 0
outer loop
vertex -11.981226666666675 -4.360960000000003 0.8000000000000005
vertex -11.981226666666675 -4.360960000000003 1.999786666666668
vertex -11.555413333333341 -5.388373333333337 1.999786666666668
endloop
endfacet
facet normal 0.9238016929522352 0.3828712996537924 0
outer loop
vertex -11.981226666666675 -4.360960000000003 0.8000000000000005
vertex -11.555413333333341 -5.388373333333337 1.999786666666668
vertex -11.555413333333341 -5.388373333333337 0.8000000000000005
endloop
endfacet
facet normal 0.8869402776667081 0.4618841238368156 0
outer loop
vertex -11.555413333333341 -5.388373333333337 0.8000000000000005
vertex -11.555413333333341 -5.388373333333337 1.999786666666668
vertex -11.041706666666673 -6.374826666666671 1.999786666666668
endloop
endfacet
facet normal 0.8869402776667081 0.4618841238368156 0
outer loop
vertex -11.555413333333341 -5.388373333333337 0.8000000000000005
vertex -11.041706666666673 -6.374826666666671 1.999786666666668
vertex -11.041706666666673 -6.374826666666671 0.8000000000000005
endloop
endfacet
facet normal 0.8435509008806286 0.537049232029504 0
outer loop
vertex -11.041706666666673 -6.374826666666671 0.8000000000000005
vertex -11.041706666666673 -6.374826666666671 1.999786666666668
vertex -10.44437333333334 -7.313066666666671 1.999786666666668
endloop
endfacet
facet normal 0.8435509008806286 0.537049232029504 0
outer loop
vertex -11.041706666666673 -6.374826666666671 0.8000000000000005
vertex -10.44437333333334 -7.313066666666671 1.999786666666668
vertex -10.44437333333334 -7.313066666666671 0.8000000000000005
endloop
endfacet
facet normal 0.7933222524577322 0.60880194132032 0
outer loop
vertex -10.44437333333334 -7.313066666666671 0.8000000000000005
vertex -10.44437333333334 -7.313066666666671 1.999786666666668
vertex -9.76725333333334 -8.195413333333338 1.999786666666668
endloop
endfacet
facet normal 0.7933222524577322 0.60880194132032 0
outer loop
vertex -10.44437333333334 -7.313066666666671 0.8000000000000005
vertex -9.76725333333334 -8.195413333333338 1.999786666666668
vertex -9.76725333333334 -8.195413333333338 0.8000000000000005
endloop
endfacet
facet normal 0.7371223001218346 0.6757593615060735 0
outer loop
vertex -9.76725333333334 -8.195413333333338 0.8000000000000005
vertex -9.76725333333334 -8.195413333333338 1.999786666666668
vertex -9.015466666666672 -9.015466666666672 1.999786666666668
endloop
endfacet
facet normal 0.7371223001218346 0.6757593615060735 0
outer loop
vertex -9.76725333333334 -8.195413333333338 0.8000000000000005
vertex -9.015466666666672 -9.015466666666672 1.999786666666668
vertex -9.015466666666672 -9.015466666666672 0.8000000000000005
endloop
endfacet
facet normal 0.6757593615060735 0.7371223001218346 0
outer loop
vertex -9.015466666666672 -9.015466666666672 0.8000000000000005
vertex -9.015466666666672 -9.015466666666672 1.999786666666668
vertex -8.195413333333338 -9.76725333333334 1.999786666666668
endloop
endfacet
facet normal 0.6757593615060735 0.7371223001218346 0
outer loop
vertex -9.015466666666672 -9.015466666666672 0.8000000000000005
vertex -8.195413333333338 -9.76725333333334 1.999786666666668
vertex -8.195413333333338 -9.76725333333334 0.8000000000000005
endloop
endfacet
facet normal 0.60880194132032 0.7933222524577322 0
outer loop
vertex -8.195413333333338 -9.76725333333334 0.8000000000000005
vertex -8.195413333333338 -9.76725333333334 1.999786666666668
vertex -7.313066666666671 -10.44437333333334 1.999786666666668
endloop
endfacet
facet normal 0.60880194132032 0.7933222524577322 0
outer loop
vertex -8.195413333333338 -9.76725333333334 0.8000000000000005
vertex -7.313066666666671 -10.44437333333334 1.999786666666668
vertex -7.313066666666671 -10.44437333333334 0.8000000000000005
endloop
endfacet
facet normal 0.537049232029504 0.8435509008806286 0
outer loop
vertex -7.313066666666671 -10.44437333333334 0.8000000000000005
vertex -7.313066666666671 -10.44437333333334 1.999786666666668
vertex -6.374826666666671 -11.041706666666673 1.999786666666668
endloop
endfacet
facet normal 0.537049232029504 0.8435509008806286 0
outer loop
vertex -7.313066666666671 -10.44437333333334 0.8000000000000005
vertex -6.374826666666671 -11.041706666666673 1.999786666666668
vertex -6.374826666666671 -11.041706666666673 0.8000000000000005
endloop
endfacet
facet normal 0.4618841238368156 0.8869402776667081 0
outer loop
vertex -6.374826666666671 -11.041706666666673 0.8000000000000005
vertex -6.374826666666671 -11.041706666666673 1.999786666666668
vertex -5.388373333333337 -11.555413333333341 1.999786666666668
endloop
endfacet
facet normal 0.4618841238368156 0.8869402776667081 0
outer loop
vertex -6.374826666666671 -11.041706666666673 0.8000000000000005
vertex -5.388373333333337 -11.555413333333341 1.999786666666668
vertex -5.388373333333337 -11.555413333333341 0.8000000000000005
endloop
endfacet
facet normal 0.3828712996537924 0.9238016929522352 0
outer loop
vertex -5.388373333333337 -11.555413333333341 0.8000000000000005
vertex -5.388373333333337 -11.555413333333341 1.999786666666668
vertex -4.360960000000003 -11.981226666666675 1.999786666666668
endloop
endfacet
facet normal 0.3828712996537924 0.9238016929522352 0
outer loop
vertex -5.388373333333337 -11.555413333333341 0.8000000000000005
vertex -4.360960000000003 -11.981226666666675 1.999786666666668
vertex -4.360960000000003 -11.981226666666675 0.8000000000000005
endloop
endfacet
facet normal 0.3006541443644758 0.9537332360133335 0
outer loop
vertex -4.360960000000003 -11.981226666666675 0.8000000000000005
vertex -4.360960000000003 -11.981226666666675 1.999786666666668
vertex -3.299840000000002 -12.315733333333341 1.999786666666668
endloop
endfacet
facet normal 0.3006541443644758 0.9537332360133335 0
outer loop
vertex -4.360960000000003 -11.981226666666675 0.8000000000000005
vertex -3.299840000000002 -12.315733333333341 1.999786666666668
vertex -3.299840000000002 -12.315733333333341 0.8000000000000005
endloop
endfacet
facet normal 0.21636176056460715 0.9763132635406444 0
outer loop
vertex -3.299840000000002 -12.315733333333341 0.8000000000000005
vertex -3.299840000000002 -12.315733333333341 1.999786666666668
vertex -2.213973333333335 -12.556373333333342 1.999786666666668
endloop
endfacet
facet normal 0.21636176056460715 0.9763132635406444 0
outer loop
vertex -3.299840000000002 -12.315733333333341 0.8000000000000005
vertex -2.213973333333335 -12.556373333333342 1.999786666666668
vertex -2.213973333333335 -12.556373333333342 0.8000000000000005
endloop
endfacet
facet normal 0.13040490496816756 0.9914608215962158 0
outer loop
vertex -2.213973333333335 -12.556373333333342 0.8000000000000005
vertex -2.213973333333335 -12.556373333333342 1.999786666666668
vertex -1.1110400000000007 -12.701440000000009 1.999786666666668
endloop
endfacet
facet normal 0.13040490496816756 0.9914608215962158 0
outer loop
vertex -2.213973333333335 -12.556373333333342 0.8000000000000005
vertex -1.1110400000000007 -12.701440000000009 1.999786666666668
vertex -1.1110400000000007 -12.701440000000009 0.8000000000000005
endloop
endfacet
facet normal 0.04373690918735727 0.9990430835428156 0
outer loop
vertex -1.1110400000000007 -12.701440000000009 0.8000000000000005
vertex -1.1110400000000007 -12.701440000000009 1.999786666666668
vertex 0 -12.750080000000008 1.999786666666668
endloop
endfacet
facet normal 0.04373690918735727 0.9990430835428156 0
outer loop
vertex -1.1110400000000007 -12.701440000000009 0.8000000000000005
vertex 0 -12.750080000000008 1.999786666666668
vertex 0 -12.750080000000008 0.8000000000000005
endloop
endfacet
facet normal -0.04373690918735727 0.9990430835428156 0
outer loop
vertex 0 -12.750080000000008 0.8000000000000005
vertex 0 -12.750080000000008 1.999786666666668
vertex 1.1110400000000007 -12.701440000000009 1.999786666666668
endloop
endfacet
facet normal -0.04373690918735727 0.9990430835428156 0
outer loop
vertex 0 -12.750080000000008 0.8000000000000005
vertex 1.1110400000000007 -12.701440000000009 1.999786666666668
vertex 1.1110400000000007 -12.701440000000009 0.8000000000000005
endloop
endfacet
facet normal -0.13040490496816756 0.9914608215962158 0
outer loop
vertex 1.1110400000000007 -12.701440000000009 0.8000000000000005
vertex 1.1110400000000007 -12.701440000000009 1.999786666666668
vertex 2.213973333333335 -12.556373333333342 1.999786666666668
endloop
endfacet
facet normal -0.13040490496816756 0.9914608215962158 0
outer loop
vertex 1.1110400000000007 -12.701440000000009 0.8000000000000005
vertex 2.213973333333335 -12.556373333333342 1.999786666666668
vertex 2.213973333333335 -12.556373333333342 0.8000000000000005
endloop
endfacet
facet normal -0.21636176056460715 0.9763132635406444 0
outer loop
vertex 2.213973333333335 -12.556373333333342 0.8000000000000005
vertex 2.213973333333335 -12.556373333333342 1.999786666666668
vertex 3.299840000000002 -12.315733333333341 1.999786666666668
endloop
endfacet
facet normal -0.21636176056460715 0.9763132635406444 0
outer loop
vertex 2.213973333333335 -12.556373333333342 0.8000000000000005
vertex 3.299840000000002 -12.315733333333341 1.999786666666668
vertex 3.299840000000002 -12.315733333333341 0.8000000000000005
endloop
endfacet
facet normal -0.3006541443644758 0.9537332360133335 0
outer loop
vertex 3.299840000000002 -12.315733333333341 0.8000000000000005
vertex 3.299840000000002 -12.315733333333341 1.999786666666668
vertex 4.360960000000003 -11.981226666666675 1.999786666666668
endloop
endfacet
facet normal -0.3006541443644758 0.9537332360133335 0
outer loop
vertex 3.299840000000002 -12.315733333333341 0.8000000000000005
vertex 4.360960000000003 -11.981226666666675 1.999786666666668
vertex 4.360960000000003 -11.981226666666675 0.8000000000000005
endloop
endfacet
facet normal -0.3828712996537924 0.9238016929522352 0
outer loop
vertex 4.360960000000003 -11.981226666666675 0.8000000000000005
vertex 4.360960000000003 -11.981226666666675 1.999786666666668
vertex 5.388373333333337 -11.555413333333341 1.999786666666668
endloop
endfacet
facet normal -0.3828712996537924 0.9238016929522352 0
outer loop
vertex 4.360960000000003 -11.981226666666675 0.8000000000000005
vertex 5.388373333333337 -11.555413333333341 1.999786666666668
vertex 5.388373333333337 -11.555413333333341 0.8000000000000005
endloop
endfacet
facet normal -0.4618841238368156 0.8869402776667081 0
outer loop
vertex 5.388373333333337 -11.555413333333341 0.8000000000000005
vertex 5.388373333333337 -11.555413333333341 1.999786666666668
vertex 6.374826666666671 -11.041706666666673 1.999786666666668
endloop
endfacet
facet normal -0.4618841238368156 0.8869402776667081 0
outer loop
vertex 5.388373333333337 -11.555413333333341 0.8000000000000005
vertex 6.374826666666671 -11.041706666666673 1.999786666666668
vertex 6.374826666666671 -11.041706666666673 0.8000000000000005
endloop
endfacet
facet normal -0.537049232029504 0.8435509008806286 0
outer loop
vertex 6.374826666666671 -11.041706666666673 0.8000000000000005
vertex 6.374826666666671 -11.041706666666673 1.999786666666668
vertex 7.313066666666671 -10.44437333333334 1.999786666666668
endloop
endfacet
facet normal -0.537049232029504 0.8435509008806286 0
outer loop
vertex 6.374826666666671 -11.041706666666673 0.8000000000000005
vertex 7.313066666666671 -10.44437333333334 1.999786666666668
vertex 7.313066666666671 -10.44437333333334 0.8000000000000005
endloop
endfacet
facet normal -0.60880194132032 0.7933222524577322 0
outer loop
vertex 7.313066666666671 -10.44437333333334 0.8000000000000005
vertex 7.313066666666671 -10.44437333333334 1.999786666666668
vertex 8.195413333333338 -9.76725333333334 1.999786666666668
endloop
endfacet
facet normal -0.60880194132032 0.7933222524577322 0
outer loop
vertex 7.313066666666671 -10.44437333333334 0.8000000000000005
vertex 8.195413333333338 -9.76725333333334 1.999786666666668
vertex 8.195413333333338 -9.76725333333334 0.8000000000000005
endloop
endfacet
facet normal -0.6757593615060735 0.7371223001218346 0
outer loop
vertex 8.195413333333338 -9.76725333333334 0.8000000000000005
vertex 8.195413333333338 -9.76725333333334 1.999786666666668
vertex 9.015466666666672 -9.015466666666672 1.999786666666668
endloop
endfacet
facet normal -0.6757593615060735 0.7371223001218346 0
outer loop
vertex 8.195413333333338 -9.76725333333334 0.8000000000000005
vertex 9.015466666666672 -9.015466666666672 1.999786666666668
vertex 9.015466666666672 -9.015466666666672 0.8000000000000005
endloop
endfacet
facet normal -0.7371223001218346 0.6757593615060735 0
outer loop
vertex 9.015466666666672 -9.015466666666672 0.8000000000000005
vertex 9.015466666666672 -9.015466666666672 1.999786666666668
vertex 9.76725333333334 -8.195413333333338 1.999786666666668
endloop
endfacet
facet normal -0.7371223001218346 0.6757593615060735 0
outer loop
vertex 9.015466666666672 -9.015466666666672 0.8000000000000005
vertex 9.76725333333334 -8.195413333333338 1.999786666666668
vertex 9.76725333333334 -8.195413333333338 0.8000000000000005
endloop
endfacet
facet normal -0.7933222524577322 0.60880194132032 0
outer loop
vertex 9.76725333333334 -8.195413333333338 0.8000000000000005
vertex 9.76725333333334 -8.195413333333338 1.999786666666668
vertex 10.44437333333334 -7.313066666666671 1.999786666666668
endloop
endfacet
facet normal -0.7933222524577322 0.60880194132032 0
outer loop
vertex 9.76725333333334 -8.195413333333338 0.8000000000000005
vertex 10.44437333333334 -7.313066666666671 1.999786666666668
vertex 10.44437333333334 -7.313066666666671 0.8000000000000005
endloop
endfacet
facet normal -0.8435509008806286 0.537049232029504 0
outer loop
vertex 10.44437333333334 -7.313066666666671 0.8000000000000005
vertex 10.44437333333334 -7.313066666666671 1.999786666666668
vertex 11.041706666666673 -6.374826666666671 1.999786666666668
endloop
endfacet
facet normal -0.8435509008806286 0.537049232029504 0
outer loop
vertex 10.44437333333334 -7.313066666666671 0.8000000000000005
vertex 11.041706666666673 -6.374826666666671 1.999786666666668
vertex 11.041706666666673 -6.374826666666671 0.8000000000000005
endloop
endfacet
facet normal -0.8869402776667081 0.4618841238368156 0
outer loop
vertex 11.041706666666673 -6.374826666666671 0.8000000000000005
vertex 11.041706666666673 -6.374826666666671 1.999786666666668
vertex 11.555413333333341 -5.388373333333337 1.999786666666668
endloop
endfacet
facet normal -0.8869402776667081 0.4618841238368156 0
outer loop
vertex 11.041706666666673 -6.374826666666671 0.8000000000000005
vertex 11.555413333333341 -5.388373333333337 1.999786666666668
vertex 11.555413333333341 -5.388373333333337 0.8000000000000005
endloop
endfacet
facet normal -0.9238016929522352 0.3828712996537924 0
outer loop
vertex 11.555413333333341 -5.388373333333337 0.8000000000000005
vertex 11.555413333333341 -5.388373333333337 1.999786666666668
vertex 11.981226666666675 -4.360960000000003 1.999786666666668
endloop
endfacet
facet normal -0.9238016929522352 0.3828712996537924 0
outer loop
vertex 11.555413333333341 -5.388373333333337 0.8000000000000005
vertex 11.981226666666675 -4.360960000000003 1.999786666666668
vertex 11.981226666666675 -4.360960000000003 0.8000000000000005
endloop
endfacet
facet normal -0.9537332360133335 0.3006541443644758 0
outer loop
vertex 11.981226666666675 -4.360960000000003 0.8000000000000005
vertex 11.981226666666675 -4.360960000000003 1.999786666666668
vertex 12.315733333333341 -3.299840000000002 1.999786666666668
endloop
endfacet
facet normal -0.9537332360133335 0.3006541443644758 0
outer loop
vertex 11.981226666666675 -4.360960000000003 0.8000000000000005
vertex 12.315733333333341 -3.299840000000002 1.999786666666668
vertex 12.315733333333341 -3.299840000000002 0.8000000000000005
endloop
endfacet
facet normal -0.9763132635406444 0.21636176056460715 0
outer loop
vertex 12.315733333333341 -3.299840000000002 0.8000000000000005
vertex 12.315733333333341 -3.299840000000002 1.999786666666668
vertex 12.556373333333342 -2.213973333333335 1.999786666666668
endloop
endfacet
facet normal -0.9763132635406444 0.21636176056460715 0
outer loop
vertex 12.315733333333341 -3.299840000000002 0.8000000000000005
vertex 12.556373333333342 -2.213973333333335 1.999786666666668
vertex 12.556373333333342 -2.213973333333335 0.8000000000000005
endloop
endfacet
facet normal -0.9914608215962158 0.13040490496816756 0
outer loop
vertex 12.556373333333342 -2.213973333333335 0.8000000000000005
vertex 12.556373333333342 -2.213973333333335 1.999786666666668
vertex 12.701440000000009 -1.1110400000000007 1.999786666666668
endloop
endfacet
facet normal -0.9914608215962158 0.13040490496816756 0
outer loop
vertex 12.556373333333342 -2.213973333333335 0.8000000000000005
vertex 12.701440000000009 -1.1110400000000007 1.999786666666668
vertex 12.701440000000009 -1.1110400000000007 0.8000000000000005
endloop
endfacet
facet normal -0.9990430835428156 0.04373690918735727 0
outer loop
vertex 12.701440000000009 -1.1110400000000007 0.8000000000000005
vertex 12.701440000000009 -1.1110400000000007 1.999786666666668
vertex 12.750080000000008 0 1.999786666666668
endloop
endfacet
facet normal -0.9990430835428156 0.04373690918735727 0
outer loop
vertex 12.701440000000009 -1.1110400000000007 0.8000000000000005
vertex 12.750080000000008 0 1.999786666666668
vertex 12.750080000000008 0 0.8000000000000005
endloop
endfacet
facet normal 0 0 1
outer loop
vertex 21.99978666666668 21.99978666666668 1.6998400000000011
vertex 21.700266666666682 23.69877333333335 1.6998400000000011
vertex 21.41013333333335 23.621120000000015 1.6998400000000011
endloop
endfacet
facet normal 0 0 1
outer loop
vertex 21.99978666666668 21.99978666666668 1.6998400000000011
vertex 21.41013333333335 23.621120000000015 1.6998400000000011
vertex 21.137493333333346 23.493973333333347 1.6998400000000011
endloop
endfacet
facet normal 0 0 1
outer loop
vertex 21.99978666666668 21.99978666666668 1.6998400000000011
vertex 21.137493333333346 23.493973333333347 1.6998400000000011
vertex 20.89130666666668 23.321600000000014 1.6998400000000011
endloop
endfacet
facet normal 0 0 1
outer loop
vertex 21.99978666666668 21.99978666666668 1.6998400000000011
vertex 20.89130666666668 23.321600000000014 1.6998400000000011
vertex 20.678400000000014 23.10869333333335 1.6998400000000011
endloop
endfacet
facet normal 0 0 1
outer loop
vertex 21.99978666666668 21.99978666666668 1.6998400000000011
vertex 20.678400000000014 23.10869333333335 1.6998400000000011
vertex 20.50602666666668 22.862506666666683 1.6998400000000011
endloop
endfacet
facet normal 0 0 1
outer loop
vertex 21.99978666666668 21.99978666666668 1.6998400000000011
vertex 20.50602666666668 22.862506666666683 1.6998400000000011
vertex 20.378880000000013 22.58986666666668 1.6998400000000011
endloop
endfacet
facet normal 0 0 1
outer loop
vertex 21.99978666666668 21.99978666666668 1.6998400000000011
vertex 20.378880000000013 22.58986666666668 1.6998400000000011
vertex 20.30122666666668 22.299733333333347 1.6998400000000011
endloop
endfacet
facet normal 0 0 1
outer loop
vertex 21.99978666666668 21.99978666666668 1.6998400000000011
vertex 20.30122666666668 22.299733333333347 1.6998400000000011
vertex 20.275200000000012 21.99978666666668 1.6998400000000011
endloop
endfacet
facet normal 0 0 1
outer loop
vertex 21.99978666666668 21.99978666666668 1.6998400000000011
vertex 20.275200000000012 21.99978666666668 1.6998400000000011
vertex 20.30122666666668 21.700266666666682 1.6998400000000011
endloop
endfacet
facet normal 0 0 1
outer loop
vertex 21.99978666666668 21.99978666666668 1.6998400000000011
vertex 20.30122666666668 21.700266666666682 1.6998400000000011
vertex 20.378880000000013 21.41013333333335 1.6998400000000011
endloop
endfacet
facet normal 0 0 1
outer loop
vertex 21.99978666666668 21.99978666666668 1.6998400000000011
vertex 20.378880000000013 21.41013333333335 1.6998400000000011
vertex 20.50602666666668 21.137493333333346 1.6998400000000011
endloop
endfacet
facet normal 0 0 1
outer loop
vertex 21.99978666666668 21.99978666666668 1.6998400000000011
vertex 20.50602666666668 21.137493333333346 1.6998400000000011
vertex 20.678400000000014 20.89130666666668 1.6998400000000011
endloop
endfacet
facet normal 0 0 1
outer loop
vertex 21.99978666666668 21.99978666666668 1.6998400000000011
vertex 20.678400000000014 20.89130666666668 1.6998400000000011
vertex 20.89130666666668 20.678400000000014 1.6998400000000011
endloop
endfacet
facet normal 0 0 1
outer loop
vertex 21.99978666666668 21.99978666666668 1.6998400000000011
vertex 20.89130666666668 20.678400000000014 1.6998400000000011
vertex 21.137493333333346 20.50602666666668 1.6998400000000011
endloop
endfacet
facet normal 0 0 1
outer loop
vertex 21.99978666666668 21.99978666666668 1.6998400000000011
vertex 21.137493333333346 20.50602666666668 1.6998400000000011
vertex 21.41013333333335 20.378880000000013 1.6998400000000011
endloop
endfacet
facet normal 0 0 1
outer loop
vertex 21.99978666666668 21.99978666666668 1.6998400000000011
vertex 21.41013333333335 20.378880000000013 1.6998400000000011
vertex 21.700266666666682 20.30122666666668 1.6998400000000011
endloop
endfacet
facet normal 0 0 1
outer loop
vertex 21.99978666666668 21.99978666666668 1.6998400000000011
vertex 21.700266666666682 20.30122666666668 1.6998400000000011
vertex 21.99978666666668 20.275200000000012 1.6998400000000011
endloop
endfacet
facet normal 0 0 1
outer loop
vertex 21.99978666666668 21.99978666666668 1.6998400000000011
vertex 21.99978666666668 20.275200000000012 1.6998400000000011
vertex 22.299733333333347 20.30122666666668 1.6998400000000011
endloop
endfacet
facet normal 0 0 1
outer loop
vertex 21.99978666666668 21.99978666666668 1.6998400000000011
vertex 22.299733333333347 20.30122666666668 1.6998400000000011
vertex 22.58986666666668 20.378880000000013 1.6998400000000011
endloop
endfacet
facet normal 0 0 1
outer loop
vertex 21.99978666666668 21.99978666666668 1.6998400000000011
vertex 22.58986666666668 20.378880000000013 1.6998400000000011
vertex 22.862506666666683 20.50602666666668 1.6998400000000011
endloop
endfacet
facet normal 0 0 1
outer loop
vertex 21.99978666666668 21.99978666666668 1.6998400000000011
vertex 22.862506666666683 20.50602666666668 1.6998400000000011
vertex 23.10869333333335 20.678400000000014 1.6998400000000011
endloop
endfacet
facet normal 0 0 1
outer loop
vertex 21.99978666666668 21.99978666666668 1.6998400000000011
vertex 23.10869333333335 20.678400000000014 1.6998400000000011
vertex 23.321600000000014 20.89130666666668 1.6998400000000011
endloop
endfacet
facet normal 0 0 1
outer loop
vertex 21.99978666666668 21.99978666666668 1.6998400000000011
vertex 23.321600000000014 20.89130666666668 1.6998400000000011
vertex 23.493973333333347 21.137493333333346 1.6998400000000011
endloop
endfacet
facet normal 0 0 1
outer loop
vertex 21.99978666666668 21.99978666666668 1.6998400000000011
vertex 23.493973333333347 21.137493333333346 1.6998400000000011
vertex 23.621120000000015 21.41013333333335 1.6998400000000011
endloop
endfacet
facet normal 0 0 1
outer loop
vertex 21.99978666666668 21.99978666666668 1.6998400000000011
vertex 23.621120000000015 21.41013333333335 1.6998400000000011
vertex 23.69877333333335 21.700266666666682 1.6998400000000011
endloop
endfacet
facet normal 0 0 1
outer loop
vertex 21.99978666666668 21.99978666666668 1.6998400000000011
vertex 23.69877333333335 21.700266666666682 1.6998400000000011
vertex 23.724800000000016 21.99978666666668 1.6998400000000011
endloop
endfacet
facet normal 0 0 1
outer loop
vertex 21.99978666666668 21.99978666666668 1.6998400000000011
vertex 23.724800000000016 21.99978666666668 1.6998400000000011
vertex 23.69877333333335 22.299733333333347 1.6998400000000011
endloop
endfacet
facet normal 0 0 1
outer loop
vertex 21.99978666666668 21.99978666666668 1.6998400000000011
vertex 23.69877333333335 22.299733333333347 1.6998400000000011
vertex 23.621120000000015 22.58986666666668 1.6998400000000011
endloop
endfacet
facet normal 0 0 1
outer loop
vertex 21.99978666666668 21.99978666666668 1.6998400000000011
vertex 23.621120000000015 22.58986666666668 1.6998400000000011
vertex 23.493973333333347 22.862506666666683 1.6998400000000011
endloop
endfacet
facet normal 0 0 1
outer loop
vertex 21.99978666666668 21.99978666666668 1.6998400000000011
vertex 23.493973333333347 22.862506666666683 1.6998400000000011
vertex 23.321600000000014 23.10869333333335 1.6998400000000011
endloop
endfacet
facet normal 0 0 1
outer loop
vertex 21.99978666666668 21.99978666666668 1.6998400000000011
vertex 23.321600000000014 23.10869333333335 1.6998400000000011
vertex 23.10869333333335 23.321600000000014 1.6998400000000011
endloop
endfacet
facet normal 0 0 1
outer loop
vertex 21.99978666666668 21.99978666666668 1.6998400000000011
vertex 23.10869333333335 23.321600000000014 1.6998400000000011
vertex 22.862506666666683 23.493973333333347 1.6998400000000011
endloop
endfacet
facet normal 0 0 1
outer loop
vertex 21.99978666666668 21.99978666666668 1.6998400000000011
vertex 22.862506666666683 23.493973333333347 1.6998400000000011
vertex 22.58986666666668 23.621120000000015 1.6998400000000011
endloop
endfacet
facet normal 0 0 1
outer loop
vertex 21.99978666666668 21.99978666666668 1.6998400000000011
vertex 22.58986666666668 23.621120000000015 1.6998400000000011
vertex 22.299733333333347 23.69877333333335 1.6998400000000011
endloop
endfacet
facet normal 0 0 1
outer loop
vertex 21.99978666666668 21.99978666666668 1.6998400000000011
vertex 22.299733333333347 23.69877333333335 1.6998400000000011
vertex 21.99978666666668 23.724800000000016 1.6998400000000011
endloop
endfacet
facet normal 0 0 1
outer loop
vertex 21.99978666666668 21.99978666666668 1.6998400000000011
vertex 21.99978666666668 23.724800000000016 1.6998400000000011
vertex 21.700266666666682 23.69877333333335 1.6998400000000011
endloop
endfacet
facet normal 0 0 1
outer loop
vertex -21.99978666666668 21.99978666666668 1.6998400000000011
vertex -22.299733333333347 23.69877333333335 1.6998400000000011
vertex -22.58986666666668 23.621120000000015 1.6998400000000011
endloop
endfacet
facet normal 0 0 1
outer loop
vertex -21.99978666666668 21.99978666666668 1.6998400000000011
vertex -22.58986666666668 23.621120000000015 1.6998400000000011
vertex -22.862506666666683 23.493973333333347 1.6998400000000011
endloop
endfacet
facet normal 0 0 1
outer loop
vertex -21.99978666666668 21.99978666666668 1.6998400000000011
vertex -22.862506666666683 23.493973333333347 1.6998400000000011
vertex -23.10869333333335 23.321600000000014 1.6998400000000011
endloop
endfacet
facet normal 0 0 1
outer loop
vertex -21.99978666666668 21.99978666666668 1.6998400000000011
vertex -23.10869333333335 23.321600000000014 1.6998400000000011
vertex -23.321600000000014 23.10869333333335 1.6998400000000011
endloop
endfacet
facet normal 0 0 1
outer loop
vertex -21.99978666666668 21.99978666666668 1.6998400000000011
vertex -23.321600000000014 23.10869333333335 1.6998400000000011
vertex -23.493973333333347 22.862506666666683 1.6998400000000011
endloop
endfacet
facet normal 0 0 1
outer loop
vertex -21.99978666666668 21.99978666666668 1.6998400000000011
vertex -23.493973333333347 22.862506666666683 1.6998400000000011
vertex -23.621120000000015 22.58986666666668 1.6998400000000011
endloop
endfacet
facet normal 0 0 1
outer loop
vertex -21.99978666666668 21.99978666666668 1.6998400000000011
vertex -23.621120000000015 22.58986666666668 1.6998400000000011
vertex -23.69877333333335 22.299733333333347 1.6998400000000011
endloop
endfacet
facet normal 0 0 1
outer loop
vertex -21.99978666666668 21.99978666666668 1.6998400000000011
vertex -23.69877333333335 22.299733333333347 1.6998400000000011
vertex -23.724800000000016 21.99978666666668 1.6998400000000011
endloop
endfacet
facet normal 0 0 1
outer loop
vertex -21.99978666666668 21.99978666666668 1.6998400000000011
vertex -23.724800000000016 21.99978666666668 1.6998400000000011
vertex -23.69877333333335 21.700266666666682 1.6998400000000011
endloop
endfacet
facet normal 0 0 1
outer loop
vertex -21.99978666666668 21.99978666666668 1.6998400000000011
vertex -23.69877333333335 21.700266666666682 1.6998400000000011
vertex -23.621120000000015 21.41013333333335 1.6998400000000011
endloop
endfacet
facet normal 0 0 1
outer loop
vertex -21.99978666666668 21.99978666666668 1.6998400000000011
vertex -23.621120000000015 21.41013333333335 1.6998400000000011
vertex -23.493973333333347 21.137493333333346 1.6998400000000011
endloop
endfacet
facet normal 0 0 1
outer loop
vertex -21.99978666666668 21.99978666666668 1.6998400000000011
vertex -23.493973333333347 21.137493333333346 1.6998400000000011
vertex -23.321600000000014 20.89130666666668 1.6998400000000011
endloop
endfacet
facet normal 0 0 1
outer loop
vertex -21.99978666666668 21.99978666666668 1.6998400000000011
vertex -23.321600000000014 20.89130666666668 1.6998400000000011
vertex -23.10869333333335 20.678400000000014 1.6998400000000011
endloop
endfacet
facet normal 0 0 1
outer loop
vertex -21.99978666666668 21.99978666666668 1.6998400000000011
vertex -23.10869333333335 20.678400000000014 1.6998400000000011
vertex -22.862506666666683 20.50602666666668 1.6998400000000011
endloop
endfacet
facet normal 0 0 1
outer loop
vertex -21.99978666666668 21.99978666666668 1.6998400000000011
vertex -22.862506666666683 20.50602666666668 1.6998400000000011
vertex -22.58986666666668 20.378880000000013 1.6998400000000011
endloop
endfacet
facet normal 0 0 1
outer loop
vertex -21.99978666666668 21.99978666666668 1.6998400000000011
vertex -22.58986666666668 20.378880000000013 1.6998400000000011
vertex -22.299733333333347 20.30122666666668 1.6998400000000011
endloop
endfacet
facet normal 0 0 1
outer loop
vertex -21.99978666666668 21.99978666666668 1.6998400000000011
vertex -22.299733333333347 20.30122666666668 1.6998400000000011
vertex -21.99978666666668 20.275200000000012 1.6998400000000011
endloop
endfacet
facet normal 0 0 1
outer loop
vertex -21.99978666666668 21.99978666666668 1.6998400000000011
vertex -21.99978666666668 20.275200000000012 1.6998400000000011
vertex -21.700266666666682 20.30122666666668 1.6998400000000011
endloop
endfacet
facet normal 0 0 1
outer loop
vertex -21.99978666666668 21.99978666666668 1.6998400000000011
vertex -21.700266666666682 20.30122666666668 1.6998400000000011
vertex -21.41013333333335 20.378880000000013 1.6998400000000011
endloop
endfacet
facet normal 0 0 1
outer loop
vertex -21.99978666666668 21.99978666666668 1.6998400000000011
vertex -21.41013333333335 20.378880000000013 1.6998400000000011
vertex -21.137493333333346 20.50602666666668 1.6998400000000011
endloop
endfacet
facet normal 0 0 1
outer loop
vertex -21.99978666666668 21.99978666666668 1.6998400000000011
vertex -21.137493333333346 20.50602666666668 1.6998400000000011
vertex -20.89130666666668 20.678400000000014 1.6998400000000011
endloop
endfacet
facet normal 0 0 1
outer loop
vertex -21.99978666666668 21.99978666666668 1.6998400000000011
vertex -20.89130666666668 20.678400000000014 1.6998400000000011
vertex -20.678400000000014 20.89130666666668 1.6998400000000011
endloop
endfacet
facet normal 0 0 1
outer loop
vertex -21.99978666666668 21.99978666666668 1.6998400000000011
vertex -20.678400000000014 20.89130666666668 1.6998400000000011
vertex -20.50602666666668 21.137493333333346 1.6998400000000011
endloop
endfacet
facet normal 0 0 1
outer loop
vertex -21.99978666666668 21.99978666666668 1.6998400000000011
vertex -20.50602666666668 21.137493333333346 1.6998400000000011
vertex -20.378880000000013 21.41013333333335 1.6998400000000011
endloop
endfacet
facet normal 0 0 1
outer loop
vertex -21.99978666666668 21.99978666666668 1.6998400000000011
vertex -20.378880000000013 21.41013333333335 1.6998400000000011
vertex -20.30122666666668 21.700266666666682 1.6998400000000011
endloop
endfacet
facet normal 0 0 1
outer loop
vertex -21.99978666666668 21.99978666666668 1.6998400000000011
vertex -20.30122666666668 21.700266666666682 1.6998400000000011
vertex -20.275200000000012 21.99978666666668 1.6998400000000011
endloop
endfacet
facet normal 0 0 1
outer loop
vertex -21.99978666666668 21.99978666666668 1.6998400000000011
vertex -20.275200000000012 21.99978666666668 1.6998400000000011
vertex -20.30122666666668 22.299733333333347 1.6998400000000011
endloop
endfacet
facet normal 0 0 1
outer loop
vertex -21.99978666666668 21.99978666666668 1.6998400000000011
vertex -20.30122666666668 22.299733333333347 1.6998400000000011
vertex -20.378880000000013 22.58986666666668 1.6998400000000011
endloop
endfacet
facet normal 0 0 1
outer loop
vertex -21.99978666666668 21.99978666666668 1.6998400000000011
vertex -20.378880000000013 22.58986666666668 1.6998400000000011
vertex -20.50602666666668 22.862506666666683 1.6998400000000011
endloop
endfacet
facet normal 0 0 1
outer loop
vertex -21.99978666666668 21.99978666666668 1.6998400000000011
vertex -20.50602666666668 22.862506666666683 1.6998400000000011
vertex -20.678400000000014 23.10869333333335 1.6998400000000011
endloop
endfacet
facet normal 0 0 1
outer loop
vertex -21.99978666666668 21.99978666666668 1.6998400000000011
vertex -20.678400000000014 23.10869333333335 1.6998400000000011
vertex -20.89130666666668 23.321600000000014 1.6998400000000011
endloop
endfacet
facet normal 0 0 1
outer loop
vertex -21.99978666666668 21.99978666666668 1.6998400000000011
vertex -20.89130666666668 23.321600000000014 1.6998400000000011
vertex -21.137493333333346 23.493973333333347 1.6998400000000011
endloop
endfacet
facet normal 0 0 1
outer loop
vertex -21.99978666666668 21.99978666666668 1.6998400000000011
vertex -21.137493333333346 23.493973333333347 1.6998400000000011
vertex -21.41013333333335 23.621120000000015 1.6998400000000011
endloop
endfacet
facet normal 0 0 1
outer loop
vertex -21.99978666666668 21.99978666666668 1.6998400000000011
vertex -21.41013333333335 23.621120000000015 1.6998400000000011
vertex -21.700266666666682 23.69877333333335 1.6998400000000011
endloop
endfacet
facet normal 0 0 1
outer loop
vertex -21.99978666666668 21.99978666666668 1.6998400000000011
vertex -21.700266666666682 23.69877333333335 1.6998400000000011
vertex -21.99978666666668 23.724800000000016 1.6998400000000011
endloop
endfacet
facet normal 0 0 1
outer loop
vertex -21.99978666666668 21.99978666666668 1.6998400000000011
vertex -21.99978666666668 23.724800000000016 1.6998400000000011
vertex -22.299733333333347 23.69877333333335 1.6998400000000011
endloop
endfacet
facet normal 0 0 1
outer loop
vertex 21.99978666666668 -21.99978666666668 1.6998400000000011
vertex 21.700266666666682 -20.30122666666668 1.6998400000000011
vertex 21.41013333333335 -20.378880000000013 1.6998400000000011
endloop
endfacet
facet normal 0 0 1
outer loop
vertex 21.99978666666668 -21.99978666666668 1.6998400000000011
vertex 21.41013333333335 -20.378880000000013 1.6998400000000011
vertex 21.137493333333346 -20.50602666666668 1.6998400000000011
endloop
endfacet
facet normal 0 0 1
outer loop
vertex 21.99978666666668 -21.99978666666668 1.6998400000000011
vertex 21.137493333333346 -20.50602666666668 1.6998400000000011
vertex 20.89130666666668 -20.678400000000014 1.6998400000000011
endloop
endfacet
facet normal 0 0 1
outer loop
vertex 21.99978666666668 -21.99978666666668 1.6998400000000011
vertex 20.89130666666668 -20.678400000000014 1.6998400000000011
vertex 20.678400000000014 -20.89130666666668 1.6998400000000011
endloop
endfacet
facet normal 0 0 1
outer loop
vertex 21.99978666666668 -21.99978666666668 1.6998400000000011
vertex 20.678400000000014 -20.89130666666668 1.6998400000000011
vertex 20.50602666666668 -21.137493333333346 1.6998400000000011
endloop
endfacet
facet normal 0 0 1
outer loop
vertex 21.99978666666668 -21.99978666666668 1.6998400000000011
vertex 20.50602666666668 -21.137493333333346 1.6998400000000011
vertex 20.378880000000013 -21.41013333333335 1.6998400000000011
endloop
endfacet
facet normal 0 0 1
outer loop
vertex 21.99978666666668 -21.99978666666668 1.6998400000000011
vertex 20.378880000000013 -21.41013333333335 1.6998400000000011
vertex 20.30122666666668 -21.700266666666682 1.6998400000000011
endloop
endfacet
facet normal 0 0 1
outer loop
vertex 21.99978666666668 -21.99978666666668 1.6998400000000011
vertex 20.30122666666668 -21.700266666666682 1.6998400000000011
vertex 20.275200000000012 -21.99978666666668 1.6998400000000011
endloop
endfacet
facet normal 0 0 1
outer loop
vertex 21.99978666666668 -21.99978666666668 1.6998400000000011
vertex 20.275200000000012 -21.99978666666668 1.6998400000000011
vertex 20.30122666666668 -22.299733333333347 1.6998400000000011
endloop
endfacet
facet normal 0 0 1
outer loop
vertex 21.99978666666668 -21.99978666666668 1.6998400000000011
vertex 20.30122666666668 -22.299733333333347 1.6998400000000011
vertex 20.378880000000013 -22.58986666666668 1.6998400000000011
endloop
endfacet
facet normal 0 0 1
outer loop
vertex 21.99978666666668 -21.99978666666668 1.6998400000000011
vertex 20.378880000000013 -22.58986666666668 1.6998400000000011
vertex 20.50602666666668 -22.862506666666683 1.6998400000000011
endloop
endfacet
facet normal 0 0 1
outer loop
vertex 21.99978666666668 -21.99978666666668 1.6998400000000011
vertex 20.50602666666668 -22.862506666666683 1.6998400000000011
vertex 20.678400000000014 -23.10869333333335 1.6998400000000011
endloop
endfacet
facet normal 0 0 1
outer loop
vertex 21.99978666666668 -21.99978666666668 1.6998400000000011
vertex 20.678400000000014 -23.10869333333335 1.6998400000000011
vertex 20.89130666666668 -23.321600000000014 1.6998400000000011
endloop
endfacet
facet normal 0 0 1
outer loop
vertex 21.99978666666668 -21.99978666666668 1.6998400000000011
vertex 20.89130666666668 -23.321600000000014 1.6998400000000011
vertex 21.137493333333346 -23.493973333333347 1.6998400000000011
endloop
endfacet
facet normal 0 0 1
outer loop
vertex 21.99978666666668 -21.99978666666668 1.6998400000000011
vertex 21.137493333333346 -23.493973333333347 1.6998400000000011
vertex 21.41013333333335 -23.621120000000015 1.6998400000000011
endloop
endfacet
facet normal 0 0 1
outer loop
vertex 21.99978666666668 -21.99978666666668 1.6998400000000011
vertex 21.41013333333335 -23.621120000000015 1.6998400000000011
vertex 21.700266666666682 -23.69877333333335 1.6998400000000011
endloop
endfacet
facet normal 0 0 1
outer loop
vertex 21.99978666666668 -21.99978666666668 1.6998400000000011
vertex 21.700266666666682 -23.69877333333335 1.6998400000000011
vertex 21.99978666666668 -23.724800000000016 1.6998400000000011
endloop
endfacet
facet normal 0 0 1
outer loop
vertex 21.99978666666668 -21.99978666666668 1.6998400000000011
vertex 21.99978666666668 -23.724800000000016 1.6998400000000011
vertex 22.299733333333347 -23.69877333333335 1.6998400000000011
endloop
endfacet
facet normal 0 0 1
outer loop
vertex 21.99978666666668 -21.99978666666668 1.6998400000000011
vertex 22.299733333333347 -23.69877333333335 1.6998400000000011
vertex 22.58986666666668 -23.621120000000015 1.6998400000000011
endloop
endfacet
facet normal 0 0 1
outer loop
vertex 21.99978666666668 -21.99978666666668 1.6998400000000011
vertex 22.58986666666668 -23.621120000000015 1.6998400000000011
vertex 22.862506666666683 -23.493973333333347 1.6998400000000011
endloop
endfacet
facet normal 0 0 1
outer loop
vertex 21.99978666666668 -21.99978666666668 1.6998400000000011
vertex 22.862506666666683 -23.493973333333347 1.6998400000000011
vertex 23.10869333333335 -23.321600000000014 1.6998400000000011
endloop
endfacet
facet normal 0 0 1
outer loop
vertex 21.99978666666668 -21.99978666666668 1.6998400000000011
vertex 23.10869333333335 -23.321600000000014 1.6998400000000011
vertex 23.321600000000014 -23.10869333333335 1.6998400000000011
endloop
endfacet
facet normal 0 0 1
outer loop
vertex 21.99978666666668 -21.99978666666668 1.6998400000000011
vertex 23.321600000000014 -23.10869333333335 1.6998400000000011
vertex 23.493973333333347 -22.862506666666683 1.6998400000000011
endloop
endfacet
facet normal 0 0 1
outer loop
vertex 21.99978666666668 -21.99978666666668 1.6998400000000011
vertex 23.493973333333347 -22.862506666666683 1.6998400000000011
vertex 23.621120000000015 -22.58986666666668 1.6998400000000011
endloop
endfacet
facet normal 0 0 1
outer loop
vertex 21.99978666666668 -21.99978666666668 1.6998400000000011
vertex 23.621120000000015 -22.58986666666668 1.6998400000000011
vertex 23.69877333333335 -22.299733333333347 1.6998400000000011
endloop
endfacet
facet normal 0 0 1
outer loop
vertex 21.99978666666668 -21.99978666666668 1.6998400000000011
vertex 23.69877333333335 -22.299733333333347 1.6998400000000011
vertex 23.724800000000016 -21.99978666666668 1.6998400000000011
endloop
endfacet
facet normal 0 0 1
outer loop
vertex 21.99978666666668 -21.99978666666668 1.6998400000000011
vertex 23.724800000000016 -21.99978666666668 1.6998400000000011
vertex 23.69877333333335 -21.700266666666682 1.6998400000000011
endloop
endfacet
facet normal 0 0 1
outer loop
vertex 21.99978666666668 -21.99978666666668 1.6998400000000011
vertex 23.69877333333335 -21.700266666666682 1.6998400000000011
vertex 23.621120000000015 -21.41013333333335 1.6998400000000011
endloop
endfacet
facet normal 0 0 1
outer loop
vertex 21.99978666666668 -21.99978666666668 1.6998400000000011
vertex 23.621120000000015 -21.41013333333335 1.6998400000000011
vertex 23.493973333333347 -21.137493333333346 1.6998400000000011
endloop
endfacet
facet normal 0 0 1
outer loop
vertex 21.99978666666668 -21.99978666666668 1.6998400000000011
vertex 23.493973333333347 -21.137493333333346 1.6998400000000011
vertex 23.321600000000014 -20.89130666666668 1.6998400000000011
endloop
endfacet
facet normal 0 0 1
outer loop
vertex 21.99978666666668 -21.99978666666668 1.6998400000000011
vertex 23.321600000000014 -20.89130666666668 1.6998400000000011
vertex 23.10869333333335 -20.678400000000014 1.6998400000000011
endloop
endfacet
facet normal 0 0 1
outer loop
vertex 21.99978666666668 -21.99978666666668 1.6998400000000011
vertex 23.10869333333335 -20.678400000000014 1.6998400000000011
vertex 22.862506666666683 -20.50602666666668 1.6998400000000011
endloop
endfacet
facet normal 0 0 1
outer loop
vertex 21.99978666666668 -21.99978666666668 1.6998400000000011
vertex 22.862506666666683 -20.50602666666668 1.6998400000000011
vertex 22.58986666666668 -20.378880000000013 1.6998400000000011
endloop
endfacet
facet normal 0 0 1
outer loop
vertex 21.99978666666668 -21.99978666666668 1.6998400000000011
vertex 22.58986666666668 -20.378880000000013 1.6998400000000011
vertex 22.299733333333347 -20.30122666666668 1.6998400000000011
endloop
endfacet
facet normal 0 0 1
outer loop
vertex 21.99978666666668 -21.99978666666668 1.6998400000000011
vertex 22.299733333333347 -20.30122666666668 1.6998400000000011
vertex 21.99978666666668 -20.275200000000012 1.6998400000000011
endloop
endfacet
facet normal 0 0 1
outer loop
vertex 21.99978666666668 -21.99978666666668 1.6998400000000011
vertex 21.99978666666668 -20.275200000000012 1.6998400000000011
vertex 21.700266666666682 -20.30122666666668 1.6998400000000011
endloop
endfacet
facet normal 0 0 1
outer loop
vertex -21.99978666666668 -21.99978666666668 1.6998400000000011
vertex -22.299733333333347 -20.30122666666668 1.6998400000000011
vertex -22.58986666666668 -20.378880000000013 1.6998400000000011
endloop
endfacet
facet normal 0 0 1
outer loop
vertex -21.99978666666668 -21.99978666666668 1.6998400000000011
vertex -22.58986666666668 -20.378880000000013 1.6998400000000011
vertex -22.862506666666683 -20.50602666666668 1.6998400000000011
endloop
endfacet
facet normal 0 0 1
outer loop
vertex -21.99978666666668 -21.99978666666668 1.6998400000000011
vertex -22.862506666666683 -20.50602666666668 1.6998400000000011
vertex -23.10869333333335 -20.678400000000014 1.6998400000000011
endloop
endfacet
facet normal 0 0 1
outer loop
vertex -21.99978666666668 -21.99978666666668 1.6998400000000011
vertex -23.10869333333335 -20.678400000000014 1.6998400000000011
vertex -23.321600000000014 -20.89130666666668 1.6998400000000011
endloop
endfacet
facet normal 0 0 1
outer loop
vertex -21.99978666666668 -21.99978666666668 1.6998400000000011
vertex -23.321600000000014 -20.89130666666668 1.6998400000000011
vertex -23.493973333333347 -21.137493333333346 1.6998400000000011
endloop
endfacet
facet normal 0 0 1
outer loop
vertex -21.99978666666668 -21.99978666666668 1.6998400000000011
vertex -23.493973333333347 -21.137493333333346 1.6998400000000011
vertex -23.621120000000015 -21.41013333333335 1.6998400000000011
endloop
endfacet
facet normal 0 0 1
outer loop
vertex -21.99978666666668 -21.99978666666668 1.6998400000000011
vertex -23.621120000000015 -21.41013333333335 1.6998400000000011
vertex -23.69877333333335 -21.700266666666682 1.6998400000000011
endloop
endfacet
facet normal 0 0 1
outer loop
vertex -21.99978666666668 -21.99978666666668 1.6998400000000011
vertex -23.69877333333335 -21.700266666666682 1.6998400000000011
vertex -23.724800000000016 -21.99978666666668 1.6998400000000011
endloop
endfacet
facet normal 0 0 1
outer loop
vertex -21.99978666666668 -21.99978666666668 1.6998400000000011
vertex -23.724800000000016 -21.99978666666668 1.6998400000000011
vertex -23.69877333333335 -22.299733333333347 1.6998400000000011
endloop
endfacet
facet normal 0 0 1
outer loop
vertex -21.99978666666668 -21.99978666666668 1.6998400000000011
vertex -23.69877333333335 -22.299733333333347 1.6998400000000011
vertex -23.621120000000015 -22.58986666666668 1.6998400000000011
endloop
endfacet
facet normal 0 0 1
outer loop
vertex -21.99978666666668 -21.99978666666668 1.6998400000000011
vertex -23.621120000000015 -22.58986666666668 1.6998400000000011
vertex -23.493973333333347 -22.862506666666683 1.6998400000000011
endloop
endfacet
facet normal 0 0 1
outer loop
vertex -21.99978666666668 -21.99978666666668 1.6998400000000011
vertex -23.493973333333347 -22.862506666666683 1.6998400000000011
vertex -23.321600000000014 -23.10869333333335 1.6998400000000011
endloop
endfacet
facet normal 0 0 1
outer loop
vertex -21.99978666666668 -21.99978666666668 1.6998400000000011
vertex -23.321600000000014 -23.10869333333335 1.6998400000000011
vertex -23.10869333333335 -23.321600000000014 1.6998400000000011
endloop
endfacet
facet normal 0 0 1
outer loop
vertex -21.99978666666668 -21.99978666666668 1.6998400000000011
vertex -23.10869333333335 -23.321600000000014 1.6998400000000011
vertex -22.862506666666683 -23.493973333333347 1.6998400000000011
endloop
endfacet
facet normal 0 0 1
outer loop
vertex -21.99978666666668 -21.99978666666668 1.6998400000000011
vertex -22.862506666666683 -23.493973333333347 1.6998400000000011
vertex -22.58986666666668 -23.621120000000015 1.6998400000000011
endloop
endfacet
facet normal 0 0 1
outer loop
vertex -21.99978666666668 -21.99978666666668 1.6998400000000011
vertex -22.58986666666668 -23.621120000000015 1.6998400000000011
vertex -22.299733333333347 -23.69877333333335 1.6998400000000011
endloop
endfacet
facet normal 0 0 1
outer loop
vertex -21.99978666666668 -21.99978666666668 1.6998400000000011
vertex -22.299733333333347 -23.69877333333335 1.6998400000000011
vertex -21.99978666666668 -23.724800000000016 1.6998400000000011
endloop
endfacet
facet normal 0 0 1
outer loop
vertex -21.99978666666668 -21.99978666666668 1.6998400000000011
vertex -21.99978666666668 -23.724800000000016 1.6998400000000011
vertex -21.700266666666682 -23.69877333333335 1.6998400000000011
endloop
endfacet
facet normal 0 0 1
outer loop
vertex -21.99978666666668 -21.99978666666668 1.6998400000000011
vertex -21.700266666666682 -23.69877333333335 1.6998400000000011
vertex -21.41013333333335 -23.621120000000015 1.6998400000000011
endloop
endfacet
facet normal 0 0 1
outer loop
vertex -21.99978666666668 -21.99978666666668 1.6998400000000011
vertex -21.41013333333335 -23.621120000000015 1.6998400000000011
vertex -21.137493333333346 -23.493973333333347 1.6998400000000011
endloop
endfacet
facet normal 0 0 1
outer loop
vertex -21.99978666666668 -21.99978666666668 1.6998400000000011
vertex -21.137493333333346 -23.493973333333347 1.6998400000000011
vertex -20.89130666666668 -23.321600000000014 1.6998400000000011
endloop
endfacet
facet normal 0 0 1
outer loop
vertex -21.99978666666668 -21.99978666666668 1.6998400000000011
vertex -20.89130666666668 -23.321600000000014 1.6998400000000011
vertex -20.678400000000014 -23.10869333333335 1.6998400000000011
endloop
endfacet
facet normal 0 0 1
outer loop
vertex -21.99978666666668 -21.99978666666668 1.6998400000000011
vertex -20.678400000000014 -23.10869333333335 1.6998400000000011
vertex -20.50602666666668 -22.862506666666683 1.6998400000000011
endloop
endfacet
facet normal 0 0 1
outer loop
vertex -21.99978666666668 -21.99978666666668 1.6998400000000011
vertex -20.50602666666668 -22.862506666666683 1.6998400000000011
vertex -20.378880000000013 -22.58986666666668 1.6998400000000011
endloop
endfacet
facet normal 0 0 1
outer loop
vertex -21.99978666666668 -21.99978666666668 1.6998400000000011
vertex -20.378880000000013 -22.58986666666668 1.6998400000000011
vertex -20.30122666666668 -22.299733333333347 1.6998400000000011
endloop
endfacet
facet normal 0 0 1
outer loop
vertex -21.99978666666668 -21.99978666666668 1.6998400000000011
vertex -20.30122666666668 -22.299733333333347 1.6998400000000011
vertex -20.275200000000012 -21.99978666666668 1.6998400000000011
endloop
endfacet
facet normal 0 0 1
outer loop
vertex -21.99978666666668 -21.99978666666668 1.6998400000000011
vertex -20.275200000000012 -21.99978666666668 1.6998400000000011
vertex -20.30122666666668 -21.700266666666682 1.6998400000000011
endloop
endfacet
facet normal 0 0 1
outer loop
vertex -21.99978666666668 -21.99978666666668 1.6998400000000011
vertex -20.30122666666668 -21.700266666666682 1.6998400000000011
vertex -20.378880000000013 -21.41013333333335 1.6998400000000011
endloop
endfacet
facet normal 0 0 1
outer loop
vertex -21.99978666666668 -21.99978666666668 1.6998400000000011
vertex -20.378880000000013 -21.41013333333335 1.6998400000000011
vertex -20.50602666666668 -21.137493333333346 1.6998400000000011
endloop
endfacet
facet normal 0 0 1
outer loop
vertex -21.99978666666668 -21.99978666666668 1.6998400000000011
vertex -20.50602666666668 -21.137493333333346 1.6998400000000011
vertex -20.678400000000014 -20.89130666666668 1.6998400000000011
endloop
endfacet
facet normal 0 0 1
outer loop
vertex -21.99978666666668 -21.99978666666668 1.6998400000000011
vertex -20.678400000000014 -20.89130666666668 1.6998400000000011
vertex -20.89130666666668 -20.678400000000014 1.6998400000000011
endloop
endfacet
facet normal 0 0 1
outer loop
vertex -21.99978666666668 -21.99978666666668 1.6998400000000011
vertex -20.89130666666668 -20.678400000000014 1.6998400000000011
vertex -21.137493333333346 -20.50602666666668 1.6998400000000011
endloop
endfacet
facet normal 0 0 1
outer loop
vertex -21.99978666666668 -21.99978666666668 1.6998400000000011
vertex -21.137493333333346 -20.50602666666668 1.6998400000000011
vertex -21.41013333333335 -20.378880000000013 1.6998400000000011
endloop
endfacet
facet normal 0 0 1
outer loop
vertex -21.99978666666668 -21.99978666666668 1.6998400000000011
vertex -21.41013333333335 -20.378880000000013 1.6998400000000011
vertex -21.700266666666682 -20.30122666666668 1.6998400000000011
endloop
endfacet
facet normal 0 0 1
outer loop
vertex -21.99978666666668 -21.99978666666668 1.6998400000000011
vertex -21.700266666666682 -20.30122666666668 1.6998400000000011
vertex -21.99978666666668 -20.275200000000012 1.6998400000000011
endloop
endfacet
facet normal 0 0 1
outer loop
vertex -21.99978666666668 -21.99978666666668 1.6998400000000011
vertex -21.99978666666668 -20.275200000000012 1.6998400000000011
vertex -22.299733333333347 -20.30122666666668 1.6998400000000011
endloop
endfacet
facet normal -0.965998753076912 -0.25854672508823456 0
outer loop
vertex -20.30122666666668 -21.700266666666682 1.6998400000000011
vertex -20.30122666666668 -21.700266666666682 1.999786666666668
vertex -20.378880000000013 -21.41013333333335 1.999786666666668
endloop
endfacet
facet normal -0.965998753076912 -0.25854672508823456 0
outer loop
vertex -20.30122666666668 -21.700266666666682 1.6998400000000011
vertex -20.378880000000013 -21.41013333333335 1.999786666666668
vertex -20.378880000000013 -21.41013333333335 1.6998400000000011
endloop
endfacet
facet normal -0.906291811656313 -0.42265251936397824 0
outer loop
vertex -20.378880000000013 -21.41013333333335 1.6998400000000011
vertex -20.378880000000013 -21.41013333333335 1.999786666666668
vertex -20.50602666666668 -21.137493333333346 1.999786666666668
endloop
endfacet
facet normal -0.906291811656313 -0.42265251936397824 0
outer loop
vertex -20.378880000000013 -21.41013333333335 1.6998400000000011
vertex -20.50602666666668 -21.137493333333346 1.999786666666668
vertex -20.50602666666668 -21.137493333333346 1.6998400000000011
endloop
endfacet
facet normal -0.8191652177996498 -0.5735576221682109 0
outer loop
vertex -20.50602666666668 -21.137493333333346 1.6998400000000011
vertex -20.50602666666668 -21.137493333333346 1.999786666666668
vertex -20.678400000000014 -20.89130666666668 1.999786666666668
endloop
endfacet
facet normal -0.8191652177996498 -0.5735576221682109 0
outer loop
vertex -20.50602666666668 -21.137493333333346 1.6998400000000011
vertex -20.678400000000014 -20.89130666666668 1.999786666666668
vertex -20.678400000000014 -20.89130666666668 1.6998400000000011
endloop
endfacet
facet normal -0.7071067811865475 -0.7071067811865475 0
outer loop
vertex -20.678400000000014 -20.89130666666668 1.6998400000000011
vertex -20.678400000000014 -20.89130666666668 1.999786666666668
vertex -20.89130666666668 -20.678400000000014 1.999786666666668
endloop
endfacet
facet normal -0.7071067811865475 -0.7071067811865475 0
outer loop
vertex -20.678400000000014 -20.89130666666668 1.6998400000000011
vertex -20.89130666666668 -20.678400000000014 1.999786666666668
vertex -20.89130666666668 -20.678400000000014 1.6998400000000011
endloop
endfacet
facet normal -0.5735576221682109 -0.8191652177996498 0
outer loop
vertex -20.89130666666668 -20.678400000000014 1.6998400000000011
vertex -20.89130666666668 -20.678400000000014 1.999786666666668
vertex -21.137493333333346 -20.50602666666668 1.999786666666668
endloop
endfacet
facet normal -0.5735576221682109 -0.8191652177996498 0
outer loop
vertex -20.89130666666668 -20.678400000000014 1.6998400000000011
vertex -21.137493333333346 -20.50602666666668 1.999786666666668
vertex -21.137493333333346 -20.50602666666668 1.6998400000000011
endloop
endfacet
facet normal -0.42265251936397824 -0.906291811656313 0
outer loop
vertex -21.137493333333346 -20.50602666666668 1.6998400000000011
vertex -21.137493333333346 -20.50602666666668 1.999786666666668
vertex -21.41013333333335 -20.378880000000013 1.999786666666668
endloop
endfacet
facet normal -0.42265251936397824 -0.906291811656313 0
outer loop
vertex -21.137493333333346 -20.50602666666668 1.6998400000000011
vertex -21.41013333333335 -20.378880000000013 1.999786666666668
vertex -21.41013333333335 -20.378880000000013 1.6998400000000011
endloop
endfacet
facet normal -0.25854672508823456 -0.965998753076912 0
outer loop
vertex -21.41013333333335 -20.378880000000013 1.6998400000000011
vertex -21.41013333333335 -20.378880000000013 1.999786666666668
vertex -21.700266666666682 -20.30122666666668 1.999786666666668
endloop
endfacet
facet normal -0.25854672508823456 -0.965998753076912 0
outer loop
vertex -21.41013333333335 -20.378880000000013 1.6998400000000011
vertex -21.700266666666682 -20.30122666666668 1.999786666666668
vertex -21.700266666666682 -20.30122666666668 1.6998400000000011
endloop
endfacet
facet normal -0.08656837692244705 -0.9962459114681541 0
outer loop
vertex -21.700266666666682 -20.30122666666668 1.6998400000000011
vertex -21.700266666666682 -20.30122666666668 1.999786666666668
vertex -21.99978666666668 -20.275200000000012 1.999786666666668
endloop
endfacet
facet normal -0.08656837692244705 -0.9962459114681541 0
outer loop
vertex -21.700266666666682 -20.30122666666668 1.6998400000000011
vertex -21.99978666666668 -20.275200000000012 1.999786666666668
vertex -21.99978666666668 -20.275200000000012 1.6998400000000011
endloop
endfacet
facet normal 0.08644615643952877 -0.9962565242129321 0
outer loop
vertex -21.99978666666668 -20.275200000000012 1.6998400000000011
vertex -21.99978666666668 -20.275200000000012 1.999786666666668
vertex -22.299733333333347 -20.30122666666668 1.999786666666668
endloop
endfacet
facet normal 0.08644615643952877 -0.9962565242129321 0
outer loop
vertex -21.99978666666668 -20.275200000000012 1.6998400000000011
vertex -22.299733333333347 -20.30122666666668 1.999786666666668
vertex -22.299733333333347 -20.30122666666668 1.6998400000000011
endloop
endfacet
facet normal 0.25854672508823456 -0.965998753076912 0
outer loop
vertex -22.299733333333347 -20.30122666666668 1.6998400000000011
vertex -22.299733333333347 -20.30122666666668 1.999786666666668
vertex -22.58986666666668 -20.378880000000013 1.999786666666668
endloop
endfacet
facet normal 0.25854672508823456 -0.965998753076912 0
outer loop
vertex -22.299733333333347 -20.30122666666668 1.6998400000000011
vertex -22.58986666666668 -20.378880000000013 1.999786666666668
vertex -22.58986666666668 -20.378880000000013 1.6998400000000011
endloop
endfacet
facet normal 0.42265251936397824 -0.906291811656313 0
outer loop
vertex -22.58986666666668 -20.378880000000013 1.6998400000000011
vertex -22.58986666666668 -20.378880000000013 1.999786666666668
vertex -22.862506666666683 -20.50602666666668 1.999786666666668
endloop
endfacet
facet normal 0.42265251936397824 -0.906291811656313 0
outer loop
vertex -22.58986666666668 -20.378880000000013 1.6998400000000011
vertex -22.862506666666683 -20.50602666666668 1.999786666666668
vertex -22.862506666666683 -20.50602666666668 1.6998400000000011
endloop
endfacet
facet normal 0.5735576221682109 -0.8191652177996498 0
outer loop
vertex -22.862506666666683 -20.50602666666668 1.6998400000000011
vertex -22.862506666666683 -20.50602666666668 1.999786666666668
vertex -23.10869333333335 -20.678400000000014 1.999786666666668
endloop
endfacet
facet normal 0.5735576221682109 -0.8191652177996498 0
outer loop
vertex -22.862506666666683 -20.50602666666668 1.6998400000000011
vertex -23.10869333333335 -20.678400000000014 1.999786666666668
vertex -23.10869333333335 -20.678400000000014 1.6998400000000011
endloop
endfacet
facet normal 0.7071067811865475 -0.7071067811865475 0
outer loop
vertex 20.678400000000014 23.10869333333335 1.999786666666668
vertex 20.678400000000014 23.10869333333335 1.6998400000000011
vertex 20.89130666666668 23.321600000000014 1.6998400000000011
endloop
endfacet
facet normal 0.7071067811865475 -0.7071067811865475 0
outer loop
vertex 20.678400000000014 23.10869333333335 1.999786666666668
vertex 20.89130666666668 23.321600000000014 1.6998400000000011
vertex 20.89130666666668 23.321600000000014 1.999786666666668
endloop
endfacet
facet normal 0.7071067811865475 -0.7071067811865475 0
outer loop
vertex -23.321600000000014 -20.89130666666668 1.999786666666668
vertex -23.321600000000014 -20.89130666666668 1.6998400000000011
vertex -23.10869333333335 -20.678400000000014 1.6998400000000011
endloop
endfacet
facet normal 0.7071067811865475 -0.7071067811865475 0
outer loop
vertex -23.321600000000014 -20.89130666666668 1.999786666666668
vertex -23.10869333333335 -20.678400000000014 1.6998400000000011
vertex -23.10869333333335 -20.678400000000014 1.999786666666668
endloop
endfacet
facet normal 0.8191652177996498 -0.5735576221682109 0
outer loop
vertex -23.321600000000014 -20.89130666666668 1.6998400000000011
vertex -23.321600000000014 -20.89130666666668 1.999786666666668
vertex -23.493973333333347 -21.137493333333346 1.999786666666668
endloop
endfacet
facet normal 0.8191652177996498 -0.5735576221682109 0
outer loop
vertex -23.321600000000014 -20.89130666666668 1.6998400000000011
vertex -23.493973333333347 -21.137493333333346 1.999786666666668
vertex -23.493973333333347 -21.137493333333346 1.6998400000000011
endloop
endfacet
facet normal 0.906291811656313 -0.42265251936397824 0
outer loop
vertex -23.493973333333347 -21.137493333333346 1.6998400000000011
vertex -23.493973333333347 -21.137493333333346 1.999786666666668
vertex -23.621120000000015 -21.41013333333335 1.999786666666668
endloop
endfacet
facet normal 0.906291811656313 -0.42265251936397824 0
outer loop
vertex -23.493973333333347 -21.137493333333346 1.6998400000000011
vertex -23.621120000000015 -21.41013333333335 1.999786666666668
vertex -23.621120000000015 -21.41013333333335 1.6998400000000011
endloop
endfacet
facet normal 0.965998753076912 -0.25854672508823456 0
outer loop
vertex -23.621120000000015 -21.41013333333335 1.6998400000000011
vertex -23.621120000000015 -21.41013333333335 1.999786666666668
vertex -23.69877333333335 -21.700266666666682 1.999786666666668
endloop
endfacet
facet normal 0.965998753076912 -0.25854672508823456 0
outer loop
vertex -23.621120000000015 -21.41013333333335 1.6998400000000011
vertex -23.69877333333335 -21.700266666666682 1.999786666666668
vertex -23.69877333333335 -21.700266666666682 1.6998400000000011
endloop
endfacet
facet normal 0.9962459114681541 -0.08656837692244705 0
outer loop
vertex -23.69877333333335 -21.700266666666682 1.6998400000000011
vertex -23.69877333333335 -21.700266666666682 1.999786666666668
vertex -23.724800000000016 -21.99978666666668 1.999786666666668
endloop
endfacet
facet normal 0.9962459114681541 -0.08656837692244705 0
outer loop
vertex -23.69877333333335 -21.700266666666682 1.6998400000000011
vertex -23.724800000000016 -21.99978666666668 1.999786666666668
vertex -23.724800000000016 -21.99978666666668 1.6998400000000011
endloop
endfacet
facet normal 0.9962565242129321 0.08644615643952877 0
outer loop
vertex -23.724800000000016 -21.99978666666668 1.6998400000000011
vertex -23.724800000000016 -21.99978666666668 1.999786666666668
vertex -23.69877333333335 -22.299733333333347 1.999786666666668
endloop
endfacet
facet normal 0.9962565242129321 0.08644615643952877 0
outer loop
vertex -23.724800000000016 -21.99978666666668 1.6998400000000011
vertex -23.69877333333335 -22.299733333333347 1.999786666666668
vertex -23.69877333333335 -22.299733333333347 1.6998400000000011
endloop
endfacet
facet normal 0.965998753076912 0.25854672508823456 0
outer loop
vertex -23.69877333333335 -22.299733333333347 1.6998400000000011
vertex -23.69877333333335 -22.299733333333347 1.999786666666668
vertex -23.621120000000015 -22.58986666666668 1.999786666666668
endloop
endfacet
facet normal 0.965998753076912 0.25854672508823456 0
outer loop
vertex -23.69877333333335 -22.299733333333347 1.6998400000000011
vertex -23.621120000000015 -22.58986666666668 1.999786666666668
vertex -23.621120000000015 -22.58986666666668 1.6998400000000011
endloop
endfacet
facet normal 0.906291811656313 0.42265251936397824 0
outer loop
vertex -23.621120000000015 -22.58986666666668 1.6998400000000011
vertex -23.621120000000015 -22.58986666666668 1.999786666666668
vertex -23.493973333333347 -22.862506666666683 1.999786666666668
endloop
endfacet
facet normal 0.906291811656313 0.42265251936397824 0
outer loop
vertex -23.621120000000015 -22.58986666666668 1.6998400000000011
vertex -23.493973333333347 -22.862506666666683 1.999786666666668
vertex -23.493973333333347 -22.862506666666683 1.6998400000000011
endloop
endfacet
facet normal 0.8191652177996498 0.5735576221682109 0
outer loop
vertex -23.493973333333347 -22.862506666666683 1.6998400000000011
vertex -23.493973333333347 -22.862506666666683 1.999786666666668
vertex -23.321600000000014 -23.10869333333335 1.999786666666668
endloop
endfacet
facet normal 0.8191652177996498 0.5735576221682109 0
outer loop
vertex -23.493973333333347 -22.862506666666683 1.6998400000000011
vertex -23.321600000000014 -23.10869333333335 1.999786666666668
vertex -23.321600000000014 -23.10869333333335 1.6998400000000011
endloop
endfacet
facet normal 0.7071067811865475 0.7071067811865475 0
outer loop
vertex -23.321600000000014 -23.10869333333335 1.6998400000000011
vertex -23.321600000000014 -23.10869333333335 1.999786666666668
vertex -23.10869333333335 -23.321600000000014 1.999786666666668
endloop
endfacet
facet normal 0.7071067811865475 0.7071067811865475 0
outer loop
vertex -23.321600000000014 -23.10869333333335 1.6998400000000011
vertex -23.10869333333335 -23.321600000000014 1.999786666666668
vertex -23.10869333333335 -23.321600000000014 1.6998400000000011
endloop
endfacet
facet normal 0.5735576221682109 0.8191652177996498 0
outer loop
vertex -23.10869333333335 -23.321600000000014 1.6998400000000011
vertex -23.10869333333335 -23.321600000000014 1.999786666666668
vertex -22.862506666666683 -23.493973333333347 1.999786666666668
endloop
endfacet
facet normal 0.5735576221682109 0.8191652177996498 0
outer loop
vertex -23.10869333333335 -23.321600000000014 1.6998400000000011
vertex -22.862506666666683 -23.493973333333347 1.999786666666668
vertex -22.862506666666683 -23.493973333333347 1.6998400000000011
endloop
endfacet
facet normal 0.42265251936397824 0.906291811656313 0
outer loop
vertex -22.862506666666683 -23.493973333333347 1.6998400000000011
vertex -22.862506666666683 -23.493973333333347 1.999786666666668
vertex -22.58986666666668 -23.621120000000015 1.999786666666668
endloop
endfacet
facet normal 0.42265251936397824 0.906291811656313 0
outer loop
vertex -22.862506666666683 -23.493973333333347 1.6998400000000011
vertex -22.58986666666668 -23.621120000000015 1.999786666666668
vertex -22.58986666666668 -23.621120000000015 1.6998400000000011
endloop
endfacet
facet normal 0.25854672508823456 0.965998753076912 0
outer loop
vertex -22.58986666666668 -23.621120000000015 1.6998400000000011
vertex -22.58986666666668 -23.621120000000015 1.999786666666668
vertex -22.299733333333347 -23.69877333333335 1.999786666666668
endloop
endfacet
facet normal 0.25854672508823456 0.965998753076912 0
outer loop
vertex -22.58986666666668 -23.621120000000015 1.6998400000000011
vertex -22.299733333333347 -23.69877333333335 1.999786666666668
vertex -22.299733333333347 -23.69877333333335 1.6998400000000011
endloop
endfacet
facet normal 0.08644615643952877 0.9962565242129321 0
outer loop
vertex -22.299733333333347 -23.69877333333335 1.6998400000000011
vertex -22.299733333333347 -23.69877333333335 1.999786666666668
vertex -21.99978666666668 -23.724800000000016 1.999786666666668
endloop
endfacet
facet normal 0.08644615643952877 0.9962565242129321 0
outer loop
vertex -22.299733333333347 -23.69877333333335 1.6998400000000011
vertex -21.99978666666668 -23.724800000000016 1.999786666666668
vertex -21.99978666666668 -23.724800000000016 1.6998400000000011
endloop
endfacet
facet normal -0.08656837692244705 0.9962459114681541 0
outer loop
vertex -21.99978666666668 -23.724800000000016 1.6998400000000011
vertex -21.99978666666668 -23.724800000000016 1.999786666666668
vertex -21.700266666666682 -23.69877333333335 1.999786666666668
endloop
endfacet
facet normal -0.08656837692244705 0.9962459114681541 0
outer loop
vertex -21.99978666666668 -23.724800000000016 1.6998400000000011
vertex -21.700266666666682 -23.69877333333335 1.999786666666668
vertex -21.700266666666682 -23.69877333333335 1.6998400000000011
endloop
endfacet
facet normal -0.25854672508823456 0.965998753076912 0
outer loop
vertex -21.700266666666682 -23.69877333333335 1.6998400000000011
vertex -21.700266666666682 -23.69877333333335 1.999786666666668
vertex -21.41013333333335 -23.621120000000015 1.999786666666668
endloop
endfacet
facet normal -0.25854672508823456 0.965998753076912 0
outer loop
vertex -21.700266666666682 -23.69877333333335 1.6998400000000011
vertex -21.41013333333335 -23.621120000000015 1.999786666666668
vertex -21.41013333333335 -23.621120000000015 1.6998400000000011
endloop
endfacet
facet normal -0.42265251936397824 0.906291811656313 0
outer loop
vertex -21.41013333333335 -23.621120000000015 1.6998400000000011
vertex -21.41013333333335 -23.621120000000015 1.999786666666668
vertex -21.137493333333346 -23.493973333333347 1.999786666666668
endloop
endfacet
facet normal -0.42265251936397824 0.906291811656313 0
outer loop
vertex -21.41013333333335 -23.621120000000015 1.6998400000000011
vertex -21.137493333333346 -23.493973333333347 1.999786666666668
vertex -21.137493333333346 -23.493973333333347 1.6998400000000011
endloop
endfacet
facet normal -0.5735576221682109 0.8191652177996498 0
outer loop
vertex -21.137493333333346 -23.493973333333347 1.6998400000000011
vertex -21.137493333333346 -23.493973333333347 1.999786666666668
vertex -20.89130666666668 -23.321600000000014 1.999786666666668
endloop
endfacet
facet normal -0.5735576221682109 0.8191652177996498 0
outer loop
vertex -21.137493333333346 -23.493973333333347 1.6998400000000011
vertex -20.89130666666668 -23.321600000000014 1.999786666666668
vertex -20.89130666666668 -23.321600000000014 1.6998400000000011
endloop
endfacet
facet normal -0.7071067811865475 0.7071067811865475 0
outer loop
vertex -20.678400000000014 -23.10869333333335 1.999786666666668
vertex -20.678400000000014 -23.10869333333335 1.6998400000000011
vertex -20.89130666666668 -23.321600000000014 1.6998400000000011
endloop
endfacet
facet normal -0.7071067811865475 0.7071067811865475 0
outer loop
vertex -20.678400000000014 -23.10869333333335 1.999786666666668
vertex -20.89130666666668 -23.321600000000014 1.6998400000000011
vertex -20.89130666666668 -23.321600000000014 1.999786666666668
endloop
endfacet
facet normal -0.7071067811865475 0.7071067811865475 0
outer loop
vertex 23.321600000000014 20.89130666666668 1.999786666666668
vertex 23.321600000000014 20.89130666666668 1.6998400000000011
vertex 23.10869333333335 20.678400000000014 1.6998400000000011
endloop
endfacet
facet normal -0.7071067811865475 0.7071067811865475 0
outer loop
vertex 23.321600000000014 20.89130666666668 1.999786666666668
vertex 23.10869333333335 20.678400000000014 1.6998400000000011
vertex 23.10869333333335 20.678400000000014 1.999786666666668
endloop
endfacet
facet normal -0.906291811656313 0.42265251936397824 0
outer loop
vertex -20.50602666666668 -22.862506666666683 1.6998400000000011
vertex -20.50602666666668 -22.862506666666683 1.999786666666668
vertex -20.378880000000013 -22.58986666666668 1.999786666666668
endloop
endfacet
facet normal -0.906291811656313 0.42265251936397824 0
outer loop
vertex -20.50602666666668 -22.862506666666683 1.6998400000000011
vertex -20.378880000000013 -22.58986666666668 1.999786666666668
vertex -20.378880000000013 -22.58986666666668 1.6998400000000011
endloop
endfacet
facet normal -0.965998753076912 0.25854672508823456 0
outer loop
vertex -20.378880000000013 -22.58986666666668 1.6998400000000011
vertex -20.378880000000013 -22.58986666666668 1.999786666666668
vertex -20.30122666666668 -22.299733333333347 1.999786666666668
endloop
endfacet
facet normal -0.965998753076912 0.25854672508823456 0
outer loop
vertex -20.378880000000013 -22.58986666666668 1.6998400000000011
vertex -20.30122666666668 -22.299733333333347 1.999786666666668
vertex -20.30122666666668 -22.299733333333347 1.6998400000000011
endloop
endfacet
facet normal -0.9962565242129321 0.08644615643952877 0
outer loop
vertex -20.30122666666668 -22.299733333333347 1.6998400000000011
vertex -20.30122666666668 -22.299733333333347 1.999786666666668
vertex -20.275200000000012 -21.99978666666668 1.999786666666668
endloop
endfacet
facet normal -0.9962565242129321 0.08644615643952877 0
outer loop
vertex -20.30122666666668 -22.299733333333347 1.6998400000000011
vertex -20.275200000000012 -21.99978666666668 1.999786666666668
vertex -20.275200000000012 -21.99978666666668 1.6998400000000011
endloop
endfacet
facet normal -0.9962459114681541 -0.08656837692244705 0
outer loop
vertex -20.30122666666668 -21.700266666666682 1.999786666666668
vertex -20.30122666666668 -21.700266666666682 1.6998400000000011
vertex -20.275200000000012 -21.99978666666668 1.6998400000000011
endloop
endfacet
facet normal -0.9962459114681541 -0.08656837692244705 0
outer loop
vertex -20.30122666666668 -21.700266666666682 1.999786666666668
vertex -20.275200000000012 -21.99978666666668 1.6998400000000011
vertex -20.275200000000012 -21.99978666666668 1.999786666666668
endloop
endfacet
facet normal -0.8191652177996498 0.5735576221682109 0
outer loop
vertex -20.50602666666668 -22.862506666666683 1.999786666666668
vertex -20.50602666666668 -22.862506666666683 1.6998400000000011
vertex -20.678400000000014 -23.10869333333335 1.6998400000000011
endloop
endfacet
facet normal -0.8191652177996498 0.5735576221682109 0
outer loop
vertex -20.50602666666668 -22.862506666666683 1.999786666666668
vertex -20.678400000000014 -23.10869333333335 1.6998400000000011
vertex -20.678400000000014 -23.10869333333335 1.999786666666668
endloop
endfacet
facet normal -0.9962565242129321 -0.08644615643952877 0
outer loop
vertex -20.275200000000012 21.99978666666668 1.6998400000000011
vertex -20.275200000000012 21.99978666666668 1.999786666666668
vertex -20.30122666666668 22.299733333333347 1.999786666666668
endloop
endfacet
facet normal -0.9962565242129321 -0.08644615643952877 0
outer loop
vertex -20.275200000000012 21.99978666666668 1.6998400000000011
vertex -20.30122666666668 22.299733333333347 1.999786666666668
vertex -20.30122666666668 22.299733333333347 1.6998400000000011
endloop
endfacet
facet normal -0.965998753076912 -0.25854672508823456 0
outer loop
vertex -20.30122666666668 22.299733333333347 1.6998400000000011
vertex -20.30122666666668 22.299733333333347 1.999786666666668
vertex -20.378880000000013 22.58986666666668 1.999786666666668
endloop
endfacet
facet normal -0.965998753076912 -0.25854672508823456 0
outer loop
vertex -20.30122666666668 22.299733333333347 1.6998400000000011
vertex -20.378880000000013 22.58986666666668 1.999786666666668
vertex -20.378880000000013 22.58986666666668 1.6998400000000011
endloop
endfacet
facet normal -0.906291811656313 -0.42265251936397824 0
outer loop
vertex -20.378880000000013 22.58986666666668 1.6998400000000011
vertex -20.378880000000013 22.58986666666668 1.999786666666668
vertex -20.50602666666668 22.862506666666683 1.999786666666668
endloop
endfacet
facet normal -0.906291811656313 -0.42265251936397824 0
outer loop
vertex -20.378880000000013 22.58986666666668 1.6998400000000011
vertex -20.50602666666668 22.862506666666683 1.999786666666668
vertex -20.50602666666668 22.862506666666683 1.6998400000000011
endloop
endfacet
facet normal -0.8191652177996498 -0.5735576221682109 0
outer loop
vertex -20.50602666666668 22.862506666666683 1.6998400000000011
vertex -20.50602666666668 22.862506666666683 1.999786666666668
vertex -20.678400000000014 23.10869333333335 1.999786666666668
endloop
endfacet
facet normal -0.8191652177996498 -0.5735576221682109 0
outer loop
vertex -20.50602666666668 22.862506666666683 1.6998400000000011
vertex -20.678400000000014 23.10869333333335 1.999786666666668
vertex -20.678400000000014 23.10869333333335 1.6998400000000011
endloop
endfacet
facet normal -0.7071067811865475 -0.7071067811865475 0
outer loop
vertex 23.10869333333335 -20.678400000000014 1.999786666666668
vertex 23.10869333333335 -20.678400000000014 1.6998400000000011
vertex 23.321600000000014 -20.89130666666668 1.6998400000000011
endloop
endfacet
facet normal -0.7071067811865475 -0.7071067811865475 0
outer loop
vertex 23.10869333333335 -20.678400000000014 1.999786666666668
vertex 23.321600000000014 -20.89130666666668 1.6998400000000011
vertex 23.321600000000014 -20.89130666666668 1.999786666666668
endloop
endfacet
facet normal -0.7071067811865475 -0.7071067811865475 0
outer loop
vertex -20.89130666666668 23.321600000000014 1.999786666666668
vertex -20.89130666666668 23.321600000000014 1.6998400000000011
vertex -20.678400000000014 23.10869333333335 1.6998400000000011
endloop
endfacet
facet normal -0.7071067811865475 -0.7071067811865475 0
outer loop
vertex -20.89130666666668 23.321600000000014 1.999786666666668
vertex -20.678400000000014 23.10869333333335 1.6998400000000011
vertex -20.678400000000014 23.10869333333335 1.999786666666668
endloop
endfacet
facet normal -0.5735576221682109 -0.8191652177996498 0
outer loop
vertex -20.89130666666668 23.321600000000014 1.6998400000000011
vertex -20.89130666666668 23.321600000000014 1.999786666666668
vertex -21.137493333333346 23.493973333333347 1.999786666666668
endloop
endfacet
facet normal -0.5735576221682109 -0.8191652177996498 0
outer loop
vertex -20.89130666666668 23.321600000000014 1.6998400000000011
vertex -21.137493333333346 23.493973333333347 1.999786666666668
vertex -21.137493333333346 23.493973333333347 1.6998400000000011
endloop
endfacet
facet normal -0.42265251936397824 -0.906291811656313 0
outer loop
vertex -21.137493333333346 23.493973333333347 1.6998400000000011
vertex -21.137493333333346 23.493973333333347 1.999786666666668
vertex -21.41013333333335 23.621120000000015 1.999786666666668
endloop
endfacet
facet normal -0.42265251936397824 -0.906291811656313 0
outer loop
vertex -21.137493333333346 23.493973333333347 1.6998400000000011
vertex -21.41013333333335 23.621120000000015 1.999786666666668
vertex -21.41013333333335 23.621120000000015 1.6998400000000011
endloop
endfacet
facet normal -0.25854672508823456 -0.965998753076912 0
outer loop
vertex -21.41013333333335 23.621120000000015 1.6998400000000011
vertex -21.41013333333335 23.621120000000015 1.999786666666668
vertex -21.700266666666682 23.69877333333335 1.999786666666668
endloop
endfacet
facet normal -0.25854672508823456 -0.965998753076912 0
outer loop
vertex -21.41013333333335 23.621120000000015 1.6998400000000011
vertex -21.700266666666682 23.69877333333335 1.999786666666668
vertex -21.700266666666682 23.69877333333335 1.6998400000000011
endloop
endfacet
facet normal -0.08656837692244705 -0.9962459114681541 0
outer loop
vertex -21.700266666666682 23.69877333333335 1.6998400000000011
vertex -21.700266666666682 23.69877333333335 1.999786666666668
vertex -21.99978666666668 23.724800000000016 1.999786666666668
endloop
endfacet
facet normal -0.08656837692244705 -0.9962459114681541 0
outer loop
vertex -21.700266666666682 23.69877333333335 1.6998400000000011
vertex -21.99978666666668 23.724800000000016 1.999786666666668
vertex -21.99978666666668 23.724800000000016 1.6998400000000011
endloop
endfacet
facet normal 0.08644615643952877 -0.9962565242129321 0
outer loop
vertex -21.99978666666668 23.724800000000016 1.6998400000000011
vertex -21.99978666666668 23.724800000000016 1.999786666666668
vertex -22.299733333333347 23.69877333333335 1.999786666666668
endloop
endfacet
facet normal 0.08644615643952877 -0.9962565242129321 0
outer loop
vertex -21.99978666666668 23.724800000000016 1.6998400000000011
vertex -22.299733333333347 23.69877333333335 1.999786666666668
vertex -22.299733333333347 23.69877333333335 1.6998400000000011
endloop
endfacet
facet normal 0.25854672508823456 -0.965998753076912 0
outer loop
vertex -22.299733333333347 23.69877333333335 1.6998400000000011
vertex -22.299733333333347 23.69877333333335 1.999786666666668
vertex -22.58986666666668 23.621120000000015 1.999786666666668
endloop
endfacet
facet normal 0.25854672508823456 -0.965998753076912 0
outer loop
vertex -22.299733333333347 23.69877333333335 1.6998400000000011
vertex -22.58986666666668 23.621120000000015 1.999786666666668
vertex -22.58986666666668 23.621120000000015 1.6998400000000011
endloop
endfacet
facet normal 0.42265251936397824 -0.906291811656313 0
outer loop
vertex -22.58986666666668 23.621120000000015 1.6998400000000011
vertex -22.58986666666668 23.621120000000015 1.999786666666668
vertex -22.862506666666683 23.493973333333347 1.999786666666668
endloop
endfacet
facet normal 0.42265251936397824 -0.906291811656313 0
outer loop
vertex -22.58986666666668 23.621120000000015 1.6998400000000011
vertex -22.862506666666683 23.493973333333347 1.999786666666668
vertex -22.862506666666683 23.493973333333347 1.6998400000000011
endloop
endfacet
facet normal 0.5735576221682109 -0.8191652177996498 0
outer loop
vertex -22.862506666666683 23.493973333333347 1.6998400000000011
vertex -22.862506666666683 23.493973333333347 1.999786666666668
vertex -23.10869333333335 23.321600000000014 1.999786666666668
endloop
endfacet
facet normal 0.5735576221682109 -0.8191652177996498 0
outer loop
vertex -22.862506666666683 23.493973333333347 1.6998400000000011
vertex -23.10869333333335 23.321600000000014 1.999786666666668
vertex -23.10869333333335 23.321600000000014 1.6998400000000011
endloop
endfacet
facet normal 0.7071067811865475 -0.7071067811865475 0
outer loop
vertex -23.10869333333335 23.321600000000014 1.6998400000000011
vertex -23.10869333333335 23.321600000000014 1.999786666666668
vertex -23.321600000000014 23.10869333333335 1.999786666666668
endloop
endfacet
facet normal 0.7071067811865475 -0.7071067811865475 0
outer loop
vertex -23.10869333333335 23.321600000000014 1.6998400000000011
vertex -23.321600000000014 23.10869333333335 1.999786666666668
vertex -23.321600000000014 23.10869333333335 1.6998400000000011
endloop
endfacet
facet normal 0.8191652177996498 -0.5735576221682109 0
outer loop
vertex -23.321600000000014 23.10869333333335 1.6998400000000011
vertex -23.321600000000014 23.10869333333335 1.999786666666668
vertex -23.493973333333347 22.862506666666683 1.999786666666668
endloop
endfacet
facet normal 0.8191652177996498 -0.5735576221682109 0
outer loop
vertex -23.321600000000014 23.10869333333335 1.6998400000000011
vertex -23.493973333333347 22.862506666666683 1.999786666666668
vertex -23.493973333333347 22.862506666666683 1.6998400000000011
endloop
endfacet
facet normal 0.906291811656313 -0.42265251936397824 0
outer loop
vertex -23.493973333333347 22.862506666666683 1.6998400000000011
vertex -23.493973333333347 22.862506666666683 1.999786666666668
vertex -23.621120000000015 22.58986666666668 1.999786666666668
endloop
endfacet
facet normal 0.906291811656313 -0.42265251936397824 0
outer loop
vertex -23.493973333333347 22.862506666666683 1.6998400000000011
vertex -23.621120000000015 22.58986666666668 1.999786666666668
vertex -23.621120000000015 22.58986666666668 1.6998400000000011
endloop
endfacet
facet normal 0.965998753076912 -0.25854672508823456 0
outer loop
vertex -23.621120000000015 22.58986666666668 1.6998400000000011
vertex -23.621120000000015 22.58986666666668 1.999786666666668
vertex -23.69877333333335 22.299733333333347 1.999786666666668
endloop
endfacet
facet normal 0.965998753076912 -0.25854672508823456 0
outer loop
vertex -23.621120000000015 22.58986666666668 1.6998400000000011
vertex -23.69877333333335 22.299733333333347 1.999786666666668
vertex -23.69877333333335 22.299733333333347 1.6998400000000011
endloop
endfacet
facet normal 0.9962565242129321 -0.08644615643952877 0
outer loop
vertex -23.69877333333335 22.299733333333347 1.6998400000000011
vertex -23.69877333333335 22.299733333333347 1.999786666666668
vertex -23.724800000000016 21.99978666666668 1.999786666666668
endloop
endfacet
facet normal 0.9962565242129321 -0.08644615643952877 0
outer loop
vertex -23.69877333333335 22.299733333333347 1.6998400000000011
vertex -23.724800000000016 21.99978666666668 1.999786666666668
vertex -23.724800000000016 21.99978666666668 1.6998400000000011
endloop
endfacet
facet normal 0.9962459114681541 0.08656837692244705 0
outer loop
vertex -23.724800000000016 21.99978666666668 1.6998400000000011
vertex -23.724800000000016 21.99978666666668 1.999786666666668
vertex -23.69877333333335 21.700266666666682 1.999786666666668
endloop
endfacet
facet normal 0.9962459114681541 0.08656837692244705 0
outer loop
vertex -23.724800000000016 21.99978666666668 1.6998400000000011
vertex -23.69877333333335 21.700266666666682 1.999786666666668
vertex -23.69877333333335 21.700266666666682 1.6998400000000011
endloop
endfacet
facet normal 0.965998753076912 0.25854672508823456 0
outer loop
vertex -23.69877333333335 21.700266666666682 1.6998400000000011
vertex -23.69877333333335 21.700266666666682 1.999786666666668
vertex -23.621120000000015 21.41013333333335 1.999786666666668
endloop
endfacet
facet normal 0.965998753076912 0.25854672508823456 0
outer loop
vertex -23.69877333333335 21.700266666666682 1.6998400000000011
vertex -23.621120000000015 21.41013333333335 1.999786666666668
vertex -23.621120000000015 21.41013333333335 1.6998400000000011
endloop
endfacet
facet normal 0.906291811656313 0.42265251936397824 0
outer loop
vertex -23.621120000000015 21.41013333333335 1.6998400000000011
vertex -23.621120000000015 21.41013333333335 1.999786666666668
vertex -23.493973333333347 21.137493333333346 1.999786666666668
endloop
endfacet
facet normal 0.906291811656313 0.42265251936397824 0
outer loop
vertex -23.621120000000015 21.41013333333335 1.6998400000000011
vertex -23.493973333333347 21.137493333333346 1.999786666666668
vertex -23.493973333333347 21.137493333333346 1.6998400000000011
endloop
endfacet
facet normal 0.8191652177996498 0.5735576221682109 0
outer loop
vertex -23.493973333333347 21.137493333333346 1.6998400000000011
vertex -23.493973333333347 21.137493333333346 1.999786666666668
vertex -23.321600000000014 20.89130666666668 1.999786666666668
endloop
endfacet
facet normal 0.8191652177996498 0.5735576221682109 0
outer loop
vertex -23.493973333333347 21.137493333333346 1.6998400000000011
vertex -23.321600000000014 20.89130666666668 1.999786666666668
vertex -23.321600000000014 20.89130666666668 1.6998400000000011
endloop
endfacet
facet normal 0.7071067811865475 0.7071067811865475 0
outer loop
vertex -23.10869333333335 20.678400000000014 1.999786666666668
vertex -23.10869333333335 20.678400000000014 1.6998400000000011
vertex -23.321600000000014 20.89130666666668 1.6998400000000011
endloop
endfacet
facet normal 0.7071067811865475 0.7071067811865475 0
outer loop
vertex -23.10869333333335 20.678400000000014 1.999786666666668
vertex -23.321600000000014 20.89130666666668 1.6998400000000011
vertex -23.321600000000014 20.89130666666668 1.999786666666668
endloop
endfacet
facet normal 0.7071067811865475 0.7071067811865475 0
outer loop
vertex 20.89130666666668 -23.321600000000014 1.999786666666668
vertex 20.89130666666668 -23.321600000000014 1.6998400000000011
vertex 20.678400000000014 -23.10869333333335 1.6998400000000011
endloop
endfacet
facet normal 0.7071067811865475 0.7071067811865475 0
outer loop
vertex 20.89130666666668 -23.321600000000014 1.999786666666668
vertex 20.678400000000014 -23.10869333333335 1.6998400000000011
vertex 20.678400000000014 -23.10869333333335 1.999786666666668
endloop
endfacet
facet normal 0.5735576221682109 0.8191652177996498 0
outer loop
vertex -23.10869333333335 20.678400000000014 1.6998400000000011
vertex -23.10869333333335 20.678400000000014 1.999786666666668
vertex -22.862506666666683 20.50602666666668 1.999786666666668
endloop
endfacet
facet normal 0.5735576221682109 0.8191652177996498 0
outer loop
vertex -23.10869333333335 20.678400000000014 1.6998400000000011
vertex -22.862506666666683 20.50602666666668 1.999786666666668
vertex -22.862506666666683 20.50602666666668 1.6998400000000011
endloop
endfacet
facet normal 0.42265251936397824 0.906291811656313 0
outer loop
vertex -22.862506666666683 20.50602666666668 1.6998400000000011
vertex -22.862506666666683 20.50602666666668 1.999786666666668
vertex -22.58986666666668 20.378880000000013 1.999786666666668
endloop
endfacet
facet normal 0.42265251936397824 0.906291811656313 0
outer loop
vertex -22.862506666666683 20.50602666666668 1.6998400000000011
vertex -22.58986666666668 20.378880000000013 1.999786666666668
vertex -22.58986666666668 20.378880000000013 1.6998400000000011
endloop
endfacet
facet normal 0.25854672508823456 0.965998753076912 0
outer loop
vertex -22.58986666666668 20.378880000000013 1.6998400000000011
vertex -22.58986666666668 20.378880000000013 1.999786666666668
vertex -22.299733333333347 20.30122666666668 1.999786666666668
endloop
endfacet
facet normal 0.25854672508823456 0.965998753076912 0
outer loop
vertex -22.58986666666668 20.378880000000013 1.6998400000000011
vertex -22.299733333333347 20.30122666666668 1.999786666666668
vertex -22.299733333333347 20.30122666666668 1.6998400000000011
endloop
endfacet
facet normal 0.08644615643952877 0.9962565242129321 0
outer loop
vertex -22.299733333333347 20.30122666666668 1.6998400000000011
vertex -22.299733333333347 20.30122666666668 1.999786666666668
vertex -21.99978666666668 20.275200000000012 1.999786666666668
endloop
endfacet
facet normal 0.08644615643952877 0.9962565242129321 0
outer loop
vertex -22.299733333333347 20.30122666666668 1.6998400000000011
vertex -21.99978666666668 20.275200000000012 1.999786666666668
vertex -21.99978666666668 20.275200000000012 1.6998400000000011
endloop
endfacet
facet normal -0.08656837692244705 0.9962459114681541 0
outer loop
vertex -21.99978666666668 20.275200000000012 1.6998400000000011
vertex -21.99978666666668 20.275200000000012 1.999786666666668
vertex -21.700266666666682 20.30122666666668 1.999786666666668
endloop
endfacet
facet normal -0.08656837692244705 0.9962459114681541 0
outer loop
vertex -21.99978666666668 20.275200000000012 1.6998400000000011
vertex -21.700266666666682 20.30122666666668 1.999786666666668
vertex -21.700266666666682 20.30122666666668 1.6998400000000011
endloop
endfacet
facet normal -0.25854672508823456 0.965998753076912 0
outer loop
vertex -21.700266666666682 20.30122666666668 1.6998400000000011
vertex -21.700266666666682 20.30122666666668 1.999786666666668
vertex -21.41013333333335 20.378880000000013 1.999786666666668
endloop
endfacet
facet normal -0.25854672508823456 0.965998753076912 0
outer loop
vertex -21.700266666666682 20.30122666666668 1.6998400000000011
vertex -21.41013333333335 20.378880000000013 1.999786666666668
vertex -21.41013333333335 20.378880000000013 1.6998400000000011
endloop
endfacet
facet normal -0.42265251936397824 0.906291811656313 0
outer loop
vertex -21.41013333333335 20.378880000000013 1.6998400000000011
vertex -21.41013333333335 20.378880000000013 1.999786666666668
vertex -21.137493333333346 20.50602666666668 1.999786666666668
endloop
endfacet
facet normal -0.42265251936397824 0.906291811656313 0
outer loop
vertex -21.41013333333335 20.378880000000013 1.6998400000000011
vertex -21.137493333333346 20.50602666666668 1.999786666666668
vertex -21.137493333333346 20.50602666666668 1.6998400000000011
endloop
endfacet
facet normal -0.5735576221682109 0.8191652177996498 0
outer loop
vertex -21.137493333333346 20.50602666666668 1.6998400000000011
vertex -21.137493333333346 20.50602666666668 1.999786666666668
vertex -20.89130666666668 20.678400000000014 1.999786666666668
endloop
endfacet
facet normal -0.5735576221682109 0.8191652177996498 0
outer loop
vertex -21.137493333333346 20.50602666666668 1.6998400000000011
vertex -20.89130666666668 20.678400000000014 1.999786666666668
vertex -20.89130666666668 20.678400000000014 1.6998400000000011
endloop
endfacet
facet normal -0.7071067811865475 0.7071067811865475 0
outer loop
vertex -20.89130666666668 20.678400000000014 1.6998400000000011
vertex -20.89130666666668 20.678400000000014 1.999786666666668
vertex -20.678400000000014 20.89130666666668 1.999786666666668
endloop
endfacet
facet normal -0.7071067811865475 0.7071067811865475 0
outer loop
vertex -20.89130666666668 20.678400000000014 1.6998400000000011
vertex -20.678400000000014 20.89130666666668 1.999786666666668
vertex -20.678400000000014 20.89130666666668 1.6998400000000011
endloop
endfacet
facet normal -0.8191652177996498 0.5735576221682109 0
outer loop
vertex -20.678400000000014 20.89130666666668 1.6998400000000011
vertex -20.678400000000014 20.89130666666668 1.999786666666668
vertex -20.50602666666668 21.137493333333346 1.999786666666668
endloop
endfacet
facet normal -0.8191652177996498 0.5735576221682109 0
outer loop
vertex -20.678400000000014 20.89130666666668 1.6998400000000011
vertex -20.50602666666668 21.137493333333346 1.999786666666668
vertex -20.50602666666668 21.137493333333346 1.6998400000000011
endloop
endfacet
facet normal -0.906291811656313 0.42265251936397824 0
outer loop
vertex -20.50602666666668 21.137493333333346 1.6998400000000011
vertex -20.50602666666668 21.137493333333346 1.999786666666668
vertex -20.378880000000013 21.41013333333335 1.999786666666668
endloop
endfacet
facet normal -0.906291811656313 0.42265251936397824 0
outer loop
vertex -20.50602666666668 21.137493333333346 1.6998400000000011
vertex -20.378880000000013 21.41013333333335 1.999786666666668
vertex -20.378880000000013 21.41013333333335 1.6998400000000011
endloop
endfacet
facet normal -0.965998753076912 0.25854672508823456 0
outer loop
vertex -20.378880000000013 21.41013333333335 1.6998400000000011
vertex -20.378880000000013 21.41013333333335 1.999786666666668
vertex -20.30122666666668 21.700266666666682 1.999786666666668
endloop
endfacet
facet normal -0.965998753076912 0.25854672508823456 0
outer loop
vertex -20.378880000000013 21.41013333333335 1.6998400000000011
vertex -20.30122666666668 21.700266666666682 1.999786666666668
vertex -20.30122666666668 21.700266666666682 1.6998400000000011
endloop
endfacet
facet normal -0.9962459114681541 0.08656837692244705 0
outer loop
vertex -20.30122666666668 21.700266666666682 1.6998400000000011
vertex -20.30122666666668 21.700266666666682 1.999786666666668
vertex -20.275200000000012 21.99978666666668 1.999786666666668
endloop
endfacet
facet normal -0.9962459114681541 0.08656837692244705 0
outer loop
vertex -20.30122666666668 21.700266666666682 1.6998400000000011
vertex -20.275200000000012 21.99978666666668 1.999786666666668
vertex -20.275200000000012 21.99978666666668 1.6998400000000011
endloop
endfacet
facet normal -0.9962459114681541 -0.08656837692244705 0
outer loop
vertex 23.724800000000016 -21.99978666666668 1.6998400000000011
vertex 23.724800000000016 -21.99978666666668 1.999786666666668
vertex 23.69877333333335 -21.700266666666682 1.999786666666668
endloop
endfacet
facet normal -0.9962459114681541 -0.08656837692244705 0
outer loop
vertex 23.724800000000016 -21.99978666666668 1.6998400000000011
vertex 23.69877333333335 -21.700266666666682 1.999786666666668
vertex 23.69877333333335 -21.700266666666682 1.6998400000000011
endloop
endfacet
facet normal -0.965998753076912 -0.25854672508823456 0
outer loop
vertex 23.69877333333335 -21.700266666666682 1.6998400000000011
vertex 23.69877333333335 -21.700266666666682 1.999786666666668
vertex 23.621120000000015 -21.41013333333335 1.999786666666668
endloop
endfacet
facet normal -0.965998753076912 -0.25854672508823456 0
outer loop
vertex 23.69877333333335 -21.700266666666682 1.6998400000000011
vertex 23.621120000000015 -21.41013333333335 1.999786666666668
vertex 23.621120000000015 -21.41013333333335 1.6998400000000011
endloop
endfacet
facet normal -0.906291811656313 -0.42265251936397824 0
outer loop
vertex 23.621120000000015 -21.41013333333335 1.6998400000000011
vertex 23.621120000000015 -21.41013333333335 1.999786666666668
vertex 23.493973333333347 -21.137493333333346 1.999786666666668
endloop
endfacet
facet normal -0.906291811656313 -0.42265251936397824 0
outer loop
vertex 23.621120000000015 -21.41013333333335 1.6998400000000011
vertex 23.493973333333347 -21.137493333333346 1.999786666666668
vertex 23.493973333333347 -21.137493333333346 1.6998400000000011
endloop
endfacet
facet normal -0.8191652177996498 -0.5735576221682109 0
outer loop
vertex 23.493973333333347 -21.137493333333346 1.6998400000000011
vertex 23.493973333333347 -21.137493333333346 1.999786666666668
vertex 23.321600000000014 -20.89130666666668 1.999786666666668
endloop
endfacet
facet normal -0.8191652177996498 -0.5735576221682109 0
outer loop
vertex 23.493973333333347 -21.137493333333346 1.6998400000000011
vertex 23.321600000000014 -20.89130666666668 1.999786666666668
vertex 23.321600000000014 -20.89130666666668 1.6998400000000011
endloop
endfacet
facet normal -0.5735576221682109 -0.8191652177996498 0
outer loop
vertex 23.10869333333335 -20.678400000000014 1.6998400000000011
vertex 23.10869333333335 -20.678400000000014 1.999786666666668
vertex 22.862506666666683 -20.50602666666668 1.999786666666668
endloop
endfacet
facet normal -0.5735576221682109 -0.8191652177996498 0
outer loop
vertex 23.10869333333335 -20.678400000000014 1.6998400000000011
vertex 22.862506666666683 -20.50602666666668 1.999786666666668
vertex 22.862506666666683 -20.50602666666668 1.6998400000000011
endloop
endfacet
facet normal -0.42265251936397824 -0.906291811656313 0
outer loop
vertex 22.862506666666683 -20.50602666666668 1.6998400000000011
vertex 22.862506666666683 -20.50602666666668 1.999786666666668
vertex 22.58986666666668 -20.378880000000013 1.999786666666668
endloop
endfacet
facet normal -0.42265251936397824 -0.906291811656313 0
outer loop
vertex 22.862506666666683 -20.50602666666668 1.6998400000000011
vertex 22.58986666666668 -20.378880000000013 1.999786666666668
vertex 22.58986666666668 -20.378880000000013 1.6998400000000011
endloop
endfacet
facet normal -0.25854672508823456 -0.965998753076912 0
outer loop
vertex 22.58986666666668 -20.378880000000013 1.6998400000000011
vertex 22.58986666666668 -20.378880000000013 1.999786666666668
vertex 22.299733333333347 -20.30122666666668 1.999786666666668
endloop
endfacet
facet normal -0.25854672508823456 -0.965998753076912 0
outer loop
vertex 22.58986666666668 -20.378880000000013 1.6998400000000011
vertex 22.299733333333347 -20.30122666666668 1.999786666666668
vertex 22.299733333333347 -20.30122666666668 1.6998400000000011
endloop
endfacet
facet normal -0.08644615643952877 -0.9962565242129321 0
outer loop
vertex 22.299733333333347 -20.30122666666668 1.6998400000000011
vertex 22.299733333333347 -20.30122666666668 1.999786666666668
vertex 21.99978666666668 -20.275200000000012 1.999786666666668
endloop
endfacet
facet normal -0.08644615643952877 -0.9962565242129321 0
outer loop
vertex 22.299733333333347 -20.30122666666668 1.6998400000000011
vertex 21.99978666666668 -20.275200000000012 1.999786666666668
vertex 21.99978666666668 -20.275200000000012 1.6998400000000011
endloop
endfacet
facet normal 0.08656837692244705 -0.9962459114681541 0
outer loop
vertex 21.99978666666668 -20.275200000000012 1.6998400000000011
vertex 21.99978666666668 -20.275200000000012 1.999786666666668
vertex 21.700266666666682 -20.30122666666668 1.999786666666668
endloop
endfacet
facet normal 0.08656837692244705 -0.9962459114681541 0
outer loop
vertex 21.99978666666668 -20.275200000000012 1.6998400000000011
vertex 21.700266666666682 -20.30122666666668 1.999786666666668
vertex 21.700266666666682 -20.30122666666668 1.6998400000000011
endloop
endfacet
facet normal 0.25854672508823456 -0.965998753076912 0
outer loop
vertex 21.700266666666682 -20.30122666666668 1.6998400000000011
vertex 21.700266666666682 -20.30122666666668 1.999786666666668
vertex 21.41013333333335 -20.378880000000013 1.999786666666668
endloop
endfacet
facet normal 0.25854672508823456 -0.965998753076912 0
outer loop
vertex 21.700266666666682 -20.30122666666668 1.6998400000000011
vertex 21.41013333333335 -20.378880000000013 1.999786666666668
vertex 21.41013333333335 -20.378880000000013 1.6998400000000011
endloop
endfacet
facet normal 0.42265251936397824 -0.906291811656313 0
outer loop
vertex 21.41013333333335 -20.378880000000013 1.6998400000000011
vertex 21.41013333333335 -20.378880000000013 1.999786666666668
vertex 21.137493333333346 -20.50602666666668 1.999786666666668
endloop
endfacet
facet normal 0.42265251936397824 -0.906291811656313 0
outer loop
vertex 21.41013333333335 -20.378880000000013 1.6998400000000011
vertex 21.137493333333346 -20.50602666666668 1.999786666666668
vertex 21.137493333333346 -20.50602666666668 1.6998400000000011
endloop
endfacet
facet normal 0.5735576221682109 -0.8191652177996498 0
outer loop
vertex 21.137493333333346 -20.50602666666668 1.6998400000000011
vertex 21.137493333333346 -20.50602666666668 1.999786666666668
vertex 20.89130666666668 -20.678400000000014 1.999786666666668
endloop
endfacet
facet normal 0.5735576221682109 -0.8191652177996498 0
outer loop
vertex 21.137493333333346 -20.50602666666668 1.6998400000000011
vertex 20.89130666666668 -20.678400000000014 1.999786666666668
vertex 20.89130666666668 -20.678400000000014 1.6998400000000011
endloop
endfacet
facet normal 0.7071067811865475 -0.7071067811865475 0
outer loop
vertex 20.89130666666668 -20.678400000000014 1.6998400000000011
vertex 20.89130666666668 -20.678400000000014 1.999786666666668
vertex 20.678400000000014 -20.89130666666668 1.999786666666668
endloop
endfacet
facet normal 0.7071067811865475 -0.7071067811865475 0
outer loop
vertex 20.89130666666668 -20.678400000000014 1.6998400000000011
vertex 20.678400000000014 -20.89130666666668 1.999786666666668
vertex 20.678400000000014 -20.89130666666668 1.6998400000000011
endloop
endfacet
facet normal 0.8191652177996498 -0.5735576221682109 0
outer loop
vertex 20.678400000000014 -20.89130666666668 1.6998400000000011
vertex 20.678400000000014 -20.89130666666668 1.999786666666668
vertex 20.50602666666668 -21.137493333333346 1.999786666666668
endloop
endfacet
facet normal 0.8191652177996498 -0.5735576221682109 0
outer loop
vertex 20.678400000000014 -20.89130666666668 1.6998400000000011
vertex 20.50602666666668 -21.137493333333346 1.999786666666668
vertex 20.50602666666668 -21.137493333333346 1.6998400000000011
endloop
endfacet
facet normal 0.906291811656313 -0.42265251936397824 0
outer loop
vertex 20.50602666666668 -21.137493333333346 1.6998400000000011
vertex 20.50602666666668 -21.137493333333346 1.999786666666668
vertex 20.378880000000013 -21.41013333333335 1.999786666666668
endloop
endfacet
facet normal 0.906291811656313 -0.42265251936397824 0
outer loop
vertex 20.50602666666668 -21.137493333333346 1.6998400000000011
vertex 20.378880000000013 -21.41013333333335 1.999786666666668
vertex 20.378880000000013 -21.41013333333335 1.6998400000000011
endloop
endfacet
facet normal 0.965998753076912 -0.25854672508823456 0
outer loop
vertex 20.378880000000013 -21.41013333333335 1.6998400000000011
vertex 20.378880000000013 -21.41013333333335 1.999786666666668
vertex 20.30122666666668 -21.700266666666682 1.999786666666668
endloop
endfacet
facet normal 0.965998753076912 -0.25854672508823456 0
outer loop
vertex 20.378880000000013 -21.41013333333335 1.6998400000000011
vertex 20.30122666666668 -21.700266666666682 1.999786666666668
vertex 20.30122666666668 -21.700266666666682 1.6998400000000011
endloop
endfacet
facet normal 0.9962459114681541 -0.08656837692244705 0
outer loop
vertex 20.30122666666668 -21.700266666666682 1.6998400000000011
vertex 20.30122666666668 -21.700266666666682 1.999786666666668
vertex 20.275200000000012 -21.99978666666668 1.999786666666668
endloop
endfacet
facet normal 0.9962459114681541 -0.08656837692244705 0
outer loop
vertex 20.30122666666668 -21.700266666666682 1.6998400000000011
vertex 20.275200000000012 -21.99978666666668 1.999786666666668
vertex 20.275200000000012 -21.99978666666668 1.6998400000000011
endloop
endfacet
facet normal 0.9962565242129321 0.08644615643952877 0
outer loop
vertex 20.275200000000012 -21.99978666666668 1.6998400000000011
vertex 20.275200000000012 -21.99978666666668 1.999786666666668
vertex 20.30122666666668 -22.299733333333347 1.999786666666668
endloop
endfacet
facet normal 0.9962565242129321 0.08644615643952877 0
outer loop
vertex 20.275200000000012 -21.99978666666668 1.6998400000000011
vertex 20.30122666666668 -22.299733333333347 1.999786666666668
vertex 20.30122666666668 -22.299733333333347 1.6998400000000011
endloop
endfacet
facet normal 0.965998753076912 0.25854672508823456 0
outer loop
vertex 20.30122666666668 -22.299733333333347 1.6998400000000011
vertex 20.30122666666668 -22.299733333333347 1.999786666666668
vertex 20.378880000000013 -22.58986666666668 1.999786666666668
endloop
endfacet
facet normal 0.965998753076912 0.25854672508823456 0
outer loop
vertex 20.30122666666668 -22.299733333333347 1.6998400000000011
vertex 20.378880000000013 -22.58986666666668 1.999786666666668
vertex 20.378880000000013 -22.58986666666668 1.6998400000000011
endloop
endfacet
facet normal 0.906291811656313 0.42265251936397824 0
outer loop
vertex 20.378880000000013 -22.58986666666668 1.6998400000000011
vertex 20.378880000000013 -22.58986666666668 1.999786666666668
vertex 20.50602666666668 -22.862506666666683 1.999786666666668
endloop
endfacet
facet normal 0.906291811656313 0.42265251936397824 0
outer loop
vertex 20.378880000000013 -22.58986666666668 1.6998400000000011
vertex 20.50602666666668 -22.862506666666683 1.999786666666668
vertex 20.50602666666668 -22.862506666666683 1.6998400000000011
endloop
endfacet
facet normal 0.8191652177996498 0.5735576221682109 0
outer loop
vertex 20.50602666666668 -22.862506666666683 1.6998400000000011
vertex 20.50602666666668 -22.862506666666683 1.999786666666668
vertex 20.678400000000014 -23.10869333333335 1.999786666666668
endloop
endfacet
facet normal 0.8191652177996498 0.5735576221682109 0
outer loop
vertex 20.50602666666668 -22.862506666666683 1.6998400000000011
vertex 20.678400000000014 -23.10869333333335 1.999786666666668
vertex 20.678400000000014 -23.10869333333335 1.6998400000000011
endloop
endfacet
facet normal 0.5735576221682109 0.8191652177996498 0
outer loop
vertex 20.89130666666668 -23.321600000000014 1.6998400000000011
vertex 20.89130666666668 -23.321600000000014 1.999786666666668
vertex 21.137493333333346 -23.493973333333347 1.999786666666668
endloop
endfacet
facet normal 0.5735576221682109 0.8191652177996498 0
outer loop
vertex 20.89130666666668 -23.321600000000014 1.6998400000000011
vertex 21.137493333333346 -23.493973333333347 1.999786666666668
vertex 21.137493333333346 -23.493973333333347 1.6998400000000011
endloop
endfacet
facet normal 0.42265251936397824 0.906291811656313 0
outer loop
vertex 21.137493333333346 -23.493973333333347 1.6998400000000011
vertex 21.137493333333346 -23.493973333333347 1.999786666666668
vertex 21.41013333333335 -23.621120000000015 1.999786666666668
endloop
endfacet
facet normal 0.42265251936397824 0.906291811656313 0
outer loop
vertex 21.137493333333346 -23.493973333333347 1.6998400000000011
vertex 21.41013333333335 -23.621120000000015 1.999786666666668
vertex 21.41013333333335 -23.621120000000015 1.6998400000000011
endloop
endfacet
facet normal 0.25854672508823456 0.965998753076912 0
outer loop
vertex 21.41013333333335 -23.621120000000015 1.6998400000000011
vertex 21.41013333333335 -23.621120000000015 1.999786666666668
vertex 21.700266666666682 -23.69877333333335 1.999786666666668
endloop
endfacet
facet normal 0.25854672508823456 0.965998753076912 0
outer loop
vertex 21.41013333333335 -23.621120000000015 1.6998400000000011
vertex 21.700266666666682 -23.69877333333335 1.999786666666668
vertex 21.700266666666682 -23.69877333333335 1.6998400000000011
endloop
endfacet
facet normal 0.08656837692244705 0.9962459114681541 0
outer loop
vertex 21.700266666666682 -23.69877333333335 1.6998400000000011
vertex 21.700266666666682 -23.69877333333335 1.999786666666668
vertex 21.99978666666668 -23.724800000000016 1.999786666666668
endloop
endfacet
facet normal 0.08656837692244705 0.9962459114681541 0
outer loop
vertex 21.700266666666682 -23.69877333333335 1.6998400000000011
vertex 21.99978666666668 -23.724800000000016 1.999786666666668
vertex 21.99978666666668 -23.724800000000016 1.6998400000000011
endloop
endfacet
facet normal -0.08644615643952877 0.9962565242129321 0
outer loop
vertex 21.99978666666668 -23.724800000000016 1.6998400000000011
vertex 21.99978666666668 -23.724800000000016 1.999786666666668
vertex 22.299733333333347 -23.69877333333335 1.999786666666668
endloop
endfacet
facet normal -0.08644615643952877 0.9962565242129321 0
outer loop
vertex 21.99978666666668 -23.724800000000016 1.6998400000000011
vertex 22.299733333333347 -23.69877333333335 1.999786666666668
vertex 22.299733333333347 -23.69877333333335 1.6998400000000011
endloop
endfacet
facet normal -0.25854672508823456 0.965998753076912 0
outer loop
vertex 22.299733333333347 -23.69877333333335 1.6998400000000011
vertex 22.299733333333347 -23.69877333333335 1.999786666666668
vertex 22.58986666666668 -23.621120000000015 1.999786666666668
endloop
endfacet
facet normal -0.25854672508823456 0.965998753076912 0
outer loop
vertex 22.299733333333347 -23.69877333333335 1.6998400000000011
vertex 22.58986666666668 -23.621120000000015 1.999786666666668
vertex 22.58986666666668 -23.621120000000015 1.6998400000000011
endloop
endfacet
facet normal -0.42265251936397824 0.906291811656313 0
outer loop
vertex 22.58986666666668 -23.621120000000015 1.6998400000000011
vertex 22.58986666666668 -23.621120000000015 1.999786666666668
vertex 22.862506666666683 -23.493973333333347 1.999786666666668
endloop
endfacet
facet normal -0.42265251936397824 0.906291811656313 0
outer loop
vertex 22.58986666666668 -23.621120000000015 1.6998400000000011
vertex 22.862506666666683 -23.493973333333347 1.999786666666668
vertex 22.862506666666683 -23.493973333333347 1.6998400000000011
endloop
endfacet
facet normal -0.5735576221682109 0.8191652177996498 0
outer loop
vertex 22.862506666666683 -23.493973333333347 1.6998400000000011
vertex 22.862506666666683 -23.493973333333347 1.999786666666668
vertex 23.10869333333335 -23.321600000000014 1.999786666666668
endloop
endfacet
facet normal -0.5735576221682109 0.8191652177996498 0
outer loop
vertex 22.862506666666683 -23.493973333333347 1.6998400000000011
vertex 23.10869333333335 -23.321600000000014 1.999786666666668
vertex 23.10869333333335 -23.321600000000014 1.6998400000000011
endloop
endfacet
facet normal -0.7071067811865475 0.7071067811865475 0
outer loop
vertex 23.10869333333335 -23.321600000000014 1.6998400000000011
vertex 23.10869333333335 -23.321600000000014 1.999786666666668
vertex 23.321600000000014 -23.10869333333335 1.999786666666668
endloop
endfacet
facet normal -0.7071067811865475 0.7071067811865475 0
outer loop
vertex 23.10869333333335 -23.321600000000014 1.6998400000000011
vertex 23.321600000000014 -23.10869333333335 1.999786666666668
vertex 23.321600000000014 -23.10869333333335 1.6998400000000011
endloop
endfacet
facet normal -0.8191652177996498 0.5735576221682109 0
outer loop
vertex 23.321600000000014 -23.10869333333335 1.6998400000000011
vertex 23.321600000000014 -23.10869333333335 1.999786666666668
vertex 23.493973333333347 -22.862506666666683 1.999786666666668
endloop
endfacet
facet normal -0.8191652177996498 0.5735576221682109 0
outer loop
vertex 23.321600000000014 -23.10869333333335 1.6998400000000011
vertex 23.493973333333347 -22.862506666666683 1.999786666666668
vertex 23.493973333333347 -22.862506666666683 1.6998400000000011
endloop
endfacet
facet normal -0.906291811656313 0.42265251936397824 0
outer loop
vertex 23.493973333333347 -22.862506666666683 1.6998400000000011
vertex 23.493973333333347 -22.862506666666683 1.999786666666668
vertex 23.621120000000015 -22.58986666666668 1.999786666666668
endloop
endfacet
facet normal -0.906291811656313 0.42265251936397824 0
outer loop
vertex 23.493973333333347 -22.862506666666683 1.6998400000000011
vertex 23.621120000000015 -22.58986666666668 1.999786666666668
vertex 23.621120000000015 -22.58986666666668 1.6998400000000011
endloop
endfacet
facet normal -0.965998753076912 0.25854672508823456 0
outer loop
vertex 23.621120000000015 -22.58986666666668 1.6998400000000011
vertex 23.621120000000015 -22.58986666666668 1.999786666666668
vertex 23.69877333333335 -22.299733333333347 1.999786666666668
endloop
endfacet
facet normal -0.965998753076912 0.25854672508823456 0
outer loop
vertex 23.621120000000015 -22.58986666666668 1.6998400000000011
vertex 23.69877333333335 -22.299733333333347 1.999786666666668
vertex 23.69877333333335 -22.299733333333347 1.6998400000000011
endloop
endfacet
facet normal -0.9962565242129321 0.08644615643952877 0
outer loop
vertex 23.69877333333335 -22.299733333333347 1.6998400000000011
vertex 23.69877333333335 -22.299733333333347 1.999786666666668
vertex 23.724800000000016 -21.99978666666668 1.999786666666668
endloop
endfacet
facet normal -0.9962565242129321 0.08644615643952877 0
outer loop
vertex 23.69877333333335 -22.299733333333347 1.6998400000000011
vertex 23.724800000000016 -21.99978666666668 1.999786666666668
vertex 23.724800000000016 -21.99978666666668 1.6998400000000011
endloop
endfacet
facet normal -0.9962565242129321 -0.08644615643952877 0
outer loop
vertex 23.724800000000016 21.99978666666668 1.6998400000000011
vertex 23.724800000000016 21.99978666666668 1.999786666666668
vertex 23.69877333333335 22.299733333333347 1.999786666666668
endloop
endfacet
facet normal -0.9962565242129321 -0.08644615643952877 0
outer loop
vertex 23.724800000000016 21.99978666666668 1.6998400000000011
vertex 23.69877333333335 22.299733333333347 1.999786666666668
vertex 23.69877333333335 22.299733333333347 1.6998400000000011
endloop
endfacet
facet normal -0.965998753076912 -0.25854672508823456 0
outer loop
vertex 23.69877333333335 22.299733333333347 1.6998400000000011
vertex 23.69877333333335 22.299733333333347 1.999786666666668
vertex 23.621120000000015 22.58986666666668 1.999786666666668
endloop
endfacet
facet normal -0.965998753076912 -0.25854672508823456 0
outer loop
vertex 23.69877333333335 22.299733333333347 1.6998400000000011
vertex 23.621120000000015 22.58986666666668 1.999786666666668
vertex 23.621120000000015 22.58986666666668 1.6998400000000011
endloop
endfacet
facet normal -0.906291811656313 -0.42265251936397824 0
outer loop
vertex 23.621120000000015 22.58986666666668 1.6998400000000011
vertex 23.621120000000015 22.58986666666668 1.999786666666668
vertex 23.493973333333347 22.862506666666683 1.999786666666668
endloop
endfacet
facet normal -0.906291811656313 -0.42265251936397824 0
outer loop
vertex 23.621120000000015 22.58986666666668 1.6998400000000011
vertex 23.493973333333347 22.862506666666683 1.999786666666668
vertex 23.493973333333347 22.862506666666683 1.6998400000000011
endloop
endfacet
facet normal -0.8191652177996498 -0.5735576221682109 0
outer loop
vertex 23.493973333333347 22.862506666666683 1.6998400000000011
vertex 23.493973333333347 22.862506666666683 1.999786666666668
vertex 23.321600000000014 23.10869333333335 1.999786666666668
endloop
endfacet
facet normal -0.8191652177996498 -0.5735576221682109 0
outer loop
vertex 23.493973333333347 22.862506666666683 1.6998400000000011
vertex 23.321600000000014 23.10869333333335 1.999786666666668
vertex 23.321600000000014 23.10869333333335 1.6998400000000011
endloop
endfacet
facet normal -0.7071067811865475 -0.7071067811865475 0
outer loop
vertex 23.321600000000014 23.10869333333335 1.6998400000000011
vertex 23.321600000000014 23.10869333333335 1.999786666666668
vertex 23.10869333333335 23.321600000000014 1.999786666666668
endloop
endfacet
facet normal -0.7071067811865475 -0.7071067811865475 0
outer loop
vertex 23.321600000000014 23.10869333333335 1.6998400000000011
vertex 23.10869333333335 23.321600000000014 1.999786666666668
vertex 23.10869333333335 23.321600000000014 1.6998400000000011
endloop
endfacet
facet normal -0.5735576221682109 -0.8191652177996498 0
outer loop
vertex 23.10869333333335 23.321600000000014 1.6998400000000011
vertex 23.10869333333335 23.321600000000014 1.999786666666668
vertex 22.862506666666683 23.493973333333347 1.999786666666668
endloop
endfacet
facet normal -0.5735576221682109 -0.8191652177996498 0
outer loop
vertex 23.10869333333335 23.321600000000014 1.6998400000000011
vertex 22.862506666666683 23.493973333333347 1.999786666666668
vertex 22.862506666666683 23.493973333333347 1.6998400000000011
endloop
endfacet
facet normal -0.42265251936397824 -0.906291811656313 0
outer loop
vertex 22.862506666666683 23.493973333333347 1.6998400000000011
vertex 22.862506666666683 23.493973333333347 1.999786666666668
vertex 22.58986666666668 23.621120000000015 1.999786666666668
endloop
endfacet
facet normal -0.42265251936397824 -0.906291811656313 0
outer loop
vertex 22.862506666666683 23.493973333333347 1.6998400000000011
vertex 22.58986666666668 23.621120000000015 1.999786666666668
vertex 22.58986666666668 23.621120000000015 1.6998400000000011
endloop
endfacet
facet normal -0.25854672508823456 -0.965998753076912 0
outer loop
vertex 22.58986666666668 23.621120000000015 1.6998400000000011
vertex 22.58986666666668 23.621120000000015 1.999786666666668
vertex 22.299733333333347 23.69877333333335 1.999786666666668
endloop
endfacet
facet normal -0.25854672508823456 -0.965998753076912 0
outer loop
vertex 22.58986666666668 23.621120000000015 1.6998400000000011
vertex 22.299733333333347 23.69877333333335 1.999786666666668
vertex 22.299733333333347 23.69877333333335 1.6998400000000011
endloop
endfacet
facet normal -0.08644615643952877 -0.9962565242129321 0
outer loop
vertex 22.299733333333347 23.69877333333335 1.6998400000000011
vertex 22.299733333333347 23.69877333333335 1.999786666666668
vertex 21.99978666666668 23.724800000000016 1.999786666666668
endloop
endfacet
facet normal -0.08644615643952877 -0.9962565242129321 0
outer loop
vertex 22.299733333333347 23.69877333333335 1.6998400000000011
vertex 21.99978666666668 23.724800000000016 1.999786666666668
vertex 21.99978666666668 23.724800000000016 1.6998400000000011
endloop
endfacet
facet normal 0.08656837692244705 -0.9962459114681541 0
outer loop
vertex 21.99978666666668 23.724800000000016 1.6998400000000011
vertex 21.99978666666668 23.724800000000016 1.999786666666668
vertex 21.700266666666682 23.69877333333335 1.999786666666668
endloop
endfacet
facet normal 0.08656837692244705 -0.9962459114681541 0
outer loop
vertex 21.99978666666668 23.724800000000016 1.6998400000000011
vertex 21.700266666666682 23.69877333333335 1.999786666666668
vertex 21.700266666666682 23.69877333333335 1.6998400000000011
endloop
endfacet
facet normal 0.25854672508823456 -0.965998753076912 0
outer loop
vertex 21.700266666666682 23.69877333333335 1.6998400000000011
vertex 21.700266666666682 23.69877333333335 1.999786666666668
vertex 21.41013333333335 23.621120000000015 1.999786666666668
endloop
endfacet
facet normal 0.25854672508823456 -0.965998753076912 0
outer loop
vertex 21.700266666666682 23.69877333333335 1.6998400000000011
vertex 21.41013333333335 23.621120000000015 1.999786666666668
vertex 21.41013333333335 23.621120000000015 1.6998400000000011
endloop
endfacet
facet normal 0.42265251936397824 -0.906291811656313 0
outer loop
vertex 21.41013333333335 23.621120000000015 1.6998400000000011
vertex 21.41013333333335 23.621120000000015 1.999786666666668
vertex 21.137493333333346 23.493973333333347 1.999786666666668
endloop
endfacet
facet normal 0.42265251936397824 -0.906291811656313 0
outer loop
vertex 21.41013333333335 23.621120000000015 1.6998400000000011
vertex 21.137493333333346 23.493973333333347 1.999786666666668
vertex 21.137493333333346 23.493973333333347 1.6998400000000011
endloop
endfacet
facet normal 0.5735576221682109 -0.8191652177996498 0
outer loop
vertex 21.137493333333346 23.493973333333347 1.6998400000000011
vertex 21.137493333333346 23.493973333333347 1.999786666666668
vertex 20.89130666666668 23.321600000000014 1.999786666666668
endloop
endfacet
facet normal 0.5735576221682109 -0.8191652177996498 0
outer loop
vertex 21.137493333333346 23.493973333333347 1.6998400000000011
vertex 20.89130666666668 23.321600000000014 1.999786666666668
vertex 20.89130666666668 23.321600000000014 1.6998400000000011
endloop
endfacet
facet normal 0.8191652177996498 -0.5735576221682109 0
outer loop
vertex 20.678400000000014 23.10869333333335 1.6998400000000011
vertex 20.678400000000014 23.10869333333335 1.999786666666668
vertex 20.50602666666668 22.862506666666683 1.999786666666668
endloop
endfacet
facet normal 0.8191652177996498 -0.5735576221682109 0
outer loop
vertex 20.678400000000014 23.10869333333335 1.6998400000000011
vertex 20.50602666666668 22.862506666666683 1.999786666666668
vertex 20.50602666666668 22.862506666666683 1.6998400000000011
endloop
endfacet
facet normal 0.906291811656313 -0.42265251936397824 0
outer loop
vertex 20.50602666666668 22.862506666666683 1.6998400000000011
vertex 20.50602666666668 22.862506666666683 1.999786666666668
vertex 20.378880000000013 22.58986666666668 1.999786666666668
endloop
endfacet
facet normal 0.906291811656313 -0.42265251936397824 0
outer loop
vertex 20.50602666666668 22.862506666666683 1.6998400000000011
vertex 20.378880000000013 22.58986666666668 1.999786666666668
vertex 20.378880000000013 22.58986666666668 1.6998400000000011
endloop
endfacet
facet normal 0.965998753076912 -0.25854672508823456 0
outer loop
vertex 20.378880000000013 22.58986666666668 1.6998400000000011
vertex 20.378880000000013 22.58986666666668 1.999786666666668
vertex 20.30122666666668 22.299733333333347 1.999786666666668
endloop
endfacet
facet normal 0.965998753076912 -0.25854672508823456 0
outer loop
vertex 20.378880000000013 22.58986666666668 1.6998400000000011
vertex 20.30122666666668 22.299733333333347 1.999786666666668
vertex 20.30122666666668 22.299733333333347 1.6998400000000011
endloop
endfacet
facet normal 0.9962565242129321 -0.08644615643952877 0
outer loop
vertex 20.30122666666668 22.299733333333347 1.6998400000000011
vertex 20.30122666666668 22.299733333333347 1.999786666666668
vertex 20.275200000000012 21.99978666666668 1.999786666666668
endloop
endfacet
facet normal 0.9962565242129321 -0.08644615643952877 0
outer loop
vertex 20.30122666666668 22.299733333333347 1.6998400000000011
vertex 20.275200000000012 21.99978666666668 1.999786666666668
vertex 20.275200000000012 21.99978666666668 1.6998400000000011
endloop
endfacet
facet normal 0.9962459114681541 0.08656837692244705 0
outer loop
vertex 20.275200000000012 21.99978666666668 1.6998400000000011
vertex 20.275200000000012 21.99978666666668 1.999786666666668
vertex 20.30122666666668 21.700266666666682 1.999786666666668
endloop
endfacet
facet normal 0.9962459114681541 0.08656837692244705 0
outer loop
vertex 20.275200000000012 21.99978666666668 1.6998400000000011
vertex 20.30122666666668 21.700266666666682 1.999786666666668
vertex 20.30122666666668 21.700266666666682 1.6998400000000011
endloop
endfacet
facet normal 0.965998753076912 0.25854672508823456 0
outer loop
vertex 20.30122666666668 21.700266666666682 1.6998400000000011
vertex 20.30122666666668 21.700266666666682 1.999786666666668
vertex 20.378880000000013 21.41013333333335 1.999786666666668
endloop
endfacet
facet normal 0.965998753076912 0.25854672508823456 0
outer loop
vertex 20.30122666666668 21.700266666666682 1.6998400000000011
vertex 20.378880000000013 21.41013333333335 1.999786666666668
vertex 20.378880000000013 21.41013333333335 1.6998400000000011
endloop
endfacet
facet normal 0.906291811656313 0.42265251936397824 0
outer loop
vertex 20.378880000000013 21.41013333333335 1.6998400000000011
vertex 20.378880000000013 21.41013333333335 1.999786666666668
vertex 20.50602666666668 21.137493333333346 1.999786666666668
endloop
endfacet
facet normal 0.906291811656313 0.42265251936397824 0
outer loop
vertex 20.378880000000013 21.41013333333335 1.6998400000000011
vertex 20.50602666666668 21.137493333333346 1.999786666666668
vertex 20.50602666666668 21.137493333333346 1.6998400000000011
endloop
endfacet
facet normal 0.8191652177996498 0.5735576221682109 0
outer loop
vertex 20.50602666666668 21.137493333333346 1.6998400000000011
vertex 20.50602666666668 21.137493333333346 1.999786666666668
vertex 20.678400000000014 20.89130666666668 1.999786666666668
endloop
endfacet
facet normal 0.8191652177996498 0.5735576221682109 0
outer loop
vertex 20.50602666666668 21.137493333333346 1.6998400000000011
vertex 20.678400000000014 20.89130666666668 1.999786666666668
vertex 20.678400000000014 20.89130666666668 1.6998400000000011
endloop
endfacet
facet normal 0.7071067811865475 0.7071067811865475 0
outer loop
vertex 20.678400000000014 20.89130666666668 1.6998400000000011
vertex 20.678400000000014 20.89130666666668 1.999786666666668
vertex 20.89130666666668 20.678400000000014 1.999786666666668
endloop
endfacet
facet normal 0.7071067811865475 0.7071067811865475 0
outer loop
vertex 20.678400000000014 20.89130666666668 1.6998400000000011
vertex 20.89130666666668 20.678400000000014 1.999786666666668
vertex 20.89130666666668 20.678400000000014 1.6998400000000011
endloop
endfacet
facet normal 0.5735576221682109 0.8191652177996498 0
outer loop
vertex 20.89130666666668 20.678400000000014 1.6998400000000011
vertex 20.89130666666668 20.678400000000014 1.999786666666668
vertex 21.137493333333346 20.50602666666668 1.999786666666668
endloop
endfacet
facet normal 0.5735576221682109 0.8191652177996498 0
outer loop
vertex 20.89130666666668 20.678400000000014 1.6998400000000011
vertex 21.137493333333346 20.50602666666668 1.999786666666668
vertex 21.137493333333346 20.50602666666668 1.6998400000000011
endloop
endfacet
facet normal 0.42265251936397824 0.906291811656313 0
outer loop
vertex 21.137493333333346 20.50602666666668 1.6998400000000011
vertex 21.137493333333346 20.50602666666668 1.999786666666668
vertex 21.41013333333335 20.378880000000013 1.999786666666668
endloop
endfacet
facet normal 0.42265251936397824 0.906291811656313 0
outer loop
vertex 21.137493333333346 20.50602666666668 1.6998400000000011
vertex 21.41013333333335 20.378880000000013 1.999786666666668
vertex 21.41013333333335 20.378880000000013 1.6998400000000011
endloop
endfacet
facet normal 0.25854672508823456 0.965998753076912 0
outer loop
vertex 21.41013333333335 20.378880000000013 1.6998400000000011
vertex 21.41013333333335 20.378880000000013 1.999786666666668
vertex 21.700266666666682 20.30122666666668 1.999786666666668
endloop
endfacet
facet normal 0.25854672508823456 0.965998753076912 0
outer loop
vertex 21.41013333333335 20.378880000000013 1.6998400000000011
vertex 21.700266666666682 20.30122666666668 1.999786666666668
vertex 21.700266666666682 20.30122666666668 1.6998400000000011
endloop
endfacet
facet normal 0.08656837692244705 0.9962459114681541 0
outer loop
vertex 21.700266666666682 20.30122666666668 1.6998400000000011
vertex 21.700266666666682 20.30122666666668 1.999786666666668
vertex 21.99978666666668 20.275200000000012 1.999786666666668
endloop
endfacet
facet normal 0.08656837692244705 0.9962459114681541 0
outer loop
vertex 21.700266666666682 20.30122666666668 1.6998400000000011
vertex 21.99978666666668 20.275200000000012 1.999786666666668
vertex 21.99978666666668 20.275200000000012 1.6998400000000011
endloop
endfacet
facet normal -0.08644615643952877 0.9962565242129321 0
outer loop
vertex 21.99978666666668 20.275200000000012 1.6998400000000011
vertex 21.99978666666668 20.275200000000012 1.999786666666668
vertex 22.299733333333347 20.30122666666668 1.999786666666668
endloop
endfacet
facet normal -0.08644615643952877 0.9962565242129321 0
outer loop
vertex 21.99978666666668 20.275200000000012 1.6998400000000011
vertex 22.299733333333347 20.30122666666668 1.999786666666668
vertex 22.299733333333347 20.30122666666668 1.6998400000000011
endloop
endfacet
facet normal -0.25854672508823456 0.965998753076912 0
outer loop
vertex 22.299733333333347 20.30122666666668 1.6998400000000011
vertex 22.299733333333347 20.30122666666668 1.999786666666668
vertex 22.58986666666668 20.378880000000013 1.999786666666668
endloop
endfacet
facet normal -0.25854672508823456 0.965998753076912 0
outer loop
vertex 22.299733333333347 20.30122666666668 1.6998400000000011
vertex 22.58986666666668 20.378880000000013 1.999786666666668
vertex 22.58986666666668 20.378880000000013 1.6998400000000011
endloop
endfacet
facet normal -0.42265251936397824 0.906291811656313 0
outer loop
vertex 22.58986666666668 20.378880000000013 1.6998400000000011
vertex 22.58986666666668 20.378880000000013 1.999786666666668
vertex 22.862506666666683 20.50602666666668 1.999786666666668
endloop
endfacet
facet normal -0.42265251936397824 0.906291811656313 0
outer loop
vertex 22.58986666666668 20.378880000000013 1.6998400000000011
vertex 22.862506666666683 20.50602666666668 1.999786666666668
vertex 22.862506666666683 20.50602666666668 1.6998400000000011
endloop
endfacet
facet normal -0.5735576221682109 0.8191652177996498 0
outer loop
vertex 22.862506666666683 20.50602666666668 1.6998400000000011
vertex 22.862506666666683 20.50602666666668 1.999786666666668
vertex 23.10869333333335 20.678400000000014 1.999786666666668
endloop
endfacet
facet normal -0.5735576221682109 0.8191652177996498 0
outer loop
vertex 22.862506666666683 20.50602666666668 1.6998400000000011
vertex 23.10869333333335 20.678400000000014 1.999786666666668
vertex 23.10869333333335 20.678400000000014 1.6998400000000011
endloop
endfacet
facet normal -0.8191652177996498 0.5735576221682109 0
outer loop
vertex 23.321600000000014 20.89130666666668 1.6998400000000011
vertex 23.321600000000014 20.89130666666668 1.999786666666668
vertex 23.493973333333347 21.137493333333346 1.999786666666668
endloop
endfacet
facet normal -0.8191652177996498 0.5735576221682109 0
outer loop
vertex 23.321600000000014 20.89130666666668 1.6998400000000011
vertex 23.493973333333347 21.137493333333346 1.999786666666668
vertex 23.493973333333347 21.137493333333346 1.6998400000000011
endloop
endfacet
facet normal -0.906291811656313 0.42265251936397824 0
outer loop
vertex 23.493973333333347 21.137493333333346 1.6998400000000011
vertex 23.493973333333347 21.137493333333346 1.999786666666668
vertex 23.621120000000015 21.41013333333335 1.999786666666668
endloop
endfacet
facet normal -0.906291811656313 0.42265251936397824 0
outer loop
vertex 23.493973333333347 21.137493333333346 1.6998400000000011
vertex 23.621120000000015 21.41013333333335 1.999786666666668
vertex 23.621120000000015 21.41013333333335 1.6998400000000011
endloop
endfacet
facet normal -0.965998753076912 0.25854672508823456 0
outer loop
vertex 23.621120000000015 21.41013333333335 1.6998400000000011
vertex 23.621120000000015 21.41013333333335 1.999786666666668
vertex 23.69877333333335 21.700266666666682 1.999786666666668
endloop
endfacet
facet normal -0.965998753076912 0.25854672508823456 0
outer loop
vertex 23.621120000000015 21.41013333333335 1.6998400000000011
vertex 23.69877333333335 21.700266666666682 1.999786666666668
vertex 23.69877333333335 21.700266666666682 1.6998400000000011
endloop
endfacet
facet normal -0.9962459114681541 0.08656837692244705 0
outer loop
vertex 23.69877333333335 21.700266666666682 1.6998400000000011
vertex 23.69877333333335 21.700266666666682 1.999786666666668
vertex 23.724800000000016 21.99978666666668 1.999786666666668
endloop
endfacet
facet normal -0.9962459114681541 0.08656837692244705 0
outer loop
vertex 23.69877333333335 21.700266666666682 1.6998400000000011
vertex 23.724800000000016 21.99978666666668 1.999786666666668
vertex 23.724800000000016 21.99978666666668 1.6998400000000011
endloop
endfacet
endsolid JSCAD
