solid JSCAD
facet normal 0.996167929281492 0.08746117236250754 0
outer loop
vertex -20.522685666666664 22.26059533333333 3.9999446666666665
vertex -20.522685666666664 22.26059533333333 7.100115
vertex -20.499813333333332 22.000083333333333 7.100115
endloop
endfacet
facet normal 0.996167929281492 0.08746117236250754 0
outer loop
vertex -20.522685666666664 22.26059533333333 3.9999446666666665
vertex -20.499813333333332 22.000083333333333 7.100115
vertex -20.499813333333332 22.000083333333333 3.9999446666666665
endloop
endfacet
facet normal 0 0 0.9999999999999999
outer loop
vertex 22.000083333333333 22.000083333333333 7.100115
vertex 21.73957133333333 23.477093333333332 7.100115
vertex 21.486812666666665 23.40963933333333 7.100115
endloop
endfacet
facet normal 0 0 0.9999999999999999
outer loop
vertex 22.000083333333333 22.000083333333333 7.100115
vertex 21.486812666666665 23.40963933333333 7.100115
vertex 21.249948333333332 23.29915433333333 7.100115
endloop
endfacet
facet normal 0 0 1
outer loop
vertex 22.000083333333333 22.000083333333333 7.100115
vertex 21.249948333333332 23.29915433333333 7.100115
vertex 21.03595633333333 23.149127333333333 7.100115
endloop
endfacet
facet normal 0 0 1
outer loop
vertex 22.000083333333333 22.000083333333333 7.100115
vertex 21.03595633333333 23.149127333333333 7.100115
vertex 20.851039333333333 22.96421033333333 7.100115
endloop
endfacet
facet normal 0 0 1
outer loop
vertex 22.000083333333333 22.000083333333333 7.100115
vertex 20.851039333333333 22.96421033333333 7.100115
vertex 20.70101233333333 22.749830666666664 7.100115
endloop
endfacet
facet normal 0 0 1
outer loop
vertex 22.000083333333333 22.000083333333333 7.100115
vertex 20.70101233333333 22.749830666666664 7.100115
vertex 20.59052733333333 22.51296633333333 7.100115
endloop
endfacet
facet normal 0 0 1
outer loop
vertex 22.000083333333333 22.000083333333333 7.100115
vertex 20.59052733333333 22.51296633333333 7.100115
vertex 20.522685666666664 22.26059533333333 7.100115
endloop
endfacet
facet normal 0 0 1
outer loop
vertex 22.000083333333333 22.000083333333333 7.100115
vertex 20.522685666666664 22.26059533333333 7.100115
vertex 20.499813333333332 22.000083333333333 7.100115
endloop
endfacet
facet normal 0 0 1
outer loop
vertex 22.000083333333333 22.000083333333333 7.100115
vertex 20.499813333333332 22.000083333333333 7.100115
vertex 20.522685666666664 21.73957133333333 7.100115
endloop
endfacet
facet normal 0 0 1
outer loop
vertex 22.000083333333333 22.000083333333333 7.100115
vertex 20.522685666666664 21.73957133333333 7.100115
vertex 20.59052733333333 21.486812666666665 7.100115
endloop
endfacet
facet normal 0 0 1
outer loop
vertex 22.000083333333333 22.000083333333333 7.100115
vertex 20.59052733333333 21.486812666666665 7.100115
vertex 20.70101233333333 21.249948333333332 7.100115
endloop
endfacet
facet normal 0 0 0.9999999999999999
outer loop
vertex 22.000083333333333 22.000083333333333 7.100115
vertex 20.70101233333333 21.249948333333332 7.100115
vertex 20.851039333333333 21.03595633333333 7.100115
endloop
endfacet
facet normal 0 0 0.9999999999999999
outer loop
vertex 22.000083333333333 22.000083333333333 7.100115
vertex 20.851039333333333 21.03595633333333 7.100115
vertex 21.03595633333333 20.851039333333333 7.100115
endloop
endfacet
facet normal 0 0 0.9999999999999999
outer loop
vertex 22.000083333333333 22.000083333333333 7.100115
vertex 21.03595633333333 20.851039333333333 7.100115
vertex 21.249948333333332 20.70101233333333 7.100115
endloop
endfacet
facet normal 0 0 1
outer loop
vertex 22.000083333333333 22.000083333333333 7.100115
vertex 21.249948333333332 20.70101233333333 7.100115
vertex 21.486812666666665 20.59052733333333 7.100115
endloop
endfacet
facet normal 0 0 1
outer loop
vertex 22.000083333333333 22.000083333333333 7.100115
vertex 21.486812666666665 20.59052733333333 7.100115
vertex 21.73957133333333 20.522685666666664 7.100115
endloop
endfacet
facet normal 0 0 1
outer loop
vertex 22.000083333333333 22.000083333333333 7.100115
vertex 21.73957133333333 20.522685666666664 7.100115
vertex 22.000083333333333 20.499813333333332 7.100115
endloop
endfacet
facet normal 0 0 1
outer loop
vertex 22.000083333333333 22.000083333333333 7.100115
vertex 22.000083333333333 20.499813333333332 7.100115
vertex 22.26059533333333 20.522685666666664 7.100115
endloop
endfacet
facet normal 0 0 1
outer loop
vertex 22.000083333333333 22.000083333333333 7.100115
vertex 22.26059533333333 20.522685666666664 7.100115
vertex 22.51296633333333 20.59052733333333 7.100115
endloop
endfacet
facet normal 0 0 1
outer loop
vertex 22.000083333333333 22.000083333333333 7.100115
vertex 22.51296633333333 20.59052733333333 7.100115
vertex 22.749830666666664 20.70101233333333 7.100115
endloop
endfacet
facet normal 0 0 1
outer loop
vertex 22.000083333333333 22.000083333333333 7.100115
vertex 22.749830666666664 20.70101233333333 7.100115
vertex 22.96421033333333 20.851039333333333 7.100115
endloop
endfacet
facet normal 0 0 1
outer loop
vertex 22.000083333333333 22.000083333333333 7.100115
vertex 22.96421033333333 20.851039333333333 7.100115
vertex 23.149127333333333 21.03595633333333 7.100115
endloop
endfacet
facet normal 0 0 1
outer loop
vertex 22.000083333333333 22.000083333333333 7.100115
vertex 23.149127333333333 21.03595633333333 7.100115
vertex 23.29915433333333 21.249948333333332 7.100115
endloop
endfacet
facet normal 0 0 0.9999999999999999
outer loop
vertex 22.000083333333333 22.000083333333333 7.100115
vertex 23.29915433333333 21.249948333333332 7.100115
vertex 23.40963933333333 21.486812666666665 7.100115
endloop
endfacet
facet normal 0 0 0.9999999999999999
outer loop
vertex 22.000083333333333 22.000083333333333 7.100115
vertex 23.40963933333333 21.486812666666665 7.100115
vertex 23.477093333333332 21.73957133333333 7.100115
endloop
endfacet
facet normal 0 0 1
outer loop
vertex 22.000083333333333 22.000083333333333 7.100115
vertex 23.477093333333332 21.73957133333333 7.100115
vertex 23.499965666666665 22.000083333333333 7.100115
endloop
endfacet
facet normal 0 0 1
outer loop
vertex 22.000083333333333 22.000083333333333 7.100115
vertex 23.499965666666665 22.000083333333333 7.100115
vertex 23.477093333333332 22.26059533333333 7.100115
endloop
endfacet
facet normal 0 0 1
outer loop
vertex 22.000083333333333 22.000083333333333 7.100115
vertex 23.477093333333332 22.26059533333333 7.100115
vertex 23.40963933333333 22.51296633333333 7.100115
endloop
endfacet
facet normal 0 0 1
outer loop
vertex 22.000083333333333 22.000083333333333 7.100115
vertex 23.40963933333333 22.51296633333333 7.100115
vertex 23.29915433333333 22.749830666666664 7.100115
endloop
endfacet
facet normal 0 0 1
outer loop
vertex 22.000083333333333 22.000083333333333 7.100115
vertex 23.29915433333333 22.749830666666664 7.100115
vertex 23.149127333333333 22.96421033333333 7.100115
endloop
endfacet
facet normal 0 0 1
outer loop
vertex 22.000083333333333 22.000083333333333 7.100115
vertex 23.149127333333333 22.96421033333333 7.100115
vertex 22.96421033333333 23.149127333333333 7.100115
endloop
endfacet
facet normal 0 0 1
outer loop
vertex 22.000083333333333 22.000083333333333 7.100115
vertex 22.96421033333333 23.149127333333333 7.100115
vertex 22.749830666666664 23.29915433333333 7.100115
endloop
endfacet
facet normal 0 0 1
outer loop
vertex 22.000083333333333 22.000083333333333 7.100115
vertex 22.749830666666664 23.29915433333333 7.100115
vertex 22.51296633333333 23.40963933333333 7.100115
endloop
endfacet
facet normal 0 0 1
outer loop
vertex 22.000083333333333 22.000083333333333 7.100115
vertex 22.51296633333333 23.40963933333333 7.100115
vertex 22.26059533333333 23.477093333333332 7.100115
endloop
endfacet
facet normal 0 0 1
outer loop
vertex 22.000083333333333 22.000083333333333 7.100115
vertex 22.26059533333333 23.477093333333332 7.100115
vertex 22.000083333333333 23.499965666666665 7.100115
endloop
endfacet
facet normal 0 0 1
outer loop
vertex 22.000083333333333 22.000083333333333 7.100115
vertex 22.000083333333333 23.499965666666665 7.100115
vertex 21.73957133333333 23.477093333333332 7.100115
endloop
endfacet
facet normal 0 0 1
outer loop
vertex -22.000083333333333 22.000083333333333 7.100115
vertex -22.26059533333333 23.477093333333332 7.100115
vertex -22.51296633333333 23.40963933333333 7.100115
endloop
endfacet
facet normal 0 0 1
outer loop
vertex -22.000083333333333 22.000083333333333 7.100115
vertex -22.51296633333333 23.40963933333333 7.100115
vertex -22.749830666666664 23.29915433333333 7.100115
endloop
endfacet
facet normal 0 0 1
outer loop
vertex -22.000083333333333 22.000083333333333 7.100115
vertex -22.749830666666664 23.29915433333333 7.100115
vertex -22.96421033333333 23.149127333333333 7.100115
endloop
endfacet
facet normal 0 0 1
outer loop
vertex -22.000083333333333 22.000083333333333 7.100115
vertex -22.96421033333333 23.149127333333333 7.100115
vertex -23.149127333333333 22.96421033333333 7.100115
endloop
endfacet
facet normal 0 0 1
outer loop
vertex -22.000083333333333 22.000083333333333 7.100115
vertex -23.149127333333333 22.96421033333333 7.100115
vertex -23.29915433333333 22.749830666666664 7.100115
endloop
endfacet
facet normal 0 0 1
outer loop
vertex -22.000083333333333 22.000083333333333 7.100115
vertex -23.29915433333333 22.749830666666664 7.100115
vertex -23.40963933333333 22.51296633333333 7.100115
endloop
endfacet
facet normal 0 0 1
outer loop
vertex -22.000083333333333 22.000083333333333 7.100115
vertex -23.40963933333333 22.51296633333333 7.100115
vertex -23.477093333333332 22.26059533333333 7.100115
endloop
endfacet
facet normal 0 0 1
outer loop
vertex -22.000083333333333 22.000083333333333 7.100115
vertex -23.477093333333332 22.26059533333333 7.100115
vertex -23.499965666666665 22.000083333333333 7.100115
endloop
endfacet
facet normal 0 0 1
outer loop
vertex -22.000083333333333 22.000083333333333 7.100115
vertex -23.499965666666665 22.000083333333333 7.100115
vertex -23.477093333333332 21.73957133333333 7.100115
endloop
endfacet
facet normal 0 0 0.9999999999999999
outer loop
vertex -22.000083333333333 22.000083333333333 7.100115
vertex -23.477093333333332 21.73957133333333 7.100115
vertex -23.40963933333333 21.486812666666665 7.100115
endloop
endfacet
facet normal 0 0 0.9999999999999999
outer loop
vertex -22.000083333333333 22.000083333333333 7.100115
vertex -23.40963933333333 21.486812666666665 7.100115
vertex -23.29915433333333 21.249948333333332 7.100115
endloop
endfacet
facet normal 0 0 1
outer loop
vertex -22.000083333333333 22.000083333333333 7.100115
vertex -23.29915433333333 21.249948333333332 7.100115
vertex -23.149127333333333 21.03595633333333 7.100115
endloop
endfacet
facet normal 0 0 1
outer loop
vertex -22.000083333333333 22.000083333333333 7.100115
vertex -23.149127333333333 21.03595633333333 7.100115
vertex -22.96421033333333 20.851039333333333 7.100115
endloop
endfacet
facet normal 0 0 1
outer loop
vertex -22.000083333333333 22.000083333333333 7.100115
vertex -22.96421033333333 20.851039333333333 7.100115
vertex -22.749830666666664 20.70101233333333 7.100115
endloop
endfacet
facet normal 0 0 1
outer loop
vertex -22.000083333333333 22.000083333333333 7.100115
vertex -22.749830666666664 20.70101233333333 7.100115
vertex -22.51296633333333 20.59052733333333 7.100115
endloop
endfacet
facet normal 0 0 1
outer loop
vertex -22.000083333333333 22.000083333333333 7.100115
vertex -22.51296633333333 20.59052733333333 7.100115
vertex -22.26059533333333 20.522685666666664 7.100115
endloop
endfacet
facet normal 0 0 1
outer loop
vertex -22.000083333333333 22.000083333333333 7.100115
vertex -22.26059533333333 20.522685666666664 7.100115
vertex -22.000083333333333 20.499813333333332 7.100115
endloop
endfacet
facet normal 0 0 1
outer loop
vertex -22.000083333333333 22.000083333333333 7.100115
vertex -22.000083333333333 20.499813333333332 7.100115
vertex -21.73957133333333 20.522685666666664 7.100115
endloop
endfacet
facet normal 0 0 1
outer loop
vertex -22.000083333333333 22.000083333333333 7.100115
vertex -21.73957133333333 20.522685666666664 7.100115
vertex -21.486812666666665 20.59052733333333 7.100115
endloop
endfacet
facet normal 0 0 1
outer loop
vertex -22.000083333333333 22.000083333333333 7.100115
vertex -21.486812666666665 20.59052733333333 7.100115
vertex -21.249948333333332 20.70101233333333 7.100115
endloop
endfacet
facet normal 0 0 0.9999999999999999
outer loop
vertex -22.000083333333333 22.000083333333333 7.100115
vertex -21.249948333333332 20.70101233333333 7.100115
vertex -21.03595633333333 20.851039333333333 7.100115
endloop
endfacet
facet normal 0 0 0.9999999999999999
outer loop
vertex -22.000083333333333 22.000083333333333 7.100115
vertex -21.03595633333333 20.851039333333333 7.100115
vertex -20.851039333333333 21.03595633333333 7.100115
endloop
endfacet
facet normal 0 0 0.9999999999999999
outer loop
vertex -22.000083333333333 22.000083333333333 7.100115
vertex -20.851039333333333 21.03595633333333 7.100115
vertex -20.70101233333333 21.249948333333332 7.100115
endloop
endfacet
facet normal 0 0 1
outer loop
vertex -22.000083333333333 22.000083333333333 7.100115
vertex -20.70101233333333 21.249948333333332 7.100115
vertex -20.59052733333333 21.486812666666665 7.100115
endloop
endfacet
facet normal 0 0 1
outer loop
vertex -22.000083333333333 22.000083333333333 7.100115
vertex -20.59052733333333 21.486812666666665 7.100115
vertex -20.522685666666664 21.73957133333333 7.100115
endloop
endfacet
facet normal 0 0 1
outer loop
vertex -22.000083333333333 22.000083333333333 7.100115
vertex -20.522685666666664 21.73957133333333 7.100115
vertex -20.499813333333332 22.000083333333333 7.100115
endloop
endfacet
facet normal 0 0 1
outer loop
vertex -22.000083333333333 22.000083333333333 7.100115
vertex -20.499813333333332 22.000083333333333 7.100115
vertex -20.522685666666664 22.26059533333333 7.100115
endloop
endfacet
facet normal 0 0 1
outer loop
vertex -22.000083333333333 22.000083333333333 7.100115
vertex -20.522685666666664 22.26059533333333 7.100115
vertex -20.59052733333333 22.51296633333333 7.100115
endloop
endfacet
facet normal 0 0 1
outer loop
vertex -22.000083333333333 22.000083333333333 7.100115
vertex -20.59052733333333 22.51296633333333 7.100115
vertex -20.70101233333333 22.749830666666664 7.100115
endloop
endfacet
facet normal 0 0 1
outer loop
vertex -22.000083333333333 22.000083333333333 7.100115
vertex -20.70101233333333 22.749830666666664 7.100115
vertex -20.851039333333333 22.96421033333333 7.100115
endloop
endfacet
facet normal 0 0 1
outer loop
vertex -22.000083333333333 22.000083333333333 7.100115
vertex -20.851039333333333 22.96421033333333 7.100115
vertex -21.03595633333333 23.149127333333333 7.100115
endloop
endfacet
facet normal 0 0 1
outer loop
vertex -22.000083333333333 22.000083333333333 7.100115
vertex -21.03595633333333 23.149127333333333 7.100115
vertex -21.249948333333332 23.29915433333333 7.100115
endloop
endfacet
facet normal 0 0 0.9999999999999999
outer loop
vertex -22.000083333333333 22.000083333333333 7.100115
vertex -21.249948333333332 23.29915433333333 7.100115
vertex -21.486812666666665 23.40963933333333 7.100115
endloop
endfacet
facet normal 0 0 0.9999999999999999
outer loop
vertex -22.000083333333333 22.000083333333333 7.100115
vertex -21.486812666666665 23.40963933333333 7.100115
vertex -21.73957133333333 23.477093333333332 7.100115
endloop
endfacet
facet normal 0 0 1
outer loop
vertex -22.000083333333333 22.000083333333333 7.100115
vertex -21.73957133333333 23.477093333333332 7.100115
vertex -22.000083333333333 23.499965666666665 7.100115
endloop
endfacet
facet normal 0 0 1
outer loop
vertex -22.000083333333333 22.000083333333333 7.100115
vertex -22.000083333333333 23.499965666666665 7.100115
vertex -22.26059533333333 23.477093333333332 7.100115
endloop
endfacet
facet normal 0 0 1
outer loop
vertex 22.000083333333333 -22.000083333333333 7.100115
vertex 21.73957133333333 -20.522685666666664 7.100115
vertex 21.486812666666665 -20.59052733333333 7.100115
endloop
endfacet
facet normal 0 0 1
outer loop
vertex 22.000083333333333 -22.000083333333333 7.100115
vertex 21.486812666666665 -20.59052733333333 7.100115
vertex 21.249948333333332 -20.70101233333333 7.100115
endloop
endfacet
facet normal 0 0 0.9999999999999999
outer loop
vertex 22.000083333333333 -22.000083333333333 7.100115
vertex 21.249948333333332 -20.70101233333333 7.100115
vertex 21.03595633333333 -20.851039333333333 7.100115
endloop
endfacet
facet normal 0 0 0.9999999999999999
outer loop
vertex 22.000083333333333 -22.000083333333333 7.100115
vertex 21.03595633333333 -20.851039333333333 7.100115
vertex 20.851039333333333 -21.03595633333333 7.100115
endloop
endfacet
facet normal 0 0 0.9999999999999999
outer loop
vertex 22.000083333333333 -22.000083333333333 7.100115
vertex 20.851039333333333 -21.03595633333333 7.100115
vertex 20.70101233333333 -21.249948333333332 7.100115
endloop
endfacet
facet normal 0 0 1
outer loop
vertex 22.000083333333333 -22.000083333333333 7.100115
vertex 20.70101233333333 -21.249948333333332 7.100115
vertex 20.59052733333333 -21.486812666666665 7.100115
endloop
endfacet
facet normal 0 0 1
outer loop
vertex 22.000083333333333 -22.000083333333333 7.100115
vertex 20.59052733333333 -21.486812666666665 7.100115
vertex 20.522685666666664 -21.73957133333333 7.100115
endloop
endfacet
facet normal 0 0 1
outer loop
vertex 22.000083333333333 -22.000083333333333 7.100115
vertex 20.522685666666664 -21.73957133333333 7.100115
vertex 20.499813333333332 -22.000083333333333 7.100115
endloop
endfacet
facet normal 0 0 1
outer loop
vertex 22.000083333333333 -22.000083333333333 7.100115
vertex 20.499813333333332 -22.000083333333333 7.100115
vertex 20.522685666666664 -22.26059533333333 7.100115
endloop
endfacet
facet normal 0 0 1
outer loop
vertex 22.000083333333333 -22.000083333333333 7.100115
vertex 20.522685666666664 -22.26059533333333 7.100115
vertex 20.59052733333333 -22.51296633333333 7.100115
endloop
endfacet
facet normal 0 0 1
outer loop
vertex 22.000083333333333 -22.000083333333333 7.100115
vertex 20.59052733333333 -22.51296633333333 7.100115
vertex 20.70101233333333 -22.749830666666664 7.100115
endloop
endfacet
facet normal 0 0 1
outer loop
vertex 22.000083333333333 -22.000083333333333 7.100115
vertex 20.70101233333333 -22.749830666666664 7.100115
vertex 20.851039333333333 -22.96421033333333 7.100115
endloop
endfacet
facet normal 0 0 1
outer loop
vertex 22.000083333333333 -22.000083333333333 7.100115
vertex 20.851039333333333 -22.96421033333333 7.100115
vertex 21.03595633333333 -23.149127333333333 7.100115
endloop
endfacet
facet normal 0 0 1
outer loop
vertex 22.000083333333333 -22.000083333333333 7.100115
vertex 21.03595633333333 -23.149127333333333 7.100115
vertex 21.249948333333332 -23.29915433333333 7.100115
endloop
endfacet
facet normal 0 0 0.9999999999999999
outer loop
vertex 22.000083333333333 -22.000083333333333 7.100115
vertex 21.249948333333332 -23.29915433333333 7.100115
vertex 21.486812666666665 -23.40963933333333 7.100115
endloop
endfacet
facet normal 0 0 0.9999999999999999
outer loop
vertex 22.000083333333333 -22.000083333333333 7.100115
vertex 21.486812666666665 -23.40963933333333 7.100115
vertex 21.73957133333333 -23.477093333333332 7.100115
endloop
endfacet
facet normal 0 0 1
outer loop
vertex 22.000083333333333 -22.000083333333333 7.100115
vertex 21.73957133333333 -23.477093333333332 7.100115
vertex 22.000083333333333 -23.499965666666665 7.100115
endloop
endfacet
facet normal 0 0 1
outer loop
vertex 22.000083333333333 -22.000083333333333 7.100115
vertex 22.000083333333333 -23.499965666666665 7.100115
vertex 22.26059533333333 -23.477093333333332 7.100115
endloop
endfacet
facet normal 0 0 1
outer loop
vertex 22.000083333333333 -22.000083333333333 7.100115
vertex 22.26059533333333 -23.477093333333332 7.100115
vertex 22.51296633333333 -23.40963933333333 7.100115
endloop
endfacet
facet normal 0 0 1
outer loop
vertex 22.000083333333333 -22.000083333333333 7.100115
vertex 22.51296633333333 -23.40963933333333 7.100115
vertex 22.749830666666664 -23.29915433333333 7.100115
endloop
endfacet
facet normal 0 0 1
outer loop
vertex 22.000083333333333 -22.000083333333333 7.100115
vertex 22.749830666666664 -23.29915433333333 7.100115
vertex 22.96421033333333 -23.149127333333333 7.100115
endloop
endfacet
facet normal 0 0 1
outer loop
vertex 22.000083333333333 -22.000083333333333 7.100115
vertex 22.96421033333333 -23.149127333333333 7.100115
vertex 23.149127333333333 -22.96421033333333 7.100115
endloop
endfacet
facet normal 0 0 1
outer loop
vertex 22.000083333333333 -22.000083333333333 7.100115
vertex 23.149127333333333 -22.96421033333333 7.100115
vertex 23.29915433333333 -22.749830666666664 7.100115
endloop
endfacet
facet normal 0 0 1
outer loop
vertex 22.000083333333333 -22.000083333333333 7.100115
vertex 23.29915433333333 -22.749830666666664 7.100115
vertex 23.40963933333333 -22.51296633333333 7.100115
endloop
endfacet
facet normal 0 0 1
outer loop
vertex 22.000083333333333 -22.000083333333333 7.100115
vertex 23.40963933333333 -22.51296633333333 7.100115
vertex 23.477093333333332 -22.26059533333333 7.100115
endloop
endfacet
facet normal 0 0 1
outer loop
vertex 22.000083333333333 -22.000083333333333 7.100115
vertex 23.477093333333332 -22.26059533333333 7.100115
vertex 23.499965666666665 -22.000083333333333 7.100115
endloop
endfacet
facet normal 0 0 1
outer loop
vertex 22.000083333333333 -22.000083333333333 7.100115
vertex 23.499965666666665 -22.000083333333333 7.100115
vertex 23.477093333333332 -21.73957133333333 7.100115
endloop
endfacet
facet normal 0 0 0.9999999999999999
outer loop
vertex 22.000083333333333 -22.000083333333333 7.100115
vertex 23.477093333333332 -21.73957133333333 7.100115
vertex 23.40963933333333 -21.486812666666665 7.100115
endloop
endfacet
facet normal 0 0 0.9999999999999999
outer loop
vertex 22.000083333333333 -22.000083333333333 7.100115
vertex 23.40963933333333 -21.486812666666665 7.100115
vertex 23.29915433333333 -21.249948333333332 7.100115
endloop
endfacet
facet normal 0 0 1
outer loop
vertex 22.000083333333333 -22.000083333333333 7.100115
vertex 23.29915433333333 -21.249948333333332 7.100115
vertex 23.149127333333333 -21.03595633333333 7.100115
endloop
endfacet
facet normal 0 0 1
outer loop
vertex 22.000083333333333 -22.000083333333333 7.100115
vertex 23.149127333333333 -21.03595633333333 7.100115
vertex 22.96421033333333 -20.851039333333333 7.100115
endloop
endfacet
facet normal 0 0 1
outer loop
vertex 22.000083333333333 -22.000083333333333 7.100115
vertex 22.96421033333333 -20.851039333333333 7.100115
vertex 22.749830666666664 -20.70101233333333 7.100115
endloop
endfacet
facet normal 0 0 1
outer loop
vertex 22.000083333333333 -22.000083333333333 7.100115
vertex 22.749830666666664 -20.70101233333333 7.100115
vertex 22.51296633333333 -20.59052733333333 7.100115
endloop
endfacet
facet normal 0 0 1
outer loop
vertex 22.000083333333333 -22.000083333333333 7.100115
vertex 22.51296633333333 -20.59052733333333 7.100115
vertex 22.26059533333333 -20.522685666666664 7.100115
endloop
endfacet
facet normal 0 0 1
outer loop
vertex 22.000083333333333 -22.000083333333333 7.100115
vertex 22.26059533333333 -20.522685666666664 7.100115
vertex 22.000083333333333 -20.499813333333332 7.100115
endloop
endfacet
facet normal 0 0 1
outer loop
vertex 22.000083333333333 -22.000083333333333 7.100115
vertex 22.000083333333333 -20.499813333333332 7.100115
vertex 21.73957133333333 -20.522685666666664 7.100115
endloop
endfacet
facet normal 0 0 1
outer loop
vertex -22.000083333333333 -22.000083333333333 7.100115
vertex -22.26059533333333 -20.522685666666664 7.100115
vertex -22.51296633333333 -20.59052733333333 7.100115
endloop
endfacet
facet normal 0 0 1
outer loop
vertex -22.000083333333333 -22.000083333333333 7.100115
vertex -22.51296633333333 -20.59052733333333 7.100115
vertex -22.749830666666664 -20.70101233333333 7.100115
endloop
endfacet
facet normal 0 0 1
outer loop
vertex -22.000083333333333 -22.000083333333333 7.100115
vertex -22.749830666666664 -20.70101233333333 7.100115
vertex -22.96421033333333 -20.851039333333333 7.100115
endloop
endfacet
facet normal 0 0 1
outer loop
vertex -22.000083333333333 -22.000083333333333 7.100115
vertex -22.96421033333333 -20.851039333333333 7.100115
vertex -23.149127333333333 -21.03595633333333 7.100115
endloop
endfacet
facet normal 0 0 1
outer loop
vertex -22.000083333333333 -22.000083333333333 7.100115
vertex -23.149127333333333 -21.03595633333333 7.100115
vertex -23.29915433333333 -21.249948333333332 7.100115
endloop
endfacet
facet normal 0 0 0.9999999999999999
outer loop
vertex -22.000083333333333 -22.000083333333333 7.100115
vertex -23.29915433333333 -21.249948333333332 7.100115
vertex -23.40963933333333 -21.486812666666665 7.100115
endloop
endfacet
facet normal 0 0 0.9999999999999999
outer loop
vertex -22.000083333333333 -22.000083333333333 7.100115
vertex -23.40963933333333 -21.486812666666665 7.100115
vertex -23.477093333333332 -21.73957133333333 7.100115
endloop
endfacet
facet normal 0 0 1
outer loop
vertex -22.000083333333333 -22.000083333333333 7.100115
vertex -23.477093333333332 -21.73957133333333 7.100115
vertex -23.499965666666665 -22.000083333333333 7.100115
endloop
endfacet
facet normal 0 0 1
outer loop
vertex -22.000083333333333 -22.000083333333333 7.100115
vertex -23.499965666666665 -22.000083333333333 7.100115
vertex -23.477093333333332 -22.26059533333333 7.100115
endloop
endfacet
facet normal 0 0 1
outer loop
vertex -22.000083333333333 -22.000083333333333 7.100115
vertex -23.477093333333332 -22.26059533333333 7.100115
vertex -23.40963933333333 -22.51296633333333 7.100115
endloop
endfacet
facet normal 0 0 1
outer loop
vertex -22.000083333333333 -22.000083333333333 7.100115
vertex -23.40963933333333 -22.51296633333333 7.100115
vertex -23.29915433333333 -22.749830666666664 7.100115
endloop
endfacet
facet normal 0 0 1
outer loop
vertex -22.000083333333333 -22.000083333333333 7.100115
vertex -23.29915433333333 -22.749830666666664 7.100115
vertex -23.149127333333333 -22.96421033333333 7.100115
endloop
endfacet
facet normal 0 0 1
outer loop
vertex -22.000083333333333 -22.000083333333333 7.100115
vertex -23.149127333333333 -22.96421033333333 7.100115
vertex -22.96421033333333 -23.149127333333333 7.100115
endloop
endfacet
facet normal 0 0 1
outer loop
vertex -22.000083333333333 -22.000083333333333 7.100115
vertex -22.96421033333333 -23.149127333333333 7.100115
vertex -22.749830666666664 -23.29915433333333 7.100115
endloop
endfacet
facet normal 0 0 1
outer loop
vertex -22.000083333333333 -22.000083333333333 7.100115
vertex -22.749830666666664 -23.29915433333333 7.100115
vertex -22.51296633333333 -23.40963933333333 7.100115
endloop
endfacet
facet normal 0 0 1
outer loop
vertex -22.000083333333333 -22.000083333333333 7.100115
vertex -22.51296633333333 -23.40963933333333 7.100115
vertex -22.26059533333333 -23.477093333333332 7.100115
endloop
endfacet
facet normal 0 0 1
outer loop
vertex -22.000083333333333 -22.000083333333333 7.100115
vertex -22.26059533333333 -23.477093333333332 7.100115
vertex -22.000083333333333 -23.499965666666665 7.100115
endloop
endfacet
facet normal 0 0 1
outer loop
vertex -22.000083333333333 -22.000083333333333 7.100115
vertex -22.000083333333333 -23.499965666666665 7.100115
vertex -21.73957133333333 -23.477093333333332 7.100115
endloop
endfacet
facet normal 0 0 0.9999999999999999
outer loop
vertex -22.000083333333333 -22.000083333333333 7.100115
vertex -21.73957133333333 -23.477093333333332 7.100115
vertex -21.486812666666665 -23.40963933333333 7.100115
endloop
endfacet
facet normal 0 0 0.9999999999999999
outer loop
vertex -22.000083333333333 -22.000083333333333 7.100115
vertex -21.486812666666665 -23.40963933333333 7.100115
vertex -21.249948333333332 -23.29915433333333 7.100115
endloop
endfacet
facet normal 0 0 1
outer loop
vertex -22.000083333333333 -22.000083333333333 7.100115
vertex -21.249948333333332 -23.29915433333333 7.100115
vertex -21.03595633333333 -23.149127333333333 7.100115
endloop
endfacet
facet normal 0 0 1
outer loop
vertex -22.000083333333333 -22.000083333333333 7.100115
vertex -21.03595633333333 -23.149127333333333 7.100115
vertex -20.851039333333333 -22.96421033333333 7.100115
endloop
endfacet
facet normal 0 0 1
outer loop
vertex -22.000083333333333 -22.000083333333333 7.100115
vertex -20.851039333333333 -22.96421033333333 7.100115
vertex -20.70101233333333 -22.749830666666664 7.100115
endloop
endfacet
facet normal 0 0 1
outer loop
vertex -22.000083333333333 -22.000083333333333 7.100115
vertex -20.70101233333333 -22.749830666666664 7.100115
vertex -20.59052733333333 -22.51296633333333 7.100115
endloop
endfacet
facet normal 0 0 1
outer loop
vertex -22.000083333333333 -22.000083333333333 7.100115
vertex -20.59052733333333 -22.51296633333333 7.100115
vertex -20.522685666666664 -22.26059533333333 7.100115
endloop
endfacet
facet normal 0 0 1
outer loop
vertex -22.000083333333333 -22.000083333333333 7.100115
vertex -20.522685666666664 -22.26059533333333 7.100115
vertex -20.499813333333332 -22.000083333333333 7.100115
endloop
endfacet
facet normal 0 0 1
outer loop
vertex -22.000083333333333 -22.000083333333333 7.100115
vertex -20.499813333333332 -22.000083333333333 7.100115
vertex -20.522685666666664 -21.73957133333333 7.100115
endloop
endfacet
facet normal 0 0 1
outer loop
vertex -22.000083333333333 -22.000083333333333 7.100115
vertex -20.522685666666664 -21.73957133333333 7.100115
vertex -20.59052733333333 -21.486812666666665 7.100115
endloop
endfacet
facet normal 0 0 1
outer loop
vertex -22.000083333333333 -22.000083333333333 7.100115
vertex -20.59052733333333 -21.486812666666665 7.100115
vertex -20.70101233333333 -21.249948333333332 7.100115
endloop
endfacet
facet normal 0 0 0.9999999999999999
outer loop
vertex -22.000083333333333 -22.000083333333333 7.100115
vertex -20.70101233333333 -21.249948333333332 7.100115
vertex -20.851039333333333 -21.03595633333333 7.100115
endloop
endfacet
facet normal 0 0 0.9999999999999999
outer loop
vertex -22.000083333333333 -22.000083333333333 7.100115
vertex -20.851039333333333 -21.03595633333333 7.100115
vertex -21.03595633333333 -20.851039333333333 7.100115
endloop
endfacet
facet normal 0 0 0.9999999999999999
outer loop
vertex -22.000083333333333 -22.000083333333333 7.100115
vertex -21.03595633333333 -20.851039333333333 7.100115
vertex -21.249948333333332 -20.70101233333333 7.100115
endloop
endfacet
facet normal 0 0 1
outer loop
vertex -22.000083333333333 -22.000083333333333 7.100115
vertex -21.249948333333332 -20.70101233333333 7.100115
vertex -21.486812666666665 -20.59052733333333 7.100115
endloop
endfacet
facet normal 0 0 1
outer loop
vertex -22.000083333333333 -22.000083333333333 7.100115
vertex -21.486812666666665 -20.59052733333333 7.100115
vertex -21.73957133333333 -20.522685666666664 7.100115
endloop
endfacet
facet normal 0 0 1
outer loop
vertex -22.000083333333333 -22.000083333333333 7.100115
vertex -21.73957133333333 -20.522685666666664 7.100115
vertex -22.000083333333333 -20.499813333333332 7.100115
endloop
endfacet
facet normal 0 0 1
outer loop
vertex -22.000083333333333 -22.000083333333333 7.100115
vertex -22.000083333333333 -20.499813333333332 7.100115
vertex -22.26059533333333 -20.522685666666664 7.100115
endloop
endfacet
facet normal 0.9657159464333189 0.2596010608691704 0
outer loop
vertex -20.59052733333333 22.51296633333333 3.9999446666666665
vertex -20.59052733333333 22.51296633333333 7.100115
vertex -20.522685666666664 22.26059533333333 7.100115
endloop
endfacet
facet normal 0.9657159464333189 0.2596010608691704 0
outer loop
vertex -20.59052733333333 22.51296633333333 3.9999446666666665
vertex -20.522685666666664 22.26059533333333 7.100115
vertex -20.522685666666664 22.26059533333333 3.9999446666666665
endloop
endfacet
facet normal 0.9062589113679053 0.42272306013069505 0
outer loop
vertex -20.70101233333333 22.749830666666664 3.9999446666666665
vertex -20.70101233333333 22.749830666666664 7.100115
vertex -20.59052733333333 22.51296633333333 7.100115
endloop
endfacet
facet normal 0.9062589113679053 0.42272306013069505 0
outer loop
vertex -20.70101233333333 22.749830666666664 3.9999446666666665
vertex -20.59052733333333 22.51296633333333 7.100115
vertex -20.59052733333333 22.51296633333333 3.9999446666666665
endloop
endfacet
facet normal 0.8193015178759288 0.5733629067233066 0
outer loop
vertex -20.851039333333333 22.96421033333333 3.9999446666666665
vertex -20.851039333333333 22.96421033333333 7.100115
vertex -20.70101233333333 22.749830666666664 7.100115
endloop
endfacet
facet normal 0.8193015178759288 0.5733629067233066 0
outer loop
vertex -20.851039333333333 22.96421033333333 3.9999446666666665
vertex -20.70101233333333 22.749830666666664 7.100115
vertex -20.70101233333333 22.749830666666664 3.9999446666666665
endloop
endfacet
facet normal 0.7071067811865543 0.7071067811865407 0
outer loop
vertex -20.851039333333333 22.96421033333333 7.100115
vertex -20.851039333333333 22.96421033333333 3.9999446666666665
vertex -21.03595633333333 23.149127333333333 3.9999446666666665
endloop
endfacet
facet normal 0.7071067811865543 0.7071067811865407 0
outer loop
vertex -20.851039333333333 22.96421033333333 7.100115
vertex -21.03595633333333 23.149127333333333 3.9999446666666665
vertex -21.03595633333333 23.149127333333333 7.100115
endloop
endfacet
facet normal 0.7071067811865407 0.7071067811865543 0
outer loop
vertex 23.149127333333333 -21.03595633333333 7.100115
vertex 23.149127333333333 -21.03595633333333 3.9999446666666665
vertex 22.96421033333333 -20.851039333333333 3.9999446666666665
endloop
endfacet
facet normal 0.7071067811865407 0.7071067811865543 0
outer loop
vertex 23.149127333333333 -21.03595633333333 7.100115
vertex 22.96421033333333 -20.851039333333333 3.9999446666666665
vertex 22.96421033333333 -20.851039333333333 7.100115
endloop
endfacet
facet normal 0.5740595172681074 0.8188135750180913 0
outer loop
vertex -21.249948333333332 23.29915433333333 3.9999446666666665
vertex -21.249948333333332 23.29915433333333 7.100115
vertex -21.03595633333333 23.149127333333333 7.100115
endloop
endfacet
facet normal 0.5740595172681074 0.8188135750180913 0
outer loop
vertex -21.249948333333332 23.29915433333333 3.9999446666666665
vertex -21.03595633333333 23.149127333333333 7.100115
vertex -21.03595633333333 23.149127333333333 3.9999446666666665
endloop
endfacet
facet normal 0.42272306013069505 0.9062589113679053 0
outer loop
vertex -21.486812666666665 23.40963933333333 3.9999446666666665
vertex -21.486812666666665 23.40963933333333 7.100115
vertex -21.249948333333332 23.29915433333333 7.100115
endloop
endfacet
facet normal 0.42272306013069505 0.9062589113679053 0
outer loop
vertex -21.486812666666665 23.40963933333333 3.9999446666666665
vertex -21.249948333333332 23.29915433333333 7.100115
vertex -21.249948333333332 23.29915433333333 3.9999446666666665
endloop
endfacet
facet normal 0.25784711224924234 0.9661857309569039 0
outer loop
vertex -21.73957133333333 23.477093333333332 3.9999446666666665
vertex -21.73957133333333 23.477093333333332 7.100115
vertex -21.486812666666665 23.40963933333333 7.100115
endloop
endfacet
facet normal 0.25784711224924234 0.9661857309569039 0
outer loop
vertex -21.73957133333333 23.477093333333332 3.9999446666666665
vertex -21.486812666666665 23.40963933333333 7.100115
vertex -21.486812666666665 23.40963933333333 3.9999446666666665
endloop
endfacet
facet normal 0.08746117236250638 0.9961679292814922 0
outer loop
vertex -22.000083333333333 23.499965666666665 3.9999446666666665
vertex -22.000083333333333 23.499965666666665 7.100115
vertex -21.73957133333333 23.477093333333332 7.100115
endloop
endfacet
facet normal 0.08746117236250638 0.9961679292814922 0
outer loop
vertex -22.000083333333333 23.499965666666665 3.9999446666666665
vertex -21.73957133333333 23.477093333333332 7.100115
vertex -21.73957133333333 23.477093333333332 3.9999446666666665
endloop
endfacet
facet normal -0.08746117236250754 0.996167929281492 0
outer loop
vertex -22.26059533333333 23.477093333333332 3.9999446666666665
vertex -22.26059533333333 23.477093333333332 7.100115
vertex -22.000083333333333 23.499965666666665 7.100115
endloop
endfacet
facet normal -0.08746117236250754 0.996167929281492 0
outer loop
vertex -22.26059533333333 23.477093333333332 3.9999446666666665
vertex -22.000083333333333 23.499965666666665 7.100115
vertex -22.000083333333333 23.499965666666665 3.9999446666666665
endloop
endfacet
facet normal -0.25821680076872916 0.9660869959795352 0
outer loop
vertex -22.51296633333333 23.40963933333333 3.9999446666666665
vertex -22.51296633333333 23.40963933333333 7.100115
vertex -22.26059533333333 23.477093333333332 7.100115
endloop
endfacet
facet normal -0.25821680076872916 0.9660869959795352 0
outer loop
vertex -22.51296633333333 23.40963933333333 3.9999446666666665
vertex -22.26059533333333 23.477093333333332 7.100115
vertex -22.26059533333333 23.477093333333332 3.9999446666666665
endloop
endfacet
facet normal -0.42272306013069505 0.9062589113679053 0
outer loop
vertex -22.749830666666664 23.29915433333333 3.9999446666666665
vertex -22.749830666666664 23.29915433333333 7.100115
vertex -22.51296633333333 23.40963933333333 7.100115
endloop
endfacet
facet normal -0.42272306013069505 0.9062589113679053 0
outer loop
vertex -22.749830666666664 23.29915433333333 3.9999446666666665
vertex -22.51296633333333 23.40963933333333 7.100115
vertex -22.51296633333333 23.40963933333333 3.9999446666666665
endloop
endfacet
facet normal -0.5733629067232976 0.8193015178759353 0
outer loop
vertex -22.96421033333333 23.149127333333333 3.9999446666666665
vertex -22.96421033333333 23.149127333333333 7.100115
vertex -22.749830666666664 23.29915433333333 7.100115
endloop
endfacet
facet normal -0.5733629067232976 0.8193015178759353 0
outer loop
vertex -22.96421033333333 23.149127333333333 3.9999446666666665
vertex -22.749830666666664 23.29915433333333 7.100115
vertex -22.749830666666664 23.29915433333333 3.9999446666666665
endloop
endfacet
facet normal -0.7071067811865476 0.7071067811865476 0
outer loop
vertex -23.149127333333333 22.96421033333333 3.9999446666666665
vertex -23.149127333333333 22.96421033333333 7.100115
vertex -22.96421033333333 23.149127333333333 7.100115
endloop
endfacet
facet normal -0.7071067811865476 0.7071067811865476 0
outer loop
vertex -23.149127333333333 22.96421033333333 3.9999446666666665
vertex -22.96421033333333 23.149127333333333 7.100115
vertex -22.96421033333333 23.149127333333333 3.9999446666666665
endloop
endfacet
facet normal -0.8193015178759353 0.5733629067232976 0
outer loop
vertex -23.29915433333333 22.749830666666664 3.9999446666666665
vertex -23.29915433333333 22.749830666666664 7.100115
vertex -23.149127333333333 22.96421033333333 7.100115
endloop
endfacet
facet normal -0.8193015178759353 0.5733629067232976 0
outer loop
vertex -23.29915433333333 22.749830666666664 3.9999446666666665
vertex -23.149127333333333 22.96421033333333 7.100115
vertex -23.149127333333333 22.96421033333333 3.9999446666666665
endloop
endfacet
facet normal -0.9062589113679053 0.42272306013069505 0
outer loop
vertex -23.40963933333333 22.51296633333333 3.9999446666666665
vertex -23.40963933333333 22.51296633333333 7.100115
vertex -23.29915433333333 22.749830666666664 7.100115
endloop
endfacet
facet normal -0.9062589113679053 0.42272306013069505 0
outer loop
vertex -23.40963933333333 22.51296633333333 3.9999446666666665
vertex -23.29915433333333 22.749830666666664 7.100115
vertex -23.29915433333333 22.749830666666664 3.9999446666666665
endloop
endfacet
facet normal -0.9660869959795352 0.25821680076872916 0
outer loop
vertex -23.477093333333332 22.26059533333333 3.9999446666666665
vertex -23.477093333333332 22.26059533333333 7.100115
vertex -23.40963933333333 22.51296633333333 7.100115
endloop
endfacet
facet normal -0.9660869959795352 0.25821680076872916 0
outer loop
vertex -23.477093333333332 22.26059533333333 3.9999446666666665
vertex -23.40963933333333 22.51296633333333 7.100115
vertex -23.40963933333333 22.51296633333333 3.9999446666666665
endloop
endfacet
facet normal -0.996167929281492 0.08746117236250754 0
outer loop
vertex -23.499965666666665 22.000083333333333 3.9999446666666665
vertex -23.499965666666665 22.000083333333333 7.100115
vertex -23.477093333333332 22.26059533333333 7.100115
endloop
endfacet
facet normal -0.996167929281492 0.08746117236250754 0
outer loop
vertex -23.499965666666665 22.000083333333333 3.9999446666666665
vertex -23.477093333333332 22.26059533333333 7.100115
vertex -23.477093333333332 22.26059533333333 3.9999446666666665
endloop
endfacet
facet normal -0.9961679292814922 -0.08746117236250638 0
outer loop
vertex -23.477093333333332 21.73957133333333 3.9999446666666665
vertex -23.477093333333332 21.73957133333333 7.100115
vertex -23.499965666666665 22.000083333333333 7.100115
endloop
endfacet
facet normal -0.9961679292814922 -0.08746117236250638 0
outer loop
vertex -23.477093333333332 21.73957133333333 3.9999446666666665
vertex -23.499965666666665 22.000083333333333 7.100115
vertex -23.499965666666665 22.000083333333333 3.9999446666666665
endloop
endfacet
facet normal -0.9661857309569039 -0.25784711224924234 0
outer loop
vertex -23.40963933333333 21.486812666666665 3.9999446666666665
vertex -23.40963933333333 21.486812666666665 7.100115
vertex -23.477093333333332 21.73957133333333 7.100115
endloop
endfacet
facet normal -0.9661857309569039 -0.25784711224924234 0
outer loop
vertex -23.40963933333333 21.486812666666665 3.9999446666666665
vertex -23.477093333333332 21.73957133333333 7.100115
vertex -23.477093333333332 21.73957133333333 3.9999446666666665
endloop
endfacet
facet normal -0.9062589113679053 -0.42272306013069505 0
outer loop
vertex -23.29915433333333 21.249948333333332 3.9999446666666665
vertex -23.29915433333333 21.249948333333332 7.100115
vertex -23.40963933333333 21.486812666666665 7.100115
endloop
endfacet
facet normal -0.9062589113679053 -0.42272306013069505 0
outer loop
vertex -23.29915433333333 21.249948333333332 3.9999446666666665
vertex -23.40963933333333 21.486812666666665 7.100115
vertex -23.40963933333333 21.486812666666665 3.9999446666666665
endloop
endfacet
facet normal -0.8188135750180913 -0.5740595172681074 0
outer loop
vertex -23.149127333333333 21.03595633333333 3.9999446666666665
vertex -23.149127333333333 21.03595633333333 7.100115
vertex -23.29915433333333 21.249948333333332 7.100115
endloop
endfacet
facet normal -0.8188135750180913 -0.5740595172681074 0
outer loop
vertex -23.149127333333333 21.03595633333333 3.9999446666666665
vertex -23.29915433333333 21.249948333333332 7.100115
vertex -23.29915433333333 21.249948333333332 3.9999446666666665
endloop
endfacet
facet normal -0.7071067811865475 -0.7071067811865475 0
outer loop
vertex 20.932061666666666 -23.045232666666664 5.240090333333333
vertex 20.851039333333333 -22.96421033333333 7.100115
vertex 20.851039333333333 -22.96421033333333 3.9999446666666665
endloop
endfacet
facet normal -0.7071067811865476 -0.7071067811865476 0
outer loop
vertex 20.932061666666666 -23.045232666666664 5.240090333333333
vertex 20.851039333333333 -22.96421033333333 3.9999446666666665
vertex 20.886704666666667 -22.999875666666664 3.9999446666666665
endloop
endfacet
facet normal -0.707106781186556 -0.7071067811865391 6.163200792277965e-16
outer loop
vertex 20.932061666666666 -23.045232666666664 5.240090333333333
vertex 20.886704666666667 -22.999875666666664 3.9999446666666665
vertex 21.03595633333333 -23.149127333333333 3.9999446666666665
endloop
endfacet
facet normal -0.7071067811865596 -0.7071067811865354 0
outer loop
vertex 20.932061666666666 -23.045232666666664 5.240090333333333
vertex 21.03595633333333 -23.149127333333333 3.9999446666666665
vertex 21.03595633333333 -23.149127333333333 7.100115
endloop
endfacet
facet normal -0.7071067811865543 -0.7071067811865406 -5.884419954234897e-16
outer loop
vertex 20.932061666666666 -23.045232666666664 5.240090333333333
vertex 21.03595633333333 -23.149127333333333 7.100115
vertex 20.851039333333333 -22.96421033333333 7.100115
endloop
endfacet
facet normal -0.7071067811865407 -0.7071067811865543 0
outer loop
vertex -23.149127333333333 21.03595633333333 7.100115
vertex -23.149127333333333 21.03595633333333 3.9999446666666665
vertex -22.96421033333333 20.851039333333333 3.9999446666666665
endloop
endfacet
facet normal -0.7071067811865407 -0.7071067811865543 0
outer loop
vertex -23.149127333333333 21.03595633333333 7.100115
vertex -22.96421033333333 20.851039333333333 3.9999446666666665
vertex -22.96421033333333 20.851039333333333 7.100115
endloop
endfacet
facet normal -0.5733629067233066 -0.8193015178759288 0
outer loop
vertex -22.749830666666664 20.70101233333333 3.9999446666666665
vertex -22.749830666666664 20.70101233333333 7.100115
vertex -22.96421033333333 20.851039333333333 7.100115
endloop
endfacet
facet normal -0.5733629067233066 -0.8193015178759288 0
outer loop
vertex -22.749830666666664 20.70101233333333 3.9999446666666665
vertex -22.96421033333333 20.851039333333333 7.100115
vertex -22.96421033333333 20.851039333333333 3.9999446666666665
endloop
endfacet
facet normal -0.42272306013069505 -0.9062589113679053 0
outer loop
vertex -22.51296633333333 20.59052733333333 3.9999446666666665
vertex -22.51296633333333 20.59052733333333 7.100115
vertex -22.749830666666664 20.70101233333333 7.100115
endloop
endfacet
facet normal -0.42272306013069505 -0.9062589113679053 0
outer loop
vertex -22.51296633333333 20.59052733333333 3.9999446666666665
vertex -22.749830666666664 20.70101233333333 7.100115
vertex -22.749830666666664 20.70101233333333 3.9999446666666665
endloop
endfacet
facet normal -0.2596010608691704 -0.9657159464333189 0
outer loop
vertex -22.26059533333333 20.522685666666664 3.9999446666666665
vertex -22.26059533333333 20.522685666666664 7.100115
vertex -22.51296633333333 20.59052733333333 7.100115
endloop
endfacet
facet normal -0.2596010608691704 -0.9657159464333189 0
outer loop
vertex -22.26059533333333 20.522685666666664 3.9999446666666665
vertex -22.51296633333333 20.59052733333333 7.100115
vertex -22.51296633333333 20.59052733333333 3.9999446666666665
endloop
endfacet
facet normal -0.08746117236250754 -0.996167929281492 0
outer loop
vertex -22.000083333333333 20.499813333333332 3.9999446666666665
vertex -22.000083333333333 20.499813333333332 7.100115
vertex -22.26059533333333 20.522685666666664 7.100115
endloop
endfacet
facet normal -0.08746117236250754 -0.996167929281492 0
outer loop
vertex -22.000083333333333 20.499813333333332 3.9999446666666665
vertex -22.26059533333333 20.522685666666664 7.100115
vertex -22.26059533333333 20.522685666666664 3.9999446666666665
endloop
endfacet
facet normal 0.08746117236250638 -0.9961679292814922 0
outer loop
vertex -21.73957133333333 20.522685666666664 3.9999446666666665
vertex -21.73957133333333 20.522685666666664 7.100115
vertex -22.000083333333333 20.499813333333332 7.100115
endloop
endfacet
facet normal 0.08746117236250638 -0.9961679292814922 0
outer loop
vertex -21.73957133333333 20.522685666666664 3.9999446666666665
vertex -22.000083333333333 20.499813333333332 7.100115
vertex -22.000083333333333 20.499813333333332 3.9999446666666665
endloop
endfacet
facet normal 0.2592296753383169 -0.9658157046890419 0
outer loop
vertex -21.486812666666665 20.59052733333333 3.9999446666666665
vertex -21.486812666666665 20.59052733333333 7.100115
vertex -21.73957133333333 20.522685666666664 7.100115
endloop
endfacet
facet normal 0.2592296753383169 -0.9658157046890419 0
outer loop
vertex -21.486812666666665 20.59052733333333 3.9999446666666665
vertex -21.73957133333333 20.522685666666664 7.100115
vertex -21.73957133333333 20.522685666666664 3.9999446666666665
endloop
endfacet
facet normal 0.42272306013069505 -0.9062589113679053 0
outer loop
vertex -21.249948333333332 20.70101233333333 3.9999446666666665
vertex -21.249948333333332 20.70101233333333 7.100115
vertex -21.486812666666665 20.59052733333333 7.100115
endloop
endfacet
facet normal 0.42272306013069505 -0.9062589113679053 0
outer loop
vertex -21.249948333333332 20.70101233333333 3.9999446666666665
vertex -21.486812666666665 20.59052733333333 7.100115
vertex -21.486812666666665 20.59052733333333 3.9999446666666665
endloop
endfacet
facet normal 0.5740595172681167 -0.8188135750180849 0
outer loop
vertex -21.03595633333333 20.851039333333333 3.9999446666666665
vertex -21.03595633333333 20.851039333333333 7.100115
vertex -21.249948333333332 20.70101233333333 7.100115
endloop
endfacet
facet normal 0.5740595172681167 -0.8188135750180849 0
outer loop
vertex -21.03595633333333 20.851039333333333 3.9999446666666665
vertex -21.249948333333332 20.70101233333333 7.100115
vertex -21.249948333333332 20.70101233333333 3.9999446666666665
endloop
endfacet
facet normal 0.7071067811865475 -0.7071067811865475 0
outer loop
vertex -20.851039333333333 21.03595633333333 3.9999446666666665
vertex -20.851039333333333 21.03595633333333 7.100115
vertex -21.03595633333333 20.851039333333333 7.100115
endloop
endfacet
facet normal 0.7071067811865475 -0.7071067811865475 0
outer loop
vertex -20.851039333333333 21.03595633333333 3.9999446666666665
vertex -21.03595633333333 20.851039333333333 7.100115
vertex -21.03595633333333 20.851039333333333 3.9999446666666665
endloop
endfacet
facet normal 0.8188135750180849 -0.5740595172681167 0
outer loop
vertex -20.70101233333333 21.249948333333332 3.9999446666666665
vertex -20.70101233333333 21.249948333333332 7.100115
vertex -20.851039333333333 21.03595633333333 7.100115
endloop
endfacet
facet normal 0.8188135750180849 -0.5740595172681167 0
outer loop
vertex -20.70101233333333 21.249948333333332 3.9999446666666665
vertex -20.851039333333333 21.03595633333333 7.100115
vertex -20.851039333333333 21.03595633333333 3.9999446666666665
endloop
endfacet
facet normal 0.9062589113679053 -0.42272306013069505 0
outer loop
vertex -20.59052733333333 21.486812666666665 3.9999446666666665
vertex -20.59052733333333 21.486812666666665 7.100115
vertex -20.70101233333333 21.249948333333332 7.100115
endloop
endfacet
facet normal 0.9062589113679053 -0.42272306013069505 0
outer loop
vertex -20.59052733333333 21.486812666666665 3.9999446666666665
vertex -20.70101233333333 21.249948333333332 7.100115
vertex -20.70101233333333 21.249948333333332 3.9999446666666665
endloop
endfacet
facet normal 0.9658157046890419 -0.2592296753383169 0
outer loop
vertex -20.522685666666664 21.73957133333333 3.9999446666666665
vertex -20.522685666666664 21.73957133333333 7.100115
vertex -20.59052733333333 21.486812666666665 7.100115
endloop
endfacet
facet normal 0.9658157046890419 -0.2592296753383169 0
outer loop
vertex -20.522685666666664 21.73957133333333 3.9999446666666665
vertex -20.59052733333333 21.486812666666665 7.100115
vertex -20.59052733333333 21.486812666666665 3.9999446666666665
endloop
endfacet
facet normal 0.9961679292814922 -0.08746117236250638 0
outer loop
vertex -20.499813333333332 22.000083333333333 3.9999446666666665
vertex -20.499813333333332 22.000083333333333 7.100115
vertex -20.522685666666664 21.73957133333333 7.100115
endloop
endfacet
facet normal 0.9961679292814922 -0.08746117236250638 0
outer loop
vertex -20.499813333333332 22.000083333333333 3.9999446666666665
vertex -20.522685666666664 21.73957133333333 7.100115
vertex -20.522685666666664 21.73957133333333 3.9999446666666665
endloop
endfacet
facet normal 0.9961679292814922 0.08746117236250638 0
outer loop
vertex 23.477093333333332 -21.73957133333333 3.9999446666666665
vertex 23.477093333333332 -21.73957133333333 7.100115
vertex 23.499965666666665 -22.000083333333333 7.100115
endloop
endfacet
facet normal 0.9961679292814922 0.08746117236250638 0
outer loop
vertex 23.477093333333332 -21.73957133333333 3.9999446666666665
vertex 23.499965666666665 -22.000083333333333 7.100115
vertex 23.499965666666665 -22.000083333333333 3.9999446666666665
endloop
endfacet
facet normal 0.9661857309569039 0.25784711224924234 0
outer loop
vertex 23.40963933333333 -21.486812666666665 3.9999446666666665
vertex 23.40963933333333 -21.486812666666665 7.100115
vertex 23.477093333333332 -21.73957133333333 7.100115
endloop
endfacet
facet normal 0.9661857309569039 0.25784711224924234 0
outer loop
vertex 23.40963933333333 -21.486812666666665 3.9999446666666665
vertex 23.477093333333332 -21.73957133333333 7.100115
vertex 23.477093333333332 -21.73957133333333 3.9999446666666665
endloop
endfacet
facet normal 0.9062589113679053 0.42272306013069505 0
outer loop
vertex 23.29915433333333 -21.249948333333332 3.9999446666666665
vertex 23.29915433333333 -21.249948333333332 7.100115
vertex 23.40963933333333 -21.486812666666665 7.100115
endloop
endfacet
facet normal 0.9062589113679053 0.42272306013069505 0
outer loop
vertex 23.29915433333333 -21.249948333333332 3.9999446666666665
vertex 23.40963933333333 -21.486812666666665 7.100115
vertex 23.40963933333333 -21.486812666666665 3.9999446666666665
endloop
endfacet
facet normal 0.8188135750180913 0.5740595172681074 0
outer loop
vertex 23.149127333333333 -21.03595633333333 3.9999446666666665
vertex 23.149127333333333 -21.03595633333333 7.100115
vertex 23.29915433333333 -21.249948333333332 7.100115
endloop
endfacet
facet normal 0.8188135750180913 0.5740595172681074 0
outer loop
vertex 23.149127333333333 -21.03595633333333 3.9999446666666665
vertex 23.29915433333333 -21.249948333333332 7.100115
vertex 23.29915433333333 -21.249948333333332 3.9999446666666665
endloop
endfacet
facet normal 0.5733629067233066 0.8193015178759288 0
outer loop
vertex 22.749830666666664 -20.70101233333333 3.9999446666666665
vertex 22.749830666666664 -20.70101233333333 7.100115
vertex 22.96421033333333 -20.851039333333333 7.100115
endloop
endfacet
facet normal 0.5733629067233066 0.8193015178759288 0
outer loop
vertex 22.749830666666664 -20.70101233333333 3.9999446666666665
vertex 22.96421033333333 -20.851039333333333 7.100115
vertex 22.96421033333333 -20.851039333333333 3.9999446666666665
endloop
endfacet
facet normal 0.42272306013069505 0.9062589113679053 0
outer loop
vertex 22.51296633333333 -20.59052733333333 3.9999446666666665
vertex 22.51296633333333 -20.59052733333333 7.100115
vertex 22.749830666666664 -20.70101233333333 7.100115
endloop
endfacet
facet normal 0.42272306013069505 0.9062589113679053 0
outer loop
vertex 22.51296633333333 -20.59052733333333 3.9999446666666665
vertex 22.749830666666664 -20.70101233333333 7.100115
vertex 22.749830666666664 -20.70101233333333 3.9999446666666665
endloop
endfacet
facet normal 0.2596010608691704 0.9657159464333189 0
outer loop
vertex 22.26059533333333 -20.522685666666664 3.9999446666666665
vertex 22.26059533333333 -20.522685666666664 7.100115
vertex 22.51296633333333 -20.59052733333333 7.100115
endloop
endfacet
facet normal 0.2596010608691704 0.9657159464333189 0
outer loop
vertex 22.26059533333333 -20.522685666666664 3.9999446666666665
vertex 22.51296633333333 -20.59052733333333 7.100115
vertex 22.51296633333333 -20.59052733333333 3.9999446666666665
endloop
endfacet
facet normal 0.08746117236250754 0.996167929281492 0
outer loop
vertex 22.000083333333333 -20.499813333333332 3.9999446666666665
vertex 22.000083333333333 -20.499813333333332 7.100115
vertex 22.26059533333333 -20.522685666666664 7.100115
endloop
endfacet
facet normal 0.08746117236250754 0.996167929281492 0
outer loop
vertex 22.000083333333333 -20.499813333333332 3.9999446666666665
vertex 22.26059533333333 -20.522685666666664 7.100115
vertex 22.26059533333333 -20.522685666666664 3.9999446666666665
endloop
endfacet
facet normal -0.08746117236250638 0.9961679292814922 0
outer loop
vertex 21.73957133333333 -20.522685666666664 3.9999446666666665
vertex 21.73957133333333 -20.522685666666664 7.100115
vertex 22.000083333333333 -20.499813333333332 7.100115
endloop
endfacet
facet normal -0.08746117236250638 0.9961679292814922 0
outer loop
vertex 21.73957133333333 -20.522685666666664 3.9999446666666665
vertex 22.000083333333333 -20.499813333333332 7.100115
vertex 22.000083333333333 -20.499813333333332 3.9999446666666665
endloop
endfacet
facet normal -0.2592296753383169 0.9658157046890419 0
outer loop
vertex 21.486812666666665 -20.59052733333333 3.9999446666666665
vertex 21.486812666666665 -20.59052733333333 7.100115
vertex 21.73957133333333 -20.522685666666664 7.100115
endloop
endfacet
facet normal -0.2592296753383169 0.9658157046890419 0
outer loop
vertex 21.486812666666665 -20.59052733333333 3.9999446666666665
vertex 21.73957133333333 -20.522685666666664 7.100115
vertex 21.73957133333333 -20.522685666666664 3.9999446666666665
endloop
endfacet
facet normal -0.42272306013069505 0.9062589113679053 0
outer loop
vertex 21.249948333333332 -20.70101233333333 3.9999446666666665
vertex 21.249948333333332 -20.70101233333333 7.100115
vertex 21.486812666666665 -20.59052733333333 7.100115
endloop
endfacet
facet normal -0.42272306013069505 0.9062589113679053 0
outer loop
vertex 21.249948333333332 -20.70101233333333 3.9999446666666665
vertex 21.486812666666665 -20.59052733333333 7.100115
vertex 21.486812666666665 -20.59052733333333 3.9999446666666665
endloop
endfacet
facet normal -0.5740595172681167 0.8188135750180849 0
outer loop
vertex 21.03595633333333 -20.851039333333333 3.9999446666666665
vertex 21.03595633333333 -20.851039333333333 7.100115
vertex 21.249948333333332 -20.70101233333333 7.100115
endloop
endfacet
facet normal -0.5740595172681167 0.8188135750180849 0
outer loop
vertex 21.03595633333333 -20.851039333333333 3.9999446666666665
vertex 21.249948333333332 -20.70101233333333 7.100115
vertex 21.249948333333332 -20.70101233333333 3.9999446666666665
endloop
endfacet
facet normal -0.7071067811865475 0.7071067811865475 0
outer loop
vertex 20.851039333333333 -21.03595633333333 3.9999446666666665
vertex 20.851039333333333 -21.03595633333333 7.100115
vertex 21.03595633333333 -20.851039333333333 7.100115
endloop
endfacet
facet normal -0.7071067811865475 0.7071067811865475 0
outer loop
vertex 20.851039333333333 -21.03595633333333 3.9999446666666665
vertex 21.03595633333333 -20.851039333333333 7.100115
vertex 21.03595633333333 -20.851039333333333 3.9999446666666665
endloop
endfacet
facet normal -0.8188135750180849 0.5740595172681167 0
outer loop
vertex 20.70101233333333 -21.249948333333332 3.9999446666666665
vertex 20.70101233333333 -21.249948333333332 7.100115
vertex 20.851039333333333 -21.03595633333333 7.100115
endloop
endfacet
facet normal -0.8188135750180849 0.5740595172681167 0
outer loop
vertex 20.70101233333333 -21.249948333333332 3.9999446666666665
vertex 20.851039333333333 -21.03595633333333 7.100115
vertex 20.851039333333333 -21.03595633333333 3.9999446666666665
endloop
endfacet
facet normal -0.9062589113679053 0.42272306013069505 0
outer loop
vertex 20.59052733333333 -21.486812666666665 3.9999446666666665
vertex 20.59052733333333 -21.486812666666665 7.100115
vertex 20.70101233333333 -21.249948333333332 7.100115
endloop
endfacet
facet normal -0.9062589113679053 0.42272306013069505 0
outer loop
vertex 20.59052733333333 -21.486812666666665 3.9999446666666665
vertex 20.70101233333333 -21.249948333333332 7.100115
vertex 20.70101233333333 -21.249948333333332 3.9999446666666665
endloop
endfacet
facet normal -0.9658157046890419 0.2592296753383169 0
outer loop
vertex 20.522685666666664 -21.73957133333333 3.9999446666666665
vertex 20.522685666666664 -21.73957133333333 7.100115
vertex 20.59052733333333 -21.486812666666665 7.100115
endloop
endfacet
facet normal -0.9658157046890419 0.2592296753383169 0
outer loop
vertex 20.522685666666664 -21.73957133333333 3.9999446666666665
vertex 20.59052733333333 -21.486812666666665 7.100115
vertex 20.59052733333333 -21.486812666666665 3.9999446666666665
endloop
endfacet
facet normal -0.9961679292814922 0.08746117236250638 0
outer loop
vertex 20.499813333333332 -22.000083333333333 3.9999446666666665
vertex 20.499813333333332 -22.000083333333333 7.100115
vertex 20.522685666666664 -21.73957133333333 7.100115
endloop
endfacet
facet normal -0.9961679292814922 0.08746117236250638 0
outer loop
vertex 20.499813333333332 -22.000083333333333 3.9999446666666665
vertex 20.522685666666664 -21.73957133333333 7.100115
vertex 20.522685666666664 -21.73957133333333 3.9999446666666665
endloop
endfacet
facet normal -0.996167929281492 -0.08746117236250754 0
outer loop
vertex 20.522685666666664 -22.26059533333333 3.9999446666666665
vertex 20.522685666666664 -22.26059533333333 7.100115
vertex 20.499813333333332 -22.000083333333333 7.100115
endloop
endfacet
facet normal -0.996167929281492 -0.08746117236250754 0
outer loop
vertex 20.522685666666664 -22.26059533333333 3.9999446666666665
vertex 20.499813333333332 -22.000083333333333 7.100115
vertex 20.499813333333332 -22.000083333333333 3.9999446666666665
endloop
endfacet
facet normal -0.9657159464333189 -0.2596010608691704 0
outer loop
vertex 20.59052733333333 -22.51296633333333 3.9999446666666665
vertex 20.59052733333333 -22.51296633333333 7.100115
vertex 20.522685666666664 -22.26059533333333 7.100115
endloop
endfacet
facet normal -0.9657159464333189 -0.2596010608691704 0
outer loop
vertex 20.59052733333333 -22.51296633333333 3.9999446666666665
vertex 20.522685666666664 -22.26059533333333 7.100115
vertex 20.522685666666664 -22.26059533333333 3.9999446666666665
endloop
endfacet
facet normal -0.9062589113679053 -0.42272306013069505 0
outer loop
vertex 20.70101233333333 -22.749830666666664 3.9999446666666665
vertex 20.70101233333333 -22.749830666666664 7.100115
vertex 20.59052733333333 -22.51296633333333 7.100115
endloop
endfacet
facet normal -0.9062589113679053 -0.42272306013069505 0
outer loop
vertex 20.70101233333333 -22.749830666666664 3.9999446666666665
vertex 20.59052733333333 -22.51296633333333 7.100115
vertex 20.59052733333333 -22.51296633333333 3.9999446666666665
endloop
endfacet
facet normal -0.8193015178759288 -0.5733629067233066 0
outer loop
vertex 20.851039333333333 -22.96421033333333 3.9999446666666665
vertex 20.851039333333333 -22.96421033333333 7.100115
vertex 20.70101233333333 -22.749830666666664 7.100115
endloop
endfacet
facet normal -0.8193015178759288 -0.5733629067233066 0
outer loop
vertex 20.851039333333333 -22.96421033333333 3.9999446666666665
vertex 20.70101233333333 -22.749830666666664 7.100115
vertex 20.70101233333333 -22.749830666666664 3.9999446666666665
endloop
endfacet
facet normal -0.5740595172681074 -0.8188135750180913 0
outer loop
vertex 21.249948333333332 -23.29915433333333 3.9999446666666665
vertex 21.249948333333332 -23.29915433333333 7.100115
vertex 21.03595633333333 -23.149127333333333 7.100115
endloop
endfacet
facet normal -0.5740595172681074 -0.8188135750180913 0
outer loop
vertex 21.249948333333332 -23.29915433333333 3.9999446666666665
vertex 21.03595633333333 -23.149127333333333 7.100115
vertex 21.03595633333333 -23.149127333333333 3.9999446666666665
endloop
endfacet
facet normal -0.42272306013069505 -0.9062589113679053 0
outer loop
vertex 21.486812666666665 -23.40963933333333 3.9999446666666665
vertex 21.486812666666665 -23.40963933333333 7.100115
vertex 21.249948333333332 -23.29915433333333 7.100115
endloop
endfacet
facet normal -0.42272306013069505 -0.9062589113679053 0
outer loop
vertex 21.486812666666665 -23.40963933333333 3.9999446666666665
vertex 21.249948333333332 -23.29915433333333 7.100115
vertex 21.249948333333332 -23.29915433333333 3.9999446666666665
endloop
endfacet
facet normal -0.25784711224924234 -0.9661857309569039 0
outer loop
vertex 21.73957133333333 -23.477093333333332 3.9999446666666665
vertex 21.73957133333333 -23.477093333333332 7.100115
vertex 21.486812666666665 -23.40963933333333 7.100115
endloop
endfacet
facet normal -0.25784711224924234 -0.9661857309569039 0
outer loop
vertex 21.73957133333333 -23.477093333333332 3.9999446666666665
vertex 21.486812666666665 -23.40963933333333 7.100115
vertex 21.486812666666665 -23.40963933333333 3.9999446666666665
endloop
endfacet
facet normal -0.08746117236250638 -0.9961679292814922 0
outer loop
vertex 22.000083333333333 -23.499965666666665 3.9999446666666665
vertex 22.000083333333333 -23.499965666666665 7.100115
vertex 21.73957133333333 -23.477093333333332 7.100115
endloop
endfacet
facet normal -0.08746117236250638 -0.9961679292814922 0
outer loop
vertex 22.000083333333333 -23.499965666666665 3.9999446666666665
vertex 21.73957133333333 -23.477093333333332 7.100115
vertex 21.73957133333333 -23.477093333333332 3.9999446666666665
endloop
endfacet
facet normal 0.08746117236250754 -0.996167929281492 0
outer loop
vertex 22.26059533333333 -23.477093333333332 3.9999446666666665
vertex 22.26059533333333 -23.477093333333332 7.100115
vertex 22.000083333333333 -23.499965666666665 7.100115
endloop
endfacet
facet normal 0.08746117236250754 -0.996167929281492 0
outer loop
vertex 22.26059533333333 -23.477093333333332 3.9999446666666665
vertex 22.000083333333333 -23.499965666666665 7.100115
vertex 22.000083333333333 -23.499965666666665 3.9999446666666665
endloop
endfacet
facet normal 0.25821680076872916 -0.9660869959795352 0
outer loop
vertex 22.51296633333333 -23.40963933333333 3.9999446666666665
vertex 22.51296633333333 -23.40963933333333 7.100115
vertex 22.26059533333333 -23.477093333333332 7.100115
endloop
endfacet
facet normal 0.25821680076872916 -0.9660869959795352 0
outer loop
vertex 22.51296633333333 -23.40963933333333 3.9999446666666665
vertex 22.26059533333333 -23.477093333333332 7.100115
vertex 22.26059533333333 -23.477093333333332 3.9999446666666665
endloop
endfacet
facet normal 0.42272306013069505 -0.9062589113679053 0
outer loop
vertex 22.749830666666664 -23.29915433333333 3.9999446666666665
vertex 22.749830666666664 -23.29915433333333 7.100115
vertex 22.51296633333333 -23.40963933333333 7.100115
endloop
endfacet
facet normal 0.42272306013069505 -0.9062589113679053 0
outer loop
vertex 22.749830666666664 -23.29915433333333 3.9999446666666665
vertex 22.51296633333333 -23.40963933333333 7.100115
vertex 22.51296633333333 -23.40963933333333 3.9999446666666665
endloop
endfacet
facet normal 0.5733629067232976 -0.8193015178759353 0
outer loop
vertex 22.96421033333333 -23.149127333333333 3.9999446666666665
vertex 22.96421033333333 -23.149127333333333 7.100115
vertex 22.749830666666664 -23.29915433333333 7.100115
endloop
endfacet
facet normal 0.5733629067232976 -0.8193015178759353 0
outer loop
vertex 22.96421033333333 -23.149127333333333 3.9999446666666665
vertex 22.749830666666664 -23.29915433333333 7.100115
vertex 22.749830666666664 -23.29915433333333 3.9999446666666665
endloop
endfacet
facet normal 0.7071067811865476 -0.7071067811865476 0
outer loop
vertex 23.149127333333333 -22.96421033333333 3.9999446666666665
vertex 23.149127333333333 -22.96421033333333 7.100115
vertex 22.96421033333333 -23.149127333333333 7.100115
endloop
endfacet
facet normal 0.7071067811865476 -0.7071067811865476 0
outer loop
vertex 23.149127333333333 -22.96421033333333 3.9999446666666665
vertex 22.96421033333333 -23.149127333333333 7.100115
vertex 22.96421033333333 -23.149127333333333 3.9999446666666665
endloop
endfacet
facet normal 0.8193015178759353 -0.5733629067232976 0
outer loop
vertex 23.29915433333333 -22.749830666666664 3.9999446666666665
vertex 23.29915433333333 -22.749830666666664 7.100115
vertex 23.149127333333333 -22.96421033333333 7.100115
endloop
endfacet
facet normal 0.8193015178759353 -0.5733629067232976 0
outer loop
vertex 23.29915433333333 -22.749830666666664 3.9999446666666665
vertex 23.149127333333333 -22.96421033333333 7.100115
vertex 23.149127333333333 -22.96421033333333 3.9999446666666665
endloop
endfacet
facet normal 0.9062589113679053 -0.42272306013069505 0
outer loop
vertex 23.40963933333333 -22.51296633333333 3.9999446666666665
vertex 23.40963933333333 -22.51296633333333 7.100115
vertex 23.29915433333333 -22.749830666666664 7.100115
endloop
endfacet
facet normal 0.9062589113679053 -0.42272306013069505 0
outer loop
vertex 23.40963933333333 -22.51296633333333 3.9999446666666665
vertex 23.29915433333333 -22.749830666666664 7.100115
vertex 23.29915433333333 -22.749830666666664 3.9999446666666665
endloop
endfacet
facet normal 0.9660869959795352 -0.25821680076872916 0
outer loop
vertex 23.477093333333332 -22.26059533333333 3.9999446666666665
vertex 23.477093333333332 -22.26059533333333 7.100115
vertex 23.40963933333333 -22.51296633333333 7.100115
endloop
endfacet
facet normal 0.9660869959795352 -0.25821680076872916 0
outer loop
vertex 23.477093333333332 -22.26059533333333 3.9999446666666665
vertex 23.40963933333333 -22.51296633333333 7.100115
vertex 23.40963933333333 -22.51296633333333 3.9999446666666665
endloop
endfacet
facet normal 0.996167929281492 -0.08746117236250754 0
outer loop
vertex 23.499965666666665 -22.000083333333333 3.9999446666666665
vertex 23.499965666666665 -22.000083333333333 7.100115
vertex 23.477093333333332 -22.26059533333333 7.100115
endloop
endfacet
facet normal 0.996167929281492 -0.08746117236250754 0
outer loop
vertex 23.499965666666665 -22.000083333333333 3.9999446666666665
vertex 23.477093333333332 -22.26059533333333 7.100115
vertex 23.477093333333332 -22.26059533333333 3.9999446666666665
endloop
endfacet
facet normal 0.996167929281492 0.08746117236250754 0
outer loop
vertex 23.477093333333332 22.26059533333333 3.9999446666666665
vertex 23.477093333333332 22.26059533333333 7.100115
vertex 23.499965666666665 22.000083333333333 7.100115
endloop
endfacet
facet normal 0.996167929281492 0.08746117236250754 0
outer loop
vertex 23.477093333333332 22.26059533333333 3.9999446666666665
vertex 23.499965666666665 22.000083333333333 7.100115
vertex 23.499965666666665 22.000083333333333 3.9999446666666665
endloop
endfacet
facet normal 0.9660869959795352 0.25821680076872916 0
outer loop
vertex 23.40963933333333 22.51296633333333 3.9999446666666665
vertex 23.40963933333333 22.51296633333333 7.100115
vertex 23.477093333333332 22.26059533333333 7.100115
endloop
endfacet
facet normal 0.9660869959795352 0.25821680076872916 0
outer loop
vertex 23.40963933333333 22.51296633333333 3.9999446666666665
vertex 23.477093333333332 22.26059533333333 7.100115
vertex 23.477093333333332 22.26059533333333 3.9999446666666665
endloop
endfacet
facet normal 0.9062589113679053 0.42272306013069505 0
outer loop
vertex 23.29915433333333 22.749830666666664 3.9999446666666665
vertex 23.29915433333333 22.749830666666664 7.100115
vertex 23.40963933333333 22.51296633333333 7.100115
endloop
endfacet
facet normal 0.9062589113679053 0.42272306013069505 0
outer loop
vertex 23.29915433333333 22.749830666666664 3.9999446666666665
vertex 23.40963933333333 22.51296633333333 7.100115
vertex 23.40963933333333 22.51296633333333 3.9999446666666665
endloop
endfacet
facet normal 0.8193015178759353 0.5733629067232976 0
outer loop
vertex 23.149127333333333 22.96421033333333 3.9999446666666665
vertex 23.149127333333333 22.96421033333333 7.100115
vertex 23.29915433333333 22.749830666666664 7.100115
endloop
endfacet
facet normal 0.8193015178759353 0.5733629067232976 0
outer loop
vertex 23.149127333333333 22.96421033333333 3.9999446666666665
vertex 23.29915433333333 22.749830666666664 7.100115
vertex 23.29915433333333 22.749830666666664 3.9999446666666665
endloop
endfacet
facet normal 0.7071067811865476 0.7071067811865476 0
outer loop
vertex 22.96421033333333 23.149127333333333 3.9999446666666665
vertex 22.96421033333333 23.149127333333333 7.100115
vertex 23.149127333333333 22.96421033333333 7.100115
endloop
endfacet
facet normal 0.7071067811865476 0.7071067811865476 0
outer loop
vertex 22.96421033333333 23.149127333333333 3.9999446666666665
vertex 23.149127333333333 22.96421033333333 7.100115
vertex 23.149127333333333 22.96421033333333 3.9999446666666665
endloop
endfacet
facet normal 0.5733629067232976 0.8193015178759353 0
outer loop
vertex 22.749830666666664 23.29915433333333 3.9999446666666665
vertex 22.749830666666664 23.29915433333333 7.100115
vertex 22.96421033333333 23.149127333333333 7.100115
endloop
endfacet
facet normal 0.5733629067232976 0.8193015178759353 0
outer loop
vertex 22.749830666666664 23.29915433333333 3.9999446666666665
vertex 22.96421033333333 23.149127333333333 7.100115
vertex 22.96421033333333 23.149127333333333 3.9999446666666665
endloop
endfacet
facet normal 0.42272306013069505 0.9062589113679053 0
outer loop
vertex 22.51296633333333 23.40963933333333 3.9999446666666665
vertex 22.51296633333333 23.40963933333333 7.100115
vertex 22.749830666666664 23.29915433333333 7.100115
endloop
endfacet
facet normal 0.42272306013069505 0.9062589113679053 0
outer loop
vertex 22.51296633333333 23.40963933333333 3.9999446666666665
vertex 22.749830666666664 23.29915433333333 7.100115
vertex 22.749830666666664 23.29915433333333 3.9999446666666665
endloop
endfacet
facet normal 0.25821680076872916 0.9660869959795352 0
outer loop
vertex 22.26059533333333 23.477093333333332 3.9999446666666665
vertex 22.26059533333333 23.477093333333332 7.100115
vertex 22.51296633333333 23.40963933333333 7.100115
endloop
endfacet
facet normal 0.25821680076872916 0.9660869959795352 0
outer loop
vertex 22.26059533333333 23.477093333333332 3.9999446666666665
vertex 22.51296633333333 23.40963933333333 7.100115
vertex 22.51296633333333 23.40963933333333 3.9999446666666665
endloop
endfacet
facet normal 0.08746117236250754 0.996167929281492 0
outer loop
vertex 22.000083333333333 23.499965666666665 3.9999446666666665
vertex 22.000083333333333 23.499965666666665 7.100115
vertex 22.26059533333333 23.477093333333332 7.100115
endloop
endfacet
facet normal 0.08746117236250754 0.996167929281492 0
outer loop
vertex 22.000083333333333 23.499965666666665 3.9999446666666665
vertex 22.26059533333333 23.477093333333332 7.100115
vertex 22.26059533333333 23.477093333333332 3.9999446666666665
endloop
endfacet
facet normal -0.08746117236250638 0.9961679292814922 0
outer loop
vertex 21.73957133333333 23.477093333333332 3.9999446666666665
vertex 21.73957133333333 23.477093333333332 7.100115
vertex 22.000083333333333 23.499965666666665 7.100115
endloop
endfacet
facet normal -0.08746117236250638 0.9961679292814922 0
outer loop
vertex 21.73957133333333 23.477093333333332 3.9999446666666665
vertex 22.000083333333333 23.499965666666665 7.100115
vertex 22.000083333333333 23.499965666666665 3.9999446666666665
endloop
endfacet
facet normal -0.25784711224924234 0.9661857309569039 0
outer loop
vertex 21.486812666666665 23.40963933333333 3.9999446666666665
vertex 21.486812666666665 23.40963933333333 7.100115
vertex 21.73957133333333 23.477093333333332 7.100115
endloop
endfacet
facet normal -0.25784711224924234 0.9661857309569039 0
outer loop
vertex 21.486812666666665 23.40963933333333 3.9999446666666665
vertex 21.73957133333333 23.477093333333332 7.100115
vertex 21.73957133333333 23.477093333333332 3.9999446666666665
endloop
endfacet
facet normal -0.42272306013069505 0.9062589113679053 0
outer loop
vertex 21.249948333333332 23.29915433333333 3.9999446666666665
vertex 21.249948333333332 23.29915433333333 7.100115
vertex 21.486812666666665 23.40963933333333 7.100115
endloop
endfacet
facet normal -0.42272306013069505 0.9062589113679053 0
outer loop
vertex 21.249948333333332 23.29915433333333 3.9999446666666665
vertex 21.486812666666665 23.40963933333333 7.100115
vertex 21.486812666666665 23.40963933333333 3.9999446666666665
endloop
endfacet
facet normal -0.5740595172681074 0.8188135750180913 0
outer loop
vertex 21.03595633333333 23.149127333333333 3.9999446666666665
vertex 21.03595633333333 23.149127333333333 7.100115
vertex 21.249948333333332 23.29915433333333 7.100115
endloop
endfacet
facet normal -0.5740595172681074 0.8188135750180913 0
outer loop
vertex 21.03595633333333 23.149127333333333 3.9999446666666665
vertex 21.249948333333332 23.29915433333333 7.100115
vertex 21.249948333333332 23.29915433333333 3.9999446666666665
endloop
endfacet
facet normal -0.7071067811865407 0.7071067811865543 0
outer loop
vertex -22.96421033333333 -20.851039333333333 7.100115
vertex -22.96421033333333 -20.851039333333333 3.9999446666666665
vertex -23.149127333333333 -21.03595633333333 3.9999446666666665
endloop
endfacet
facet normal -0.7071067811865407 0.7071067811865543 0
outer loop
vertex -22.96421033333333 -20.851039333333333 7.100115
vertex -23.149127333333333 -21.03595633333333 3.9999446666666665
vertex -23.149127333333333 -21.03595633333333 7.100115
endloop
endfacet
facet normal -0.7071067811865543 0.7071067811865407 0
outer loop
vertex 21.03595633333333 23.149127333333333 7.100115
vertex 21.03595633333333 23.149127333333333 3.9999446666666665
vertex 20.851039333333333 22.96421033333333 3.9999446666666665
endloop
endfacet
facet normal -0.7071067811865543 0.7071067811865407 0
outer loop
vertex 21.03595633333333 23.149127333333333 7.100115
vertex 20.851039333333333 22.96421033333333 3.9999446666666665
vertex 20.851039333333333 22.96421033333333 7.100115
endloop
endfacet
facet normal -0.8193015178759288 0.5733629067233066 0
outer loop
vertex 20.70101233333333 22.749830666666664 3.9999446666666665
vertex 20.70101233333333 22.749830666666664 7.100115
vertex 20.851039333333333 22.96421033333333 7.100115
endloop
endfacet
facet normal -0.8193015178759288 0.5733629067233066 0
outer loop
vertex 20.70101233333333 22.749830666666664 3.9999446666666665
vertex 20.851039333333333 22.96421033333333 7.100115
vertex 20.851039333333333 22.96421033333333 3.9999446666666665
endloop
endfacet
facet normal -0.9062589113679053 0.42272306013069505 0
outer loop
vertex 20.59052733333333 22.51296633333333 3.9999446666666665
vertex 20.59052733333333 22.51296633333333 7.100115
vertex 20.70101233333333 22.749830666666664 7.100115
endloop
endfacet
facet normal -0.9062589113679053 0.42272306013069505 0
outer loop
vertex 20.59052733333333 22.51296633333333 3.9999446666666665
vertex 20.70101233333333 22.749830666666664 7.100115
vertex 20.70101233333333 22.749830666666664 3.9999446666666665
endloop
endfacet
facet normal -0.9657159464333189 0.2596010608691704 0
outer loop
vertex 20.522685666666664 22.26059533333333 3.9999446666666665
vertex 20.522685666666664 22.26059533333333 7.100115
vertex 20.59052733333333 22.51296633333333 7.100115
endloop
endfacet
facet normal -0.9657159464333189 0.2596010608691704 0
outer loop
vertex 20.522685666666664 22.26059533333333 3.9999446666666665
vertex 20.59052733333333 22.51296633333333 7.100115
vertex 20.59052733333333 22.51296633333333 3.9999446666666665
endloop
endfacet
facet normal -0.996167929281492 0.08746117236250754 0
outer loop
vertex 20.499813333333332 22.000083333333333 3.9999446666666665
vertex 20.499813333333332 22.000083333333333 7.100115
vertex 20.522685666666664 22.26059533333333 7.100115
endloop
endfacet
facet normal -0.996167929281492 0.08746117236250754 0
outer loop
vertex 20.499813333333332 22.000083333333333 3.9999446666666665
vertex 20.522685666666664 22.26059533333333 7.100115
vertex 20.522685666666664 22.26059533333333 3.9999446666666665
endloop
endfacet
facet normal -0.9961679292814922 -0.08746117236250638 0
outer loop
vertex 20.522685666666664 21.73957133333333 3.9999446666666665
vertex 20.522685666666664 21.73957133333333 7.100115
vertex 20.499813333333332 22.000083333333333 7.100115
endloop
endfacet
facet normal -0.9961679292814922 -0.08746117236250638 0
outer loop
vertex 20.522685666666664 21.73957133333333 3.9999446666666665
vertex 20.499813333333332 22.000083333333333 7.100115
vertex 20.499813333333332 22.000083333333333 3.9999446666666665
endloop
endfacet
facet normal -0.9658157046890419 -0.2592296753383169 0
outer loop
vertex 20.59052733333333 21.486812666666665 3.9999446666666665
vertex 20.59052733333333 21.486812666666665 7.100115
vertex 20.522685666666664 21.73957133333333 7.100115
endloop
endfacet
facet normal -0.9658157046890419 -0.2592296753383169 0
outer loop
vertex 20.59052733333333 21.486812666666665 3.9999446666666665
vertex 20.522685666666664 21.73957133333333 7.100115
vertex 20.522685666666664 21.73957133333333 3.9999446666666665
endloop
endfacet
facet normal -0.9062589113679053 -0.42272306013069505 0
outer loop
vertex 20.70101233333333 21.249948333333332 3.9999446666666665
vertex 20.70101233333333 21.249948333333332 7.100115
vertex 20.59052733333333 21.486812666666665 7.100115
endloop
endfacet
facet normal -0.9062589113679053 -0.42272306013069505 0
outer loop
vertex 20.70101233333333 21.249948333333332 3.9999446666666665
vertex 20.59052733333333 21.486812666666665 7.100115
vertex 20.59052733333333 21.486812666666665 3.9999446666666665
endloop
endfacet
facet normal -0.8188135750180849 -0.5740595172681167 0
outer loop
vertex 20.851039333333333 21.03595633333333 3.9999446666666665
vertex 20.851039333333333 21.03595633333333 7.100115
vertex 20.70101233333333 21.249948333333332 7.100115
endloop
endfacet
facet normal -0.8188135750180849 -0.5740595172681167 0
outer loop
vertex 20.851039333333333 21.03595633333333 3.9999446666666665
vertex 20.70101233333333 21.249948333333332 7.100115
vertex 20.70101233333333 21.249948333333332 3.9999446666666665
endloop
endfacet
facet normal -0.7071067811865475 -0.7071067811865475 0
outer loop
vertex 21.03595633333333 20.851039333333333 3.9999446666666665
vertex 21.03595633333333 20.851039333333333 7.100115
vertex 20.851039333333333 21.03595633333333 7.100115
endloop
endfacet
facet normal -0.7071067811865475 -0.7071067811865475 0
outer loop
vertex 21.03595633333333 20.851039333333333 3.9999446666666665
vertex 20.851039333333333 21.03595633333333 7.100115
vertex 20.851039333333333 21.03595633333333 3.9999446666666665
endloop
endfacet
facet normal -0.5740595172681167 -0.8188135750180849 0
outer loop
vertex 21.249948333333332 20.70101233333333 3.9999446666666665
vertex 21.249948333333332 20.70101233333333 7.100115
vertex 21.03595633333333 20.851039333333333 7.100115
endloop
endfacet
facet normal -0.5740595172681167 -0.8188135750180849 0
outer loop
vertex 21.249948333333332 20.70101233333333 3.9999446666666665
vertex 21.03595633333333 20.851039333333333 7.100115
vertex 21.03595633333333 20.851039333333333 3.9999446666666665
endloop
endfacet
facet normal -0.42272306013069505 -0.9062589113679053 0
outer loop
vertex 21.486812666666665 20.59052733333333 3.9999446666666665
vertex 21.486812666666665 20.59052733333333 7.100115
vertex 21.249948333333332 20.70101233333333 7.100115
endloop
endfacet
facet normal -0.42272306013069505 -0.9062589113679053 0
outer loop
vertex 21.486812666666665 20.59052733333333 3.9999446666666665
vertex 21.249948333333332 20.70101233333333 7.100115
vertex 21.249948333333332 20.70101233333333 3.9999446666666665
endloop
endfacet
facet normal -0.2592296753383169 -0.9658157046890419 0
outer loop
vertex 21.73957133333333 20.522685666666664 3.9999446666666665
vertex 21.73957133333333 20.522685666666664 7.100115
vertex 21.486812666666665 20.59052733333333 7.100115
endloop
endfacet
facet normal -0.2592296753383169 -0.9658157046890419 0
outer loop
vertex 21.73957133333333 20.522685666666664 3.9999446666666665
vertex 21.486812666666665 20.59052733333333 7.100115
vertex 21.486812666666665 20.59052733333333 3.9999446666666665
endloop
endfacet
facet normal -0.08746117236250638 -0.9961679292814922 0
outer loop
vertex 22.000083333333333 20.499813333333332 3.9999446666666665
vertex 22.000083333333333 20.499813333333332 7.100115
vertex 21.73957133333333 20.522685666666664 7.100115
endloop
endfacet
facet normal -0.08746117236250638 -0.9961679292814922 0
outer loop
vertex 22.000083333333333 20.499813333333332 3.9999446666666665
vertex 21.73957133333333 20.522685666666664 7.100115
vertex 21.73957133333333 20.522685666666664 3.9999446666666665
endloop
endfacet
facet normal 0.08746117236250754 -0.996167929281492 0
outer loop
vertex 22.26059533333333 20.522685666666664 3.9999446666666665
vertex 22.26059533333333 20.522685666666664 7.100115
vertex 22.000083333333333 20.499813333333332 7.100115
endloop
endfacet
facet normal 0.08746117236250754 -0.996167929281492 0
outer loop
vertex 22.26059533333333 20.522685666666664 3.9999446666666665
vertex 22.000083333333333 20.499813333333332 7.100115
vertex 22.000083333333333 20.499813333333332 3.9999446666666665
endloop
endfacet
facet normal 0.2596010608691704 -0.9657159464333189 0
outer loop
vertex 22.51296633333333 20.59052733333333 3.9999446666666665
vertex 22.51296633333333 20.59052733333333 7.100115
vertex 22.26059533333333 20.522685666666664 7.100115
endloop
endfacet
facet normal 0.2596010608691704 -0.9657159464333189 0
outer loop
vertex 22.51296633333333 20.59052733333333 3.9999446666666665
vertex 22.26059533333333 20.522685666666664 7.100115
vertex 22.26059533333333 20.522685666666664 3.9999446666666665
endloop
endfacet
facet normal 0.42272306013069505 -0.9062589113679053 0
outer loop
vertex 22.749830666666664 20.70101233333333 3.9999446666666665
vertex 22.749830666666664 20.70101233333333 7.100115
vertex 22.51296633333333 20.59052733333333 7.100115
endloop
endfacet
facet normal 0.42272306013069505 -0.9062589113679053 0
outer loop
vertex 22.749830666666664 20.70101233333333 3.9999446666666665
vertex 22.51296633333333 20.59052733333333 7.100115
vertex 22.51296633333333 20.59052733333333 3.9999446666666665
endloop
endfacet
facet normal 0.5733629067233066 -0.8193015178759288 0
outer loop
vertex 22.96421033333333 20.851039333333333 3.9999446666666665
vertex 22.96421033333333 20.851039333333333 7.100115
vertex 22.749830666666664 20.70101233333333 7.100115
endloop
endfacet
facet normal 0.5733629067233066 -0.8193015178759288 0
outer loop
vertex 22.96421033333333 20.851039333333333 3.9999446666666665
vertex 22.749830666666664 20.70101233333333 7.100115
vertex 22.749830666666664 20.70101233333333 3.9999446666666665
endloop
endfacet
facet normal 0.7071067811865407 -0.7071067811865543 0
outer loop
vertex 22.96421033333333 20.851039333333333 7.100115
vertex 22.96421033333333 20.851039333333333 3.9999446666666665
vertex 23.149127333333333 21.03595633333333 3.9999446666666665
endloop
endfacet
facet normal 0.7071067811865407 -0.7071067811865543 0
outer loop
vertex 22.96421033333333 20.851039333333333 7.100115
vertex 23.149127333333333 21.03595633333333 3.9999446666666665
vertex 23.149127333333333 21.03595633333333 7.100115
endloop
endfacet
facet normal 0.7071067811865596 -0.7071067811865354 0
outer loop
vertex -20.932061666666666 -23.045232666666664 5.240090333333333
vertex -21.03595633333333 -23.149127333333333 7.100115
vertex -21.03595633333333 -23.149127333333333 3.9999446666666665
endloop
endfacet
facet normal 0.707106781186556 -0.7071067811865391 6.163200792277965e-16
outer loop
vertex -20.932061666666666 -23.045232666666664 5.240090333333333
vertex -21.03595633333333 -23.149127333333333 3.9999446666666665
vertex -20.886704666666667 -22.999875666666664 3.9999446666666665
endloop
endfacet
facet normal 0.7071067811865476 -0.7071067811865476 0
outer loop
vertex -20.932061666666666 -23.045232666666664 5.240090333333333
vertex -20.886704666666667 -22.999875666666664 3.9999446666666665
vertex -20.851039333333333 -22.96421033333333 3.9999446666666665
endloop
endfacet
facet normal 0.7071067811865475 -0.7071067811865475 0
outer loop
vertex -20.932061666666666 -23.045232666666664 5.240090333333333
vertex -20.851039333333333 -22.96421033333333 3.9999446666666665
vertex -20.851039333333333 -22.96421033333333 7.100115
endloop
endfacet
facet normal 0.7071067811865543 -0.7071067811865406 -5.884419954234897e-16
outer loop
vertex -20.932061666666666 -23.045232666666664 5.240090333333333
vertex -20.851039333333333 -22.96421033333333 7.100115
vertex -21.03595633333333 -23.149127333333333 7.100115
endloop
endfacet
facet normal 0.8188135750180913 -0.5740595172681074 0
outer loop
vertex 23.29915433333333 21.249948333333332 3.9999446666666665
vertex 23.29915433333333 21.249948333333332 7.100115
vertex 23.149127333333333 21.03595633333333 7.100115
endloop
endfacet
facet normal 0.8188135750180913 -0.5740595172681074 0
outer loop
vertex 23.29915433333333 21.249948333333332 3.9999446666666665
vertex 23.149127333333333 21.03595633333333 7.100115
vertex 23.149127333333333 21.03595633333333 3.9999446666666665
endloop
endfacet
facet normal 0.9062589113679053 -0.42272306013069505 0
outer loop
vertex 23.40963933333333 21.486812666666665 3.9999446666666665
vertex 23.40963933333333 21.486812666666665 7.100115
vertex 23.29915433333333 21.249948333333332 7.100115
endloop
endfacet
facet normal 0.9062589113679053 -0.42272306013069505 0
outer loop
vertex 23.40963933333333 21.486812666666665 3.9999446666666665
vertex 23.29915433333333 21.249948333333332 7.100115
vertex 23.29915433333333 21.249948333333332 3.9999446666666665
endloop
endfacet
facet normal 0.9661857309569039 -0.25784711224924234 0
outer loop
vertex 23.477093333333332 21.73957133333333 3.9999446666666665
vertex 23.477093333333332 21.73957133333333 7.100115
vertex 23.40963933333333 21.486812666666665 7.100115
endloop
endfacet
facet normal 0.9661857309569039 -0.25784711224924234 0
outer loop
vertex 23.477093333333332 21.73957133333333 3.9999446666666665
vertex 23.40963933333333 21.486812666666665 7.100115
vertex 23.40963933333333 21.486812666666665 3.9999446666666665
endloop
endfacet
facet normal 0.9961679292814922 -0.08746117236250638 0
outer loop
vertex 23.499965666666665 22.000083333333333 3.9999446666666665
vertex 23.499965666666665 22.000083333333333 7.100115
vertex 23.477093333333332 21.73957133333333 7.100115
endloop
endfacet
facet normal 0.9961679292814922 -0.08746117236250638 0
outer loop
vertex 23.499965666666665 22.000083333333333 3.9999446666666665
vertex 23.477093333333332 21.73957133333333 7.100115
vertex 23.477093333333332 21.73957133333333 3.9999446666666665
endloop
endfacet
facet normal 1 0 0
outer loop
vertex 27.29987433333333 0 2.2949866666666665
vertex 27.29987433333333 21.73957133333333 3.9999446666666665
vertex 27.29987433333333 21.486812666666665 3.9999446666666665
endloop
endfacet
facet normal 1 0 0
outer loop
vertex 27.29987433333333 0 2.2949866666666665
vertex 27.29987433333333 21.486812666666665 3.9999446666666665
vertex 27.29987433333333 21.249948333333332 3.9999446666666665
endloop
endfacet
facet normal 1 0 0
outer loop
vertex 27.29987433333333 0 2.2949866666666665
vertex 27.29987433333333 21.249948333333332 3.9999446666666665
vertex 27.29987433333333 21.03595633333333 3.9999446666666665
endloop
endfacet
facet normal 1 0 0
outer loop
vertex 27.29987433333333 0 2.2949866666666665
vertex 27.29987433333333 21.03595633333333 3.9999446666666665
vertex 27.29987433333333 20.851039333333333 3.9999446666666665
endloop
endfacet
facet normal 1 0 0
outer loop
vertex 27.29987433333333 0 2.2949866666666665
vertex 27.29987433333333 20.851039333333333 3.9999446666666665
vertex 27.29987433333333 20.70101233333333 3.9999446666666665
endloop
endfacet
facet normal 1 0 0
outer loop
vertex 27.29987433333333 0 2.2949866666666665
vertex 27.29987433333333 20.70101233333333 3.9999446666666665
vertex 27.29987433333333 20.59052733333333 3.9999446666666665
endloop
endfacet
facet normal 0.9999999999999999 0 0
outer loop
vertex 27.29987433333333 0 2.2949866666666665
vertex 27.29987433333333 20.59052733333333 3.9999446666666665
vertex 27.29987433333333 20.522685666666664 3.9999446666666665
endloop
endfacet
facet normal 1 0 0
outer loop
vertex 27.29987433333333 0 2.2949866666666665
vertex 27.29987433333333 20.522685666666664 3.9999446666666665
vertex 27.29987433333333 20.499813333333332 3.9999446666666665
endloop
endfacet
facet normal 1 0 0
outer loop
vertex 27.29987433333333 0 2.2949866666666665
vertex 27.29987433333333 20.499813333333332 3.9999446666666665
vertex 27.29987433333333 18.100156666666667 3.9999446666666665
endloop
endfacet
facet normal 1 0 0
outer loop
vertex 27.29987433333333 0 2.2949866666666665
vertex 27.29987433333333 18.100156666666667 3.9999446666666665
vertex 27.29987433333333 18.08193633333333 3.9999446666666665
endloop
endfacet
facet normal 1 0 0
outer loop
vertex 27.29987433333333 0 2.2949866666666665
vertex 27.29987433333333 18.08193633333333 3.9999446666666665
vertex 27.29987433333333 18.028438333333334 3.9999446666666665
endloop
endfacet
facet normal 1 0 0
outer loop
vertex 27.29987433333333 0 2.2949866666666665
vertex 27.29987433333333 18.028438333333334 3.9999446666666665
vertex 27.29987433333333 17.940050333333332 3.9999446666666665
endloop
endfacet
facet normal 1 0 0
outer loop
vertex 27.29987433333333 0 2.2949866666666665
vertex 27.29987433333333 17.940050333333332 3.9999446666666665
vertex 27.29987433333333 17.818710666666664 3.9999446666666665
endloop
endfacet
facet normal 1 0 0
outer loop
vertex 27.29987433333333 0 2.2949866666666665
vertex 27.29987433333333 17.818710666666664 3.9999446666666665
vertex 27.29987433333333 17.665969999999998 3.9999446666666665
endloop
endfacet
facet normal 0.9999999999999999 0 0
outer loop
vertex 27.29987433333333 0 2.2949866666666665
vertex 27.29987433333333 17.665969999999998 3.9999446666666665
vertex 27.29987433333333 17.484929666666666 3.9999446666666665
endloop
endfacet
facet normal 1 0 0
outer loop
vertex 27.29987433333333 0 2.2949866666666665
vertex 27.29987433333333 17.484929666666666 3.9999446666666665
vertex 27.29987433333333 17.278303333333334 3.9999446666666665
endloop
endfacet
facet normal 1 0 0
outer loop
vertex 27.29987433333333 0 2.2949866666666665
vertex 27.29987433333333 17.278303333333334 3.9999446666666665
vertex 27.29987433333333 17.049967666666664 3.9999446666666665
endloop
endfacet
facet normal 1 0 0
outer loop
vertex 27.29987433333333 0 2.2949866666666665
vertex 27.29987433333333 17.049967666666664 3.9999446666666665
vertex 27.29987433333333 16.80379933333333 3.9999446666666665
endloop
endfacet
facet normal 0.9999999999999999 0 0
outer loop
vertex 27.29987433333333 0 2.2949866666666665
vertex 27.29987433333333 16.80379933333333 3.9999446666666665
vertex 27.29987433333333 16.543675 3.9999446666666665
endloop
endfacet
facet normal 1 0 0
outer loop
vertex 27.29987433333333 0 2.2949866666666665
vertex 27.29987433333333 16.543675 3.9999446666666665
vertex 27.29987433333333 16.274246666666667 3.9999446666666665
endloop
endfacet
facet normal 1 0 0
outer loop
vertex 27.29987433333333 0 2.2949866666666665
vertex 27.29987433333333 16.274246666666667 3.9999446666666665
vertex 27.29987433333333 16.000166333333333 3.9999446666666665
endloop
endfacet
facet normal 1 0 0
outer loop
vertex 27.29987433333333 0 2.2949866666666665
vertex 27.29987433333333 16.000166333333333 3.9999446666666665
vertex 27.29987433333333 15.726085999999999 3.9999446666666665
endloop
endfacet
facet normal 1 0 0
outer loop
vertex 27.29987433333333 0 2.2949866666666665
vertex 27.29987433333333 15.726085999999999 3.9999446666666665
vertex 27.29987433333333 15.456657666666665 3.9999446666666665
endloop
endfacet
facet normal 1 0 0
outer loop
vertex 27.29987433333333 0 2.2949866666666665
vertex 27.29987433333333 15.456657666666665 3.9999446666666665
vertex 27.29987433333333 15.196533333333333 3.9999446666666665
endloop
endfacet
facet normal 1 0 0
outer loop
vertex 27.29987433333333 0 2.2949866666666665
vertex 27.29987433333333 15.196533333333333 3.9999446666666665
vertex 27.29987433333333 14.949977333333333 3.9999446666666665
endloop
endfacet
facet normal 1 0 0
outer loop
vertex 27.29987433333333 0 2.2949866666666665
vertex 27.29987433333333 14.949977333333333 3.9999446666666665
vertex 27.29987433333333 14.721641666666665 3.9999446666666665
endloop
endfacet
facet normal 1 0 0
outer loop
vertex 27.29987433333333 0 2.2949866666666665
vertex 27.29987433333333 14.721641666666665 3.9999446666666665
vertex 27.29987433333333 14.515015333333332 3.9999446666666665
endloop
endfacet
facet normal 1 0 0
outer loop
vertex 27.29987433333333 0 2.2949866666666665
vertex 27.29987433333333 14.515015333333332 3.9999446666666665
vertex 27.29987433333333 14.333974999999999 3.9999446666666665
endloop
endfacet
facet normal 1 0 0
outer loop
vertex 27.29987433333333 0 2.2949866666666665
vertex 27.29987433333333 14.333974999999999 3.9999446666666665
vertex 27.29987433333333 14.181234333333332 3.9999446666666665
endloop
endfacet
facet normal 1 0 0
outer loop
vertex 27.29987433333333 0 2.2949866666666665
vertex 27.29987433333333 14.181234333333332 3.9999446666666665
vertex 27.29987433333333 14.059894666666665 3.9999446666666665
endloop
endfacet
facet normal 1 0 0
outer loop
vertex 27.29987433333333 0 2.2949866666666665
vertex 27.29987433333333 14.059894666666665 3.9999446666666665
vertex 27.29987433333333 13.971506666666667 3.9999446666666665
endloop
endfacet
facet normal 1 0 0
outer loop
vertex 27.29987433333333 0 2.2949866666666665
vertex 27.29987433333333 13.971506666666667 3.9999446666666665
vertex 27.29987433333333 13.918008666666665 3.9999446666666665
endloop
endfacet
facet normal 1 0 0
outer loop
vertex 27.29987433333333 0 2.2949866666666665
vertex 27.29987433333333 13.918008666666665 3.9999446666666665
vertex 27.29987433333333 13.900175999999998 3.9999446666666665
endloop
endfacet
facet normal 1 0 0
outer loop
vertex 27.29987433333333 0 2.2949866666666665
vertex 27.29987433333333 13.900175999999998 3.9999446666666665
vertex 27.29987433333333 -13.900175999999998 3.9999446666666665
endloop
endfacet
facet normal 1 0 0
outer loop
vertex 27.29987433333333 0 2.2949866666666665
vertex 27.29987433333333 -13.900175999999998 3.9999446666666665
vertex 27.29987433333333 -13.918008666666665 3.9999446666666665
endloop
endfacet
facet normal 1 0 0
outer loop
vertex 27.29987433333333 0 2.2949866666666665
vertex 27.29987433333333 -13.918008666666665 3.9999446666666665
vertex 27.29987433333333 -13.971506666666667 3.9999446666666665
endloop
endfacet
facet normal 1 0 0
outer loop
vertex 27.29987433333333 0 2.2949866666666665
vertex 27.29987433333333 -13.971506666666667 3.9999446666666665
vertex 27.29987433333333 -14.059894666666665 3.9999446666666665
endloop
endfacet
facet normal 1 0 0
outer loop
vertex 27.29987433333333 0 2.2949866666666665
vertex 27.29987433333333 -14.059894666666665 3.9999446666666665
vertex 27.29987433333333 -14.181234333333332 3.9999446666666665
endloop
endfacet
facet normal 1 0 0
outer loop
vertex 27.29987433333333 0 2.2949866666666665
vertex 27.29987433333333 -14.181234333333332 3.9999446666666665
vertex 27.29987433333333 -14.333974999999999 3.9999446666666665
endloop
endfacet
facet normal 1 0 0
outer loop
vertex 27.29987433333333 0 2.2949866666666665
vertex 27.29987433333333 -14.333974999999999 3.9999446666666665
vertex 27.29987433333333 -14.515015333333332 3.9999446666666665
endloop
endfacet
facet normal 1 0 0
outer loop
vertex 27.29987433333333 0 2.2949866666666665
vertex 27.29987433333333 -14.515015333333332 3.9999446666666665
vertex 27.29987433333333 -14.721641666666665 3.9999446666666665
endloop
endfacet
facet normal 1 0 0
outer loop
vertex 27.29987433333333 0 2.2949866666666665
vertex 27.29987433333333 -14.721641666666665 3.9999446666666665
vertex 27.29987433333333 -14.949977333333333 3.9999446666666665
endloop
endfacet
facet normal 1 0 0
outer loop
vertex 27.29987433333333 0 2.2949866666666665
vertex 27.29987433333333 -14.949977333333333 3.9999446666666665
vertex 27.29987433333333 -15.196533333333333 3.9999446666666665
endloop
endfacet
facet normal 1 0 0
outer loop
vertex 27.29987433333333 0 2.2949866666666665
vertex 27.29987433333333 -15.196533333333333 3.9999446666666665
vertex 27.29987433333333 -15.456657666666665 3.9999446666666665
endloop
endfacet
facet normal 1 0 0
outer loop
vertex 27.29987433333333 0 2.2949866666666665
vertex 27.29987433333333 -15.456657666666665 3.9999446666666665
vertex 27.29987433333333 -15.726085999999999 3.9999446666666665
endloop
endfacet
facet normal 1 0 0
outer loop
vertex 27.29987433333333 0 2.2949866666666665
vertex 27.29987433333333 -15.726085999999999 3.9999446666666665
vertex 27.29987433333333 -16.000166333333333 3.9999446666666665
endloop
endfacet
facet normal 1 0 0
outer loop
vertex 27.29987433333333 0 2.2949866666666665
vertex 27.29987433333333 -16.000166333333333 3.9999446666666665
vertex 27.29987433333333 -16.274246666666667 3.9999446666666665
endloop
endfacet
facet normal 1 0 0
outer loop
vertex 27.29987433333333 0 2.2949866666666665
vertex 27.29987433333333 -16.274246666666667 3.9999446666666665
vertex 27.29987433333333 -16.543675 3.9999446666666665
endloop
endfacet
facet normal 0.9999999999999999 0 0
outer loop
vertex 27.29987433333333 0 2.2949866666666665
vertex 27.29987433333333 -16.543675 3.9999446666666665
vertex 27.29987433333333 -16.80379933333333 3.9999446666666665
endloop
endfacet
facet normal 1 0 0
outer loop
vertex 27.29987433333333 0 2.2949866666666665
vertex 27.29987433333333 -16.80379933333333 3.9999446666666665
vertex 27.29987433333333 -17.049967666666664 3.9999446666666665
endloop
endfacet
facet normal 1 0 0
outer loop
vertex 27.29987433333333 0 2.2949866666666665
vertex 27.29987433333333 -17.049967666666664 3.9999446666666665
vertex 27.29987433333333 -17.278303333333334 3.9999446666666665
endloop
endfacet
facet normal 1 0 0
outer loop
vertex 27.29987433333333 0 2.2949866666666665
vertex 27.29987433333333 -17.278303333333334 3.9999446666666665
vertex 27.29987433333333 -17.484929666666666 3.9999446666666665
endloop
endfacet
facet normal 0.9999999999999999 0 0
outer loop
vertex 27.29987433333333 0 2.2949866666666665
vertex 27.29987433333333 -17.484929666666666 3.9999446666666665
vertex 27.29987433333333 -17.665969999999998 3.9999446666666665
endloop
endfacet
facet normal 1 0 0
outer loop
vertex 27.29987433333333 0 2.2949866666666665
vertex 27.29987433333333 -17.665969999999998 3.9999446666666665
vertex 27.29987433333333 -17.818710666666664 3.9999446666666665
endloop
endfacet
facet normal 1 0 0
outer loop
vertex 27.29987433333333 0 2.2949866666666665
vertex 27.29987433333333 -17.818710666666664 3.9999446666666665
vertex 27.29987433333333 -17.940050333333332 3.9999446666666665
endloop
endfacet
facet normal 1 0 0
outer loop
vertex 27.29987433333333 0 2.2949866666666665
vertex 27.29987433333333 -17.940050333333332 3.9999446666666665
vertex 27.29987433333333 -18.028438333333334 3.9999446666666665
endloop
endfacet
facet normal 1 0 0
outer loop
vertex 27.29987433333333 0 2.2949866666666665
vertex 27.29987433333333 -18.028438333333334 3.9999446666666665
vertex 27.29987433333333 -18.08193633333333 3.9999446666666665
endloop
endfacet
facet normal 1 0 0
outer loop
vertex 27.29987433333333 0 2.2949866666666665
vertex 27.29987433333333 -18.08193633333333 3.9999446666666665
vertex 27.29987433333333 -18.100156666666667 3.9999446666666665
endloop
endfacet
facet normal 1 0 0
outer loop
vertex 27.29987433333333 0 2.2949866666666665
vertex 27.29987433333333 -18.100156666666667 3.9999446666666665
vertex 27.29987433333333 -20.499813333333332 3.9999446666666665
endloop
endfacet
facet normal 1 0 0
outer loop
vertex 27.29987433333333 0 2.2949866666666665
vertex 27.29987433333333 -20.499813333333332 3.9999446666666665
vertex 27.29987433333333 -20.522685666666664 3.9999446666666665
endloop
endfacet
facet normal 0.9999999999999999 0 0
outer loop
vertex 27.29987433333333 0 2.2949866666666665
vertex 27.29987433333333 -20.522685666666664 3.9999446666666665
vertex 27.29987433333333 -20.59052733333333 3.9999446666666665
endloop
endfacet
facet normal 1 0 0
outer loop
vertex 27.29987433333333 0 2.2949866666666665
vertex 27.29987433333333 -20.59052733333333 3.9999446666666665
vertex 27.29987433333333 -20.70101233333333 3.9999446666666665
endloop
endfacet
facet normal 1 0 0
outer loop
vertex 27.29987433333333 0 2.2949866666666665
vertex 27.29987433333333 -20.70101233333333 3.9999446666666665
vertex 27.29987433333333 -20.851039333333333 3.9999446666666665
endloop
endfacet
facet normal 1 0 0
outer loop
vertex 27.29987433333333 0 2.2949866666666665
vertex 27.29987433333333 -20.851039333333333 3.9999446666666665
vertex 27.29987433333333 -21.03595633333333 3.9999446666666665
endloop
endfacet
facet normal 1 0 0
outer loop
vertex 27.29987433333333 0 2.2949866666666665
vertex 27.29987433333333 -21.03595633333333 3.9999446666666665
vertex 27.29987433333333 -21.249948333333332 3.9999446666666665
endloop
endfacet
facet normal 1 0 0
outer loop
vertex 27.29987433333333 0 2.2949866666666665
vertex 27.29987433333333 -21.249948333333332 3.9999446666666665
vertex 27.29987433333333 -21.486812666666665 3.9999446666666665
endloop
endfacet
facet normal 1 0 0
outer loop
vertex 27.29987433333333 0 2.2949866666666665
vertex 27.29987433333333 -21.486812666666665 3.9999446666666665
vertex 27.29987433333333 -21.73957133333333 3.9999446666666665
endloop
endfacet
facet normal 1 0 0
outer loop
vertex 27.29987433333333 0 2.2949866666666665
vertex 27.29987433333333 -21.73957133333333 3.9999446666666665
vertex 27.29987433333333 -21.800047333333332 3.9999446666666665
endloop
endfacet
facet normal 1 0 0
outer loop
vertex 27.29987433333333 0 2.2949866666666665
vertex 27.29987433333333 -21.800047333333332 3.9999446666666665
vertex 27.29987433333333 -21.800047333333332 0
endloop
endfacet
facet normal 1 0 0
outer loop
vertex 27.29987433333333 0 2.2949866666666665
vertex 27.29987433333333 -21.800047333333332 0
vertex 27.29987433333333 -18.100156666666667 0
endloop
endfacet
facet normal 1 0 0
outer loop
vertex 27.29987433333333 0 2.2949866666666665
vertex 27.29987433333333 -18.100156666666667 0
vertex 27.29987433333333 -18.08193633333333 0
endloop
endfacet
facet normal 0.9999999999999999 0 0
outer loop
vertex 27.29987433333333 0 2.2949866666666665
vertex 27.29987433333333 -18.08193633333333 0
vertex 27.29987433333333 -18.028438333333334 0
endloop
endfacet
facet normal 1 0 0
outer loop
vertex 27.29987433333333 0 2.2949866666666665
vertex 27.29987433333333 -18.028438333333334 0
vertex 27.29987433333333 -17.940050333333332 0
endloop
endfacet
facet normal 1 0 0
outer loop
vertex 27.29987433333333 0 2.2949866666666665
vertex 27.29987433333333 -17.940050333333332 0
vertex 27.29987433333333 -17.818710666666664 0
endloop
endfacet
facet normal 1 0 0
outer loop
vertex 27.29987433333333 0 2.2949866666666665
vertex 27.29987433333333 -17.818710666666664 0
vertex 27.29987433333333 -17.665969999999998 0
endloop
endfacet
facet normal 1 0 0
outer loop
vertex 27.29987433333333 0 2.2949866666666665
vertex 27.29987433333333 -17.665969999999998 0
vertex 27.29987433333333 -17.484929666666666 0
endloop
endfacet
facet normal 0.9999999999999999 0 0
outer loop
vertex 27.29987433333333 0 2.2949866666666665
vertex 27.29987433333333 -17.484929666666666 0
vertex 27.29987433333333 -17.278303333333334 0
endloop
endfacet
facet normal 1 0 0
outer loop
vertex 27.29987433333333 0 2.2949866666666665
vertex 27.29987433333333 -17.278303333333334 0
vertex 27.29987433333333 -17.049967666666664 0
endloop
endfacet
facet normal 1 0 0
outer loop
vertex 27.29987433333333 0 2.2949866666666665
vertex 27.29987433333333 -17.049967666666664 0
vertex 27.29987433333333 -16.80379933333333 0
endloop
endfacet
facet normal 1 0 0
outer loop
vertex 27.29987433333333 0 2.2949866666666665
vertex 27.29987433333333 -16.80379933333333 0
vertex 27.29987433333333 -16.543675 0
endloop
endfacet
facet normal 1 0 0
outer loop
vertex 27.29987433333333 0 2.2949866666666665
vertex 27.29987433333333 -16.543675 0
vertex 27.29987433333333 -16.274246666666667 0
endloop
endfacet
facet normal 0.9999999999999999 0 0
outer loop
vertex 27.29987433333333 0 2.2949866666666665
vertex 27.29987433333333 -16.274246666666667 0
vertex 27.29987433333333 -16.000166333333333 0
endloop
endfacet
facet normal 1 0 0
outer loop
vertex 27.29987433333333 0 2.2949866666666665
vertex 27.29987433333333 -16.000166333333333 0
vertex 27.29987433333333 -15.726085999999999 0
endloop
endfacet
facet normal 1 0 0
outer loop
vertex 27.29987433333333 0 2.2949866666666665
vertex 27.29987433333333 -15.726085999999999 0
vertex 27.29987433333333 -15.456657666666665 0
endloop
endfacet
facet normal 1 0 0
outer loop
vertex 27.29987433333333 0 2.2949866666666665
vertex 27.29987433333333 -15.456657666666665 0
vertex 27.29987433333333 -15.196533333333333 0
endloop
endfacet
facet normal 1 0 0
outer loop
vertex 27.29987433333333 0 2.2949866666666665
vertex 27.29987433333333 -15.196533333333333 0
vertex 27.29987433333333 -14.949977333333333 0
endloop
endfacet
facet normal 1 0 0
outer loop
vertex 27.29987433333333 0 2.2949866666666665
vertex 27.29987433333333 -14.949977333333333 0
vertex 27.29987433333333 -14.721641666666665 0
endloop
endfacet
facet normal 1 0 0
outer loop
vertex 27.29987433333333 0 2.2949866666666665
vertex 27.29987433333333 -14.721641666666665 0
vertex 27.29987433333333 -14.515015333333332 0
endloop
endfacet
facet normal 1 0 0
outer loop
vertex 27.29987433333333 0 2.2949866666666665
vertex 27.29987433333333 -14.515015333333332 0
vertex 27.29987433333333 -14.333974999999999 0
endloop
endfacet
facet normal 1 0 0
outer loop
vertex 27.29987433333333 0 2.2949866666666665
vertex 27.29987433333333 -14.333974999999999 0
vertex 27.29987433333333 -14.181234333333332 0
endloop
endfacet
facet normal 1 0 0
outer loop
vertex 27.29987433333333 0 2.2949866666666665
vertex 27.29987433333333 -14.181234333333332 0
vertex 27.29987433333333 -14.059894666666665 0
endloop
endfacet
facet normal 1 0 0
outer loop
vertex 27.29987433333333 0 2.2949866666666665
vertex 27.29987433333333 -14.059894666666665 0
vertex 27.29987433333333 -13.971506666666667 0
endloop
endfacet
facet normal 1 0 0
outer loop
vertex 27.29987433333333 0 2.2949866666666665
vertex 27.29987433333333 -13.971506666666667 0
vertex 27.29987433333333 -13.918008666666665 0
endloop
endfacet
facet normal 1 0 0
outer loop
vertex 27.29987433333333 0 2.2949866666666665
vertex 27.29987433333333 -13.918008666666665 0
vertex 27.29987433333333 -13.900175999999998 0
endloop
endfacet
facet normal 1 0 0
outer loop
vertex 27.29987433333333 0 2.2949866666666665
vertex 27.29987433333333 -13.900175999999998 0
vertex 27.29987433333333 13.900175999999998 0
endloop
endfacet
facet normal 1 0 0
outer loop
vertex 27.29987433333333 0 2.2949866666666665
vertex 27.29987433333333 13.900175999999998 0
vertex 27.29987433333333 13.918008666666665 0
endloop
endfacet
facet normal 1 0 0
outer loop
vertex 27.29987433333333 0 2.2949866666666665
vertex 27.29987433333333 13.918008666666665 0
vertex 27.29987433333333 13.971506666666667 0
endloop
endfacet
facet normal 1 0 0
outer loop
vertex 27.29987433333333 0 2.2949866666666665
vertex 27.29987433333333 13.971506666666667 0
vertex 27.29987433333333 14.059894666666665 0
endloop
endfacet
facet normal 1 0 0
outer loop
vertex 27.29987433333333 0 2.2949866666666665
vertex 27.29987433333333 14.059894666666665 0
vertex 27.29987433333333 14.181234333333332 0
endloop
endfacet
facet normal 1 0 0
outer loop
vertex 27.29987433333333 0 2.2949866666666665
vertex 27.29987433333333 14.181234333333332 0
vertex 27.29987433333333 14.333974999999999 0
endloop
endfacet
facet normal 1 0 0
outer loop
vertex 27.29987433333333 0 2.2949866666666665
vertex 27.29987433333333 14.333974999999999 0
vertex 27.29987433333333 14.515015333333332 0
endloop
endfacet
facet normal 1 0 0
outer loop
vertex 27.29987433333333 0 2.2949866666666665
vertex 27.29987433333333 14.515015333333332 0
vertex 27.29987433333333 14.721641666666665 0
endloop
endfacet
facet normal 1 0 0
outer loop
vertex 27.29987433333333 0 2.2949866666666665
vertex 27.29987433333333 14.721641666666665 0
vertex 27.29987433333333 14.949977333333333 0
endloop
endfacet
facet normal 1 0 0
outer loop
vertex 27.29987433333333 0 2.2949866666666665
vertex 27.29987433333333 14.949977333333333 0
vertex 27.29987433333333 15.196533333333333 0
endloop
endfacet
facet normal 1 0 0
outer loop
vertex 27.29987433333333 0 2.2949866666666665
vertex 27.29987433333333 15.196533333333333 0
vertex 27.29987433333333 15.456657666666665 0
endloop
endfacet
facet normal 1 0 0
outer loop
vertex 27.29987433333333 0 2.2949866666666665
vertex 27.29987433333333 15.456657666666665 0
vertex 27.29987433333333 15.726085999999999 0
endloop
endfacet
facet normal 1 0 0
outer loop
vertex 27.29987433333333 0 2.2949866666666665
vertex 27.29987433333333 15.726085999999999 0
vertex 27.29987433333333 16.000166333333333 0
endloop
endfacet
facet normal 0.9999999999999999 0 0
outer loop
vertex 27.29987433333333 0 2.2949866666666665
vertex 27.29987433333333 16.000166333333333 0
vertex 27.29987433333333 16.274246666666667 0
endloop
endfacet
facet normal 1 0 0
outer loop
vertex 27.29987433333333 0 2.2949866666666665
vertex 27.29987433333333 16.274246666666667 0
vertex 27.29987433333333 16.543675 0
endloop
endfacet
facet normal 1 0 0
outer loop
vertex 27.29987433333333 0 2.2949866666666665
vertex 27.29987433333333 16.543675 0
vertex 27.29987433333333 16.80379933333333 0
endloop
endfacet
facet normal 1 0 0
outer loop
vertex 27.29987433333333 0 2.2949866666666665
vertex 27.29987433333333 16.80379933333333 0
vertex 27.29987433333333 17.049967666666664 0
endloop
endfacet
facet normal 1 0 0
outer loop
vertex 27.29987433333333 0 2.2949866666666665
vertex 27.29987433333333 17.049967666666664 0
vertex 27.29987433333333 17.278303333333334 0
endloop
endfacet
facet normal 0.9999999999999999 0 0
outer loop
vertex 27.29987433333333 0 2.2949866666666665
vertex 27.29987433333333 17.278303333333334 0
vertex 27.29987433333333 17.484929666666666 0
endloop
endfacet
facet normal 1 0 0
outer loop
vertex 27.29987433333333 0 2.2949866666666665
vertex 27.29987433333333 17.484929666666666 0
vertex 27.29987433333333 17.665969999999998 0
endloop
endfacet
facet normal 1 0 0
outer loop
vertex 27.29987433333333 0 2.2949866666666665
vertex 27.29987433333333 17.665969999999998 0
vertex 27.29987433333333 17.818710666666664 0
endloop
endfacet
facet normal 1 0 0
outer loop
vertex 27.29987433333333 0 2.2949866666666665
vertex 27.29987433333333 17.818710666666664 0
vertex 27.29987433333333 17.940050333333332 0
endloop
endfacet
facet normal 1 0 0
outer loop
vertex 27.29987433333333 0 2.2949866666666665
vertex 27.29987433333333 17.940050333333332 0
vertex 27.29987433333333 18.028438333333334 0
endloop
endfacet
facet normal 0.9999999999999999 0 0
outer loop
vertex 27.29987433333333 0 2.2949866666666665
vertex 27.29987433333333 18.028438333333334 0
vertex 27.29987433333333 18.08193633333333 0
endloop
endfacet
facet normal 1 0 0
outer loop
vertex 27.29987433333333 0 2.2949866666666665
vertex 27.29987433333333 18.08193633333333 0
vertex 27.29987433333333 18.100156666666667 0
endloop
endfacet
facet normal 1 0 0
outer loop
vertex 27.29987433333333 0 2.2949866666666665
vertex 27.29987433333333 18.100156666666667 0
vertex 27.29987433333333 21.800047333333332 0
endloop
endfacet
facet normal 1 0 0
outer loop
vertex 27.29987433333333 0 2.2949866666666665
vertex 27.29987433333333 21.800047333333332 0
vertex 27.29987433333333 21.800047333333332 3.9999446666666665
endloop
endfacet
facet normal 1 0 0
outer loop
vertex 27.29987433333333 0 2.2949866666666665
vertex 27.29987433333333 21.800047333333332 3.9999446666666665
vertex 27.29987433333333 21.73957133333333 3.9999446666666665
endloop
endfacet
facet normal 0.9978724924476199 0.06519577299468673 0
outer loop
vertex 27.29987433333333 21.800047333333332 3.9999446666666665
vertex 27.29987433333333 21.800047333333332 0
vertex 27.252966666666666 22.518006 0
endloop
endfacet
facet normal 0.9978724924476199 0.06519577299468673 0
outer loop
vertex 27.29987433333333 21.800047333333332 3.9999446666666665
vertex 27.252966666666666 22.518006 0
vertex 27.252966666666666 22.518006 3.9999446666666665
endloop
endfacet
facet normal 0.9807873950507624 0.1950796906639428 0
outer loop
vertex 27.252966666666666 22.518006 3.9999446666666665
vertex 27.252966666666666 22.518006 0
vertex 27.112631333333333 23.22355933333333 0
endloop
endfacet
facet normal 0.9807873950507624 0.1950796906639428 0
outer loop
vertex 27.252966666666666 22.518006 3.9999446666666665
vertex 27.112631333333333 23.22355933333333 0
vertex 27.112631333333333 23.22355933333333 3.9999446666666665
endloop
endfacet
facet normal 0.946835137374719 0.3217191673379081 0
outer loop
vertex 27.112631333333333 23.22355933333333 3.9999446666666665
vertex 27.112631333333333 23.22355933333333 0
vertex 26.881194333333333 23.904689666666666 0
endloop
endfacet
facet normal 0.946835137374719 0.3217191673379081 0
outer loop
vertex 27.112631333333333 23.22355933333333 3.9999446666666665
vertex 26.881194333333333 23.904689666666666 0
vertex 26.881194333333333 23.904689666666666 3.9999446666666665
endloop
endfacet
facet normal 0.8971049710999581 0.44181746324442983 0
outer loop
vertex 26.881194333333333 23.904689666666666 3.9999446666666665
vertex 26.881194333333333 23.904689666666666 0
vertex 26.563307666666663 24.550154666666664 0
endloop
endfacet
facet normal 0.8971049710999581 0.44181746324442983 0
outer loop
vertex 26.881194333333333 23.904689666666666 3.9999446666666665
vertex 26.563307666666663 24.550154666666664 0
vertex 26.563307666666663 24.550154666666664 3.9999446666666665
endloop
endfacet
facet normal 0.8314695222692932 0.5555703677638626 0
outer loop
vertex 26.563307666666663 24.550154666666664 3.9999446666666665
vertex 26.563307666666663 24.550154666666664 0
vertex 26.16362333333333 25.14832433333333 0
endloop
endfacet
facet normal 0.8314695222692932 0.5555703677638626 0
outer loop
vertex 26.563307666666663 24.550154666666664 3.9999446666666665
vertex 26.16362333333333 25.14832433333333 0
vertex 26.16362333333333 25.14832433333333 3.9999446666666665
endloop
endfacet
facet normal 0.7516747526672806 0.6595339765338724 0
outer loop
vertex 26.16362333333333 25.14832433333333 3.9999446666666665
vertex 26.16362333333333 25.14832433333333 0
vertex 25.68911933333333 25.68911933333333 0
endloop
endfacet
facet normal 0.7516747526672806 0.6595339765338724 0
outer loop
vertex 26.16362333333333 25.14832433333333 3.9999446666666665
vertex 25.68911933333333 25.68911933333333 0
vertex 25.68911933333333 25.68911933333333 3.9999446666666665
endloop
endfacet
facet normal 0.6595339765338724 0.7516747526672806 0
outer loop
vertex 25.68911933333333 25.68911933333333 3.9999446666666665
vertex 25.68911933333333 25.68911933333333 0
vertex 25.14832433333333 26.16362333333333 0
endloop
endfacet
facet normal 0.6595339765338724 0.7516747526672806 0
outer loop
vertex 25.68911933333333 25.68911933333333 3.9999446666666665
vertex 25.14832433333333 26.16362333333333 0
vertex 25.14832433333333 26.16362333333333 3.9999446666666665
endloop
endfacet
facet normal 0.5555703677638626 0.8314695222692932 0
outer loop
vertex 25.14832433333333 26.16362333333333 3.9999446666666665
vertex 25.14832433333333 26.16362333333333 0
vertex 24.550154666666664 26.563307666666663 0
endloop
endfacet
facet normal 0.5555703677638626 0.8314695222692932 0
outer loop
vertex 25.14832433333333 26.16362333333333 3.9999446666666665
vertex 24.550154666666664 26.563307666666663 0
vertex 24.550154666666664 26.563307666666663 3.9999446666666665
endloop
endfacet
facet normal 0.44181746324442983 0.8971049710999581 0
outer loop
vertex 24.550154666666664 26.563307666666663 3.9999446666666665
vertex 24.550154666666664 26.563307666666663 0
vertex 23.904689666666666 26.881194333333333 0
endloop
endfacet
facet normal 0.44181746324442983 0.8971049710999581 0
outer loop
vertex 24.550154666666664 26.563307666666663 3.9999446666666665
vertex 23.904689666666666 26.881194333333333 0
vertex 23.904689666666666 26.881194333333333 3.9999446666666665
endloop
endfacet
facet normal 0.3217191673379081 0.946835137374719 0
outer loop
vertex 23.904689666666666 26.881194333333333 3.9999446666666665
vertex 23.904689666666666 26.881194333333333 0
vertex 23.22355933333333 27.112631333333333 0
endloop
endfacet
facet normal 0.3217191673379081 0.946835137374719 0
outer loop
vertex 23.904689666666666 26.881194333333333 3.9999446666666665
vertex 23.22355933333333 27.112631333333333 0
vertex 23.22355933333333 27.112631333333333 3.9999446666666665
endloop
endfacet
facet normal 0.1950796906639428 0.9807873950507624 0
outer loop
vertex 23.22355933333333 27.112631333333333 3.9999446666666665
vertex 23.22355933333333 27.112631333333333 0
vertex 22.518006 27.252966666666666 0
endloop
endfacet
facet normal 0.1950796906639428 0.9807873950507624 0
outer loop
vertex 23.22355933333333 27.112631333333333 3.9999446666666665
vertex 22.518006 27.252966666666666 0
vertex 22.518006 27.252966666666666 3.9999446666666665
endloop
endfacet
facet normal 0.06519577299468673 0.9978724924476199 0
outer loop
vertex 22.518006 27.252966666666666 3.9999446666666665
vertex 22.518006 27.252966666666666 0
vertex 21.800047333333332 27.29987433333333 0
endloop
endfacet
facet normal 0.06519577299468673 0.9978724924476199 0
outer loop
vertex 22.518006 27.252966666666666 3.9999446666666665
vertex 21.800047333333332 27.29987433333333 0
vertex 21.800047333333332 27.29987433333333 3.9999446666666665
endloop
endfacet
facet normal 0 0.9999999999999999 0
outer loop
vertex 21.800047333333332 27.29987433333333 3.9999446666666665
vertex 21.800047333333332 27.29987433333333 0
vertex -21.800047333333332 27.29987433333333 0
endloop
endfacet
facet normal 0 0.9999999999999999 0
outer loop
vertex 21.800047333333332 27.29987433333333 3.9999446666666665
vertex -21.800047333333332 27.29987433333333 0
vertex -21.800047333333332 27.29987433333333 3.9999446666666665
endloop
endfacet
facet normal -0.06519577299468673 0.9978724924476199 0
outer loop
vertex -21.800047333333332 27.29987433333333 3.9999446666666665
vertex -21.800047333333332 27.29987433333333 0
vertex -22.518006 27.252966666666666 0
endloop
endfacet
facet normal -0.06519577299468673 0.9978724924476199 0
outer loop
vertex -21.800047333333332 27.29987433333333 3.9999446666666665
vertex -22.518006 27.252966666666666 0
vertex -22.518006 27.252966666666666 3.9999446666666665
endloop
endfacet
facet normal -0.1950796906639428 0.9807873950507624 0
outer loop
vertex -22.518006 27.252966666666666 3.9999446666666665
vertex -22.518006 27.252966666666666 0
vertex -23.22355933333333 27.112631333333333 0
endloop
endfacet
facet normal -0.1950796906639428 0.9807873950507624 0
outer loop
vertex -22.518006 27.252966666666666 3.9999446666666665
vertex -23.22355933333333 27.112631333333333 0
vertex -23.22355933333333 27.112631333333333 3.9999446666666665
endloop
endfacet
facet normal -0.3217191673379081 0.946835137374719 0
outer loop
vertex -23.22355933333333 27.112631333333333 3.9999446666666665
vertex -23.22355933333333 27.112631333333333 0
vertex -23.904689666666666 26.881194333333333 0
endloop
endfacet
facet normal -0.3217191673379081 0.946835137374719 0
outer loop
vertex -23.22355933333333 27.112631333333333 3.9999446666666665
vertex -23.904689666666666 26.881194333333333 0
vertex -23.904689666666666 26.881194333333333 3.9999446666666665
endloop
endfacet
facet normal -0.44181746324442983 0.8971049710999581 0
outer loop
vertex -23.904689666666666 26.881194333333333 3.9999446666666665
vertex -23.904689666666666 26.881194333333333 0
vertex -24.550154666666664 26.563307666666663 0
endloop
endfacet
facet normal -0.44181746324442983 0.8971049710999581 0
outer loop
vertex -23.904689666666666 26.881194333333333 3.9999446666666665
vertex -24.550154666666664 26.563307666666663 0
vertex -24.550154666666664 26.563307666666663 3.9999446666666665
endloop
endfacet
facet normal -0.5555703677638626 0.8314695222692932 0
outer loop
vertex -24.550154666666664 26.563307666666663 3.9999446666666665
vertex -24.550154666666664 26.563307666666663 0
vertex -25.14832433333333 26.16362333333333 0
endloop
endfacet
facet normal -0.5555703677638626 0.8314695222692932 0
outer loop
vertex -24.550154666666664 26.563307666666663 3.9999446666666665
vertex -25.14832433333333 26.16362333333333 0
vertex -25.14832433333333 26.16362333333333 3.9999446666666665
endloop
endfacet
facet normal -0.6595339765338724 0.7516747526672806 0
outer loop
vertex -25.14832433333333 26.16362333333333 3.9999446666666665
vertex -25.14832433333333 26.16362333333333 0
vertex -25.68911933333333 25.68911933333333 0
endloop
endfacet
facet normal -0.6595339765338724 0.7516747526672806 0
outer loop
vertex -25.14832433333333 26.16362333333333 3.9999446666666665
vertex -25.68911933333333 25.68911933333333 0
vertex -25.68911933333333 25.68911933333333 3.9999446666666665
endloop
endfacet
facet normal -0.7516747526672806 0.6595339765338724 0
outer loop
vertex -25.68911933333333 25.68911933333333 3.9999446666666665
vertex -25.68911933333333 25.68911933333333 0
vertex -26.16362333333333 25.14832433333333 0
endloop
endfacet
facet normal -0.7516747526672806 0.6595339765338724 0
outer loop
vertex -25.68911933333333 25.68911933333333 3.9999446666666665
vertex -26.16362333333333 25.14832433333333 0
vertex -26.16362333333333 25.14832433333333 3.9999446666666665
endloop
endfacet
facet normal -0.8314695222692932 0.5555703677638626 0
outer loop
vertex -26.16362333333333 25.14832433333333 3.9999446666666665
vertex -26.16362333333333 25.14832433333333 0
vertex -26.563307666666663 24.550154666666664 0
endloop
endfacet
facet normal -0.8314695222692932 0.5555703677638626 0
outer loop
vertex -26.16362333333333 25.14832433333333 3.9999446666666665
vertex -26.563307666666663 24.550154666666664 0
vertex -26.563307666666663 24.550154666666664 3.9999446666666665
endloop
endfacet
facet normal -0.8971049710999581 0.44181746324442983 0
outer loop
vertex -26.563307666666663 24.550154666666664 3.9999446666666665
vertex -26.563307666666663 24.550154666666664 0
vertex -26.881194333333333 23.904689666666666 0
endloop
endfacet
facet normal -0.8971049710999581 0.44181746324442983 0
outer loop
vertex -26.563307666666663 24.550154666666664 3.9999446666666665
vertex -26.881194333333333 23.904689666666666 0
vertex -26.881194333333333 23.904689666666666 3.9999446666666665
endloop
endfacet
facet normal -0.946835137374719 0.3217191673379081 0
outer loop
vertex -26.881194333333333 23.904689666666666 3.9999446666666665
vertex -26.881194333333333 23.904689666666666 0
vertex -27.112631333333333 23.22355933333333 0
endloop
endfacet
facet normal -0.946835137374719 0.3217191673379081 0
outer loop
vertex -26.881194333333333 23.904689666666666 3.9999446666666665
vertex -27.112631333333333 23.22355933333333 0
vertex -27.112631333333333 23.22355933333333 3.9999446666666665
endloop
endfacet
facet normal -0.9807873950507624 0.1950796906639428 0
outer loop
vertex -27.112631333333333 23.22355933333333 3.9999446666666665
vertex -27.112631333333333 23.22355933333333 0
vertex -27.252966666666666 22.518006 0
endloop
endfacet
facet normal -0.9807873950507624 0.1950796906639428 0
outer loop
vertex -27.112631333333333 23.22355933333333 3.9999446666666665
vertex -27.252966666666666 22.518006 0
vertex -27.252966666666666 22.518006 3.9999446666666665
endloop
endfacet
facet normal -0.9978724924476199 0.06519577299468673 0
outer loop
vertex -27.252966666666666 22.518006 3.9999446666666665
vertex -27.252966666666666 22.518006 0
vertex -27.29987433333333 21.800047333333332 0
endloop
endfacet
facet normal -0.9978724924476199 0.06519577299468673 0
outer loop
vertex -27.252966666666666 22.518006 3.9999446666666665
vertex -27.29987433333333 21.800047333333332 0
vertex -27.29987433333333 21.800047333333332 3.9999446666666665
endloop
endfacet
facet normal -1 0 0
outer loop
vertex -27.29987433333333 0 2.2949866666666665
vertex -27.29987433333333 -21.73957133333333 3.9999446666666665
vertex -27.29987433333333 -21.486812666666665 3.9999446666666665
endloop
endfacet
facet normal -1 0 0
outer loop
vertex -27.29987433333333 0 2.2949866666666665
vertex -27.29987433333333 -21.486812666666665 3.9999446666666665
vertex -27.29987433333333 -21.249948333333332 3.9999446666666665
endloop
endfacet
facet normal -1 0 0
outer loop
vertex -27.29987433333333 0 2.2949866666666665
vertex -27.29987433333333 -21.249948333333332 3.9999446666666665
vertex -27.29987433333333 -21.03595633333333 3.9999446666666665
endloop
endfacet
facet normal -1 0 0
outer loop
vertex -27.29987433333333 0 2.2949866666666665
vertex -27.29987433333333 -21.03595633333333 3.9999446666666665
vertex -27.29987433333333 -20.851039333333333 3.9999446666666665
endloop
endfacet
facet normal -1 0 0
outer loop
vertex -27.29987433333333 0 2.2949866666666665
vertex -27.29987433333333 -20.851039333333333 3.9999446666666665
vertex -27.29987433333333 -20.70101233333333 3.9999446666666665
endloop
endfacet
facet normal -1 0 0
outer loop
vertex -27.29987433333333 0 2.2949866666666665
vertex -27.29987433333333 -20.70101233333333 3.9999446666666665
vertex -27.29987433333333 -20.59052733333333 3.9999446666666665
endloop
endfacet
facet normal -0.9999999999999999 0 0
outer loop
vertex -27.29987433333333 0 2.2949866666666665
vertex -27.29987433333333 -20.59052733333333 3.9999446666666665
vertex -27.29987433333333 -20.522685666666664 3.9999446666666665
endloop
endfacet
facet normal -1 0 0
outer loop
vertex -27.29987433333333 0 2.2949866666666665
vertex -27.29987433333333 -20.522685666666664 3.9999446666666665
vertex -27.29987433333333 -20.499813333333332 3.9999446666666665
endloop
endfacet
facet normal -1 0 0
outer loop
vertex -27.29987433333333 0 2.2949866666666665
vertex -27.29987433333333 -20.499813333333332 3.9999446666666665
vertex -27.29987433333333 -18.100156666666667 3.9999446666666665
endloop
endfacet
facet normal -1 0 0
outer loop
vertex -27.29987433333333 0 2.2949866666666665
vertex -27.29987433333333 -18.100156666666667 3.9999446666666665
vertex -27.29987433333333 -18.08193633333333 3.9999446666666665
endloop
endfacet
facet normal -1 0 0
outer loop
vertex -27.29987433333333 0 2.2949866666666665
vertex -27.29987433333333 -18.08193633333333 3.9999446666666665
vertex -27.29987433333333 -18.028438333333334 3.9999446666666665
endloop
endfacet
facet normal -1 0 0
outer loop
vertex -27.29987433333333 0 2.2949866666666665
vertex -27.29987433333333 -18.028438333333334 3.9999446666666665
vertex -27.29987433333333 -17.940050333333332 3.9999446666666665
endloop
endfacet
facet normal -1 0 0
outer loop
vertex -27.29987433333333 0 2.2949866666666665
vertex -27.29987433333333 -17.940050333333332 3.9999446666666665
vertex -27.29987433333333 -17.818710666666664 3.9999446666666665
endloop
endfacet
facet normal -1 0 0
outer loop
vertex -27.29987433333333 0 2.2949866666666665
vertex -27.29987433333333 -17.818710666666664 3.9999446666666665
vertex -27.29987433333333 -17.665969999999998 3.9999446666666665
endloop
endfacet
facet normal -0.9999999999999999 0 0
outer loop
vertex -27.29987433333333 0 2.2949866666666665
vertex -27.29987433333333 -17.665969999999998 3.9999446666666665
vertex -27.29987433333333 -17.484929666666666 3.9999446666666665
endloop
endfacet
facet normal -1 0 0
outer loop
vertex -27.29987433333333 0 2.2949866666666665
vertex -27.29987433333333 -17.484929666666666 3.9999446666666665
vertex -27.29987433333333 -17.278303333333334 3.9999446666666665
endloop
endfacet
facet normal -1 0 0
outer loop
vertex -27.29987433333333 0 2.2949866666666665
vertex -27.29987433333333 -17.278303333333334 3.9999446666666665
vertex -27.29987433333333 -17.049967666666664 3.9999446666666665
endloop
endfacet
facet normal -1 0 0
outer loop
vertex -27.29987433333333 0 2.2949866666666665
vertex -27.29987433333333 -17.049967666666664 3.9999446666666665
vertex -27.29987433333333 -16.80379933333333 3.9999446666666665
endloop
endfacet
facet normal -0.9999999999999999 0 0
outer loop
vertex -27.29987433333333 0 2.2949866666666665
vertex -27.29987433333333 -16.80379933333333 3.9999446666666665
vertex -27.29987433333333 -16.543675 3.9999446666666665
endloop
endfacet
facet normal -1 0 0
outer loop
vertex -27.29987433333333 0 2.2949866666666665
vertex -27.29987433333333 -16.543675 3.9999446666666665
vertex -27.29987433333333 -16.274246666666667 3.9999446666666665
endloop
endfacet
facet normal -1 0 0
outer loop
vertex -27.29987433333333 0 2.2949866666666665
vertex -27.29987433333333 -16.274246666666667 3.9999446666666665
vertex -27.29987433333333 -16.000166333333333 3.9999446666666665
endloop
endfacet
facet normal -1 0 0
outer loop
vertex -27.29987433333333 0 2.2949866666666665
vertex -27.29987433333333 -16.000166333333333 3.9999446666666665
vertex -27.29987433333333 -15.726085999999999 3.9999446666666665
endloop
endfacet
facet normal -1 0 0
outer loop
vertex -27.29987433333333 0 2.2949866666666665
vertex -27.29987433333333 -15.726085999999999 3.9999446666666665
vertex -27.29987433333333 -15.456657666666665 3.9999446666666665
endloop
endfacet
facet normal -1 0 0
outer loop
vertex -27.29987433333333 0 2.2949866666666665
vertex -27.29987433333333 -15.456657666666665 3.9999446666666665
vertex -27.29987433333333 -15.196533333333333 3.9999446666666665
endloop
endfacet
facet normal -1 0 0
outer loop
vertex -27.29987433333333 0 2.2949866666666665
vertex -27.29987433333333 -15.196533333333333 3.9999446666666665
vertex -27.29987433333333 -14.949977333333333 3.9999446666666665
endloop
endfacet
facet normal -1 0 0
outer loop
vertex -27.29987433333333 0 2.2949866666666665
vertex -27.29987433333333 -14.949977333333333 3.9999446666666665
vertex -27.29987433333333 -14.721641666666665 3.9999446666666665
endloop
endfacet
facet normal -1 0 0
outer loop
vertex -27.29987433333333 0 2.2949866666666665
vertex -27.29987433333333 -14.721641666666665 3.9999446666666665
vertex -27.29987433333333 -14.515015333333332 3.9999446666666665
endloop
endfacet
facet normal -1 0 0
outer loop
vertex -27.29987433333333 0 2.2949866666666665
vertex -27.29987433333333 -14.515015333333332 3.9999446666666665
vertex -27.29987433333333 -14.333974999999999 3.9999446666666665
endloop
endfacet
facet normal -1 0 0
outer loop
vertex -27.29987433333333 0 2.2949866666666665
vertex -27.29987433333333 -14.333974999999999 3.9999446666666665
vertex -27.29987433333333 -14.181234333333332 3.9999446666666665
endloop
endfacet
facet normal -1 0 0
outer loop
vertex -27.29987433333333 0 2.2949866666666665
vertex -27.29987433333333 -14.181234333333332 3.9999446666666665
vertex -27.29987433333333 -14.059894666666665 3.9999446666666665
endloop
endfacet
facet normal -1 0 0
outer loop
vertex -27.29987433333333 0 2.2949866666666665
vertex -27.29987433333333 -14.059894666666665 3.9999446666666665
vertex -27.29987433333333 -13.971506666666667 3.9999446666666665
endloop
endfacet
facet normal -1 0 0
outer loop
vertex -27.29987433333333 0 2.2949866666666665
vertex -27.29987433333333 -13.971506666666667 3.9999446666666665
vertex -27.29987433333333 -13.918008666666665 3.9999446666666665
endloop
endfacet
facet normal -1 0 0
outer loop
vertex -27.29987433333333 0 2.2949866666666665
vertex -27.29987433333333 -13.918008666666665 3.9999446666666665
vertex -27.29987433333333 -13.900175999999998 3.9999446666666665
endloop
endfacet
facet normal -1 0 0
outer loop
vertex -27.29987433333333 0 2.2949866666666665
vertex -27.29987433333333 -13.900175999999998 3.9999446666666665
vertex -27.29987433333333 13.900175999999998 3.9999446666666665
endloop
endfacet
facet normal -1 0 0
outer loop
vertex -27.29987433333333 0 2.2949866666666665
vertex -27.29987433333333 13.900175999999998 3.9999446666666665
vertex -27.29987433333333 13.918008666666665 3.9999446666666665
endloop
endfacet
facet normal -1 0 0
outer loop
vertex -27.29987433333333 0 2.2949866666666665
vertex -27.29987433333333 13.918008666666665 3.9999446666666665
vertex -27.29987433333333 13.971506666666667 3.9999446666666665
endloop
endfacet
facet normal -1 0 0
outer loop
vertex -27.29987433333333 0 2.2949866666666665
vertex -27.29987433333333 13.971506666666667 3.9999446666666665
vertex -27.29987433333333 14.059894666666665 3.9999446666666665
endloop
endfacet
facet normal -1 0 0
outer loop
vertex -27.29987433333333 0 2.2949866666666665
vertex -27.29987433333333 14.059894666666665 3.9999446666666665
vertex -27.29987433333333 14.181234333333332 3.9999446666666665
endloop
endfacet
facet normal -1 0 0
outer loop
vertex -27.29987433333333 0 2.2949866666666665
vertex -27.29987433333333 14.181234333333332 3.9999446666666665
vertex -27.29987433333333 14.333974999999999 3.9999446666666665
endloop
endfacet
facet normal -1 0 0
outer loop
vertex -27.29987433333333 0 2.2949866666666665
vertex -27.29987433333333 14.333974999999999 3.9999446666666665
vertex -27.29987433333333 14.515015333333332 3.9999446666666665
endloop
endfacet
facet normal -1 0 0
outer loop
vertex -27.29987433333333 0 2.2949866666666665
vertex -27.29987433333333 14.515015333333332 3.9999446666666665
vertex -27.29987433333333 14.721641666666665 3.9999446666666665
endloop
endfacet
facet normal -1 0 0
outer loop
vertex -27.29987433333333 0 2.2949866666666665
vertex -27.29987433333333 14.721641666666665 3.9999446666666665
vertex -27.29987433333333 14.949977333333333 3.9999446666666665
endloop
endfacet
facet normal -1 0 0
outer loop
vertex -27.29987433333333 0 2.2949866666666665
vertex -27.29987433333333 14.949977333333333 3.9999446666666665
vertex -27.29987433333333 15.196533333333333 3.9999446666666665
endloop
endfacet
facet normal -1 0 0
outer loop
vertex -27.29987433333333 0 2.2949866666666665
vertex -27.29987433333333 15.196533333333333 3.9999446666666665
vertex -27.29987433333333 15.456657666666665 3.9999446666666665
endloop
endfacet
facet normal -1 0 0
outer loop
vertex -27.29987433333333 0 2.2949866666666665
vertex -27.29987433333333 15.456657666666665 3.9999446666666665
vertex -27.29987433333333 15.726085999999999 3.9999446666666665
endloop
endfacet
facet normal -1 0 0
outer loop
vertex -27.29987433333333 0 2.2949866666666665
vertex -27.29987433333333 15.726085999999999 3.9999446666666665
vertex -27.29987433333333 16.000166333333333 3.9999446666666665
endloop
endfacet
facet normal -1 0 0
outer loop
vertex -27.29987433333333 0 2.2949866666666665
vertex -27.29987433333333 16.000166333333333 3.9999446666666665
vertex -27.29987433333333 16.274246666666667 3.9999446666666665
endloop
endfacet
facet normal -1 0 0
outer loop
vertex -27.29987433333333 0 2.2949866666666665
vertex -27.29987433333333 16.274246666666667 3.9999446666666665
vertex -27.29987433333333 16.543675 3.9999446666666665
endloop
endfacet
facet normal -0.9999999999999999 0 0
outer loop
vertex -27.29987433333333 0 2.2949866666666665
vertex -27.29987433333333 16.543675 3.9999446666666665
vertex -27.29987433333333 16.80379933333333 3.9999446666666665
endloop
endfacet
facet normal -1 0 0
outer loop
vertex -27.29987433333333 0 2.2949866666666665
vertex -27.29987433333333 16.80379933333333 3.9999446666666665
vertex -27.29987433333333 17.049967666666664 3.9999446666666665
endloop
endfacet
facet normal -1 0 0
outer loop
vertex -27.29987433333333 0 2.2949866666666665
vertex -27.29987433333333 17.049967666666664 3.9999446666666665
vertex -27.29987433333333 17.278303333333334 3.9999446666666665
endloop
endfacet
facet normal -1 0 0
outer loop
vertex -27.29987433333333 0 2.2949866666666665
vertex -27.29987433333333 17.278303333333334 3.9999446666666665
vertex -27.29987433333333 17.484929666666666 3.9999446666666665
endloop
endfacet
facet normal -0.9999999999999999 0 0
outer loop
vertex -27.29987433333333 0 2.2949866666666665
vertex -27.29987433333333 17.484929666666666 3.9999446666666665
vertex -27.29987433333333 17.665969999999998 3.9999446666666665
endloop
endfacet
facet normal -1 0 0
outer loop
vertex -27.29987433333333 0 2.2949866666666665
vertex -27.29987433333333 17.665969999999998 3.9999446666666665
vertex -27.29987433333333 17.818710666666664 3.9999446666666665
endloop
endfacet
facet normal -1 0 0
outer loop
vertex -27.29987433333333 0 2.2949866666666665
vertex -27.29987433333333 17.818710666666664 3.9999446666666665
vertex -27.29987433333333 17.940050333333332 3.9999446666666665
endloop
endfacet
facet normal -1 0 0
outer loop
vertex -27.29987433333333 0 2.2949866666666665
vertex -27.29987433333333 17.940050333333332 3.9999446666666665
vertex -27.29987433333333 18.028438333333334 3.9999446666666665
endloop
endfacet
facet normal -1 0 0
outer loop
vertex -27.29987433333333 0 2.2949866666666665
vertex -27.29987433333333 18.028438333333334 3.9999446666666665
vertex -27.29987433333333 18.08193633333333 3.9999446666666665
endloop
endfacet
facet normal -1 0 0
outer loop
vertex -27.29987433333333 0 2.2949866666666665
vertex -27.29987433333333 18.08193633333333 3.9999446666666665
vertex -27.29987433333333 18.100156666666667 3.9999446666666665
endloop
endfacet
facet normal -1 0 0
outer loop
vertex -27.29987433333333 0 2.2949866666666665
vertex -27.29987433333333 18.100156666666667 3.9999446666666665
vertex -27.29987433333333 20.499813333333332 3.9999446666666665
endloop
endfacet
facet normal -1 0 0
outer loop
vertex -27.29987433333333 0 2.2949866666666665
vertex -27.29987433333333 20.499813333333332 3.9999446666666665
vertex -27.29987433333333 20.522685666666664 3.9999446666666665
endloop
endfacet
facet normal -0.9999999999999999 0 0
outer loop
vertex -27.29987433333333 0 2.2949866666666665
vertex -27.29987433333333 20.522685666666664 3.9999446666666665
vertex -27.29987433333333 20.59052733333333 3.9999446666666665
endloop
endfacet
facet normal -1 0 0
outer loop
vertex -27.29987433333333 0 2.2949866666666665
vertex -27.29987433333333 20.59052733333333 3.9999446666666665
vertex -27.29987433333333 20.70101233333333 3.9999446666666665
endloop
endfacet
facet normal -1 0 0
outer loop
vertex -27.29987433333333 0 2.2949866666666665
vertex -27.29987433333333 20.70101233333333 3.9999446666666665
vertex -27.29987433333333 20.851039333333333 3.9999446666666665
endloop
endfacet
facet normal -1 0 0
outer loop
vertex -27.29987433333333 0 2.2949866666666665
vertex -27.29987433333333 20.851039333333333 3.9999446666666665
vertex -27.29987433333333 21.03595633333333 3.9999446666666665
endloop
endfacet
facet normal -1 0 0
outer loop
vertex -27.29987433333333 0 2.2949866666666665
vertex -27.29987433333333 21.03595633333333 3.9999446666666665
vertex -27.29987433333333 21.249948333333332 3.9999446666666665
endloop
endfacet
facet normal -1 0 0
outer loop
vertex -27.29987433333333 0 2.2949866666666665
vertex -27.29987433333333 21.249948333333332 3.9999446666666665
vertex -27.29987433333333 21.486812666666665 3.9999446666666665
endloop
endfacet
facet normal -1 0 0
outer loop
vertex -27.29987433333333 0 2.2949866666666665
vertex -27.29987433333333 21.486812666666665 3.9999446666666665
vertex -27.29987433333333 21.73957133333333 3.9999446666666665
endloop
endfacet
facet normal -1 0 0
outer loop
vertex -27.29987433333333 0 2.2949866666666665
vertex -27.29987433333333 21.73957133333333 3.9999446666666665
vertex -27.29987433333333 21.800047333333332 3.9999446666666665
endloop
endfacet
facet normal -1 0 0
outer loop
vertex -27.29987433333333 0 2.2949866666666665
vertex -27.29987433333333 21.800047333333332 3.9999446666666665
vertex -27.29987433333333 21.800047333333332 0
endloop
endfacet
facet normal -1 0 0
outer loop
vertex -27.29987433333333 0 2.2949866666666665
vertex -27.29987433333333 21.800047333333332 0
vertex -27.29987433333333 18.100156666666667 0
endloop
endfacet
facet normal -1 0 0
outer loop
vertex -27.29987433333333 0 2.2949866666666665
vertex -27.29987433333333 18.100156666666667 0
vertex -27.29987433333333 18.08193633333333 0
endloop
endfacet
facet normal -0.9999999999999999 0 0
outer loop
vertex -27.29987433333333 0 2.2949866666666665
vertex -27.29987433333333 18.08193633333333 0
vertex -27.29987433333333 18.028438333333334 0
endloop
endfacet
facet normal -1 0 0
outer loop
vertex -27.29987433333333 0 2.2949866666666665
vertex -27.29987433333333 18.028438333333334 0
vertex -27.29987433333333 17.940050333333332 0
endloop
endfacet
facet normal -1 0 0
outer loop
vertex -27.29987433333333 0 2.2949866666666665
vertex -27.29987433333333 17.940050333333332 0
vertex -27.29987433333333 17.818710666666664 0
endloop
endfacet
facet normal -1 0 0
outer loop
vertex -27.29987433333333 0 2.2949866666666665
vertex -27.29987433333333 17.818710666666664 0
vertex -27.29987433333333 17.665969999999998 0
endloop
endfacet
facet normal -1 0 0
outer loop
vertex -27.29987433333333 0 2.2949866666666665
vertex -27.29987433333333 17.665969999999998 0
vertex -27.29987433333333 17.484929666666666 0
endloop
endfacet
facet normal -0.9999999999999999 0 0
outer loop
vertex -27.29987433333333 0 2.2949866666666665
vertex -27.29987433333333 17.484929666666666 0
vertex -27.29987433333333 17.278303333333334 0
endloop
endfacet
facet normal -1 0 0
outer loop
vertex -27.29987433333333 0 2.2949866666666665
vertex -27.29987433333333 17.278303333333334 0
vertex -27.29987433333333 17.049967666666664 0
endloop
endfacet
facet normal -1 0 0
outer loop
vertex -27.29987433333333 0 2.2949866666666665
vertex -27.29987433333333 17.049967666666664 0
vertex -27.29987433333333 16.80379933333333 0
endloop
endfacet
facet normal -1 0 0
outer loop
vertex -27.29987433333333 0 2.2949866666666665
vertex -27.29987433333333 16.80379933333333 0
vertex -27.29987433333333 16.543675 0
endloop
endfacet
facet normal -1 0 0
outer loop
vertex -27.29987433333333 0 2.2949866666666665
vertex -27.29987433333333 16.543675 0
vertex -27.29987433333333 16.274246666666667 0
endloop
endfacet
facet normal -0.9999999999999999 0 0
outer loop
vertex -27.29987433333333 0 2.2949866666666665
vertex -27.29987433333333 16.274246666666667 0
vertex -27.29987433333333 16.000166333333333 0
endloop
endfacet
facet normal -1 0 0
outer loop
vertex -27.29987433333333 0 2.2949866666666665
vertex -27.29987433333333 16.000166333333333 0
vertex -27.29987433333333 15.726085999999999 0
endloop
endfacet
facet normal -1 0 0
outer loop
vertex -27.29987433333333 0 2.2949866666666665
vertex -27.29987433333333 15.726085999999999 0
vertex -27.29987433333333 15.456657666666665 0
endloop
endfacet
facet normal -1 0 0
outer loop
vertex -27.29987433333333 0 2.2949866666666665
vertex -27.29987433333333 15.456657666666665 0
vertex -27.29987433333333 15.196533333333333 0
endloop
endfacet
facet normal -1 0 0
outer loop
vertex -27.29987433333333 0 2.2949866666666665
vertex -27.29987433333333 15.196533333333333 0
vertex -27.29987433333333 14.949977333333333 0
endloop
endfacet
facet normal -1 0 0
outer loop
vertex -27.29987433333333 0 2.2949866666666665
vertex -27.29987433333333 14.949977333333333 0
vertex -27.29987433333333 14.721641666666665 0
endloop
endfacet
facet normal -1 0 0
outer loop
vertex -27.29987433333333 0 2.2949866666666665
vertex -27.29987433333333 14.721641666666665 0
vertex -27.29987433333333 14.515015333333332 0
endloop
endfacet
facet normal -1 0 0
outer loop
vertex -27.29987433333333 0 2.2949866666666665
vertex -27.29987433333333 14.515015333333332 0
vertex -27.29987433333333 14.333974999999999 0
endloop
endfacet
facet normal -1 0 0
outer loop
vertex -27.29987433333333 0 2.2949866666666665
vertex -27.29987433333333 14.333974999999999 0
vertex -27.29987433333333 14.181234333333332 0
endloop
endfacet
facet normal -1 0 0
outer loop
vertex -27.29987433333333 0 2.2949866666666665
vertex -27.29987433333333 14.181234333333332 0
vertex -27.29987433333333 14.059894666666665 0
endloop
endfacet
facet normal -1 0 0
outer loop
vertex -27.29987433333333 0 2.2949866666666665
vertex -27.29987433333333 14.059894666666665 0
vertex -27.29987433333333 13.971506666666667 0
endloop
endfacet
facet normal -1 0 0
outer loop
vertex -27.29987433333333 0 2.2949866666666665
vertex -27.29987433333333 13.971506666666667 0
vertex -27.29987433333333 13.918008666666665 0
endloop
endfacet
facet normal -1 0 0
outer loop
vertex -27.29987433333333 0 2.2949866666666665
vertex -27.29987433333333 13.918008666666665 0
vertex -27.29987433333333 13.900175999999998 0
endloop
endfacet
facet normal -1 0 0
outer loop
vertex -27.29987433333333 0 2.2949866666666665
vertex -27.29987433333333 13.900175999999998 0
vertex -27.29987433333333 -13.900175999999998 0
endloop
endfacet
facet normal -1 0 0
outer loop
vertex -27.29987433333333 0 2.2949866666666665
vertex -27.29987433333333 -13.900175999999998 0
vertex -27.29987433333333 -13.918008666666665 0
endloop
endfacet
facet normal -1 0 0
outer loop
vertex -27.29987433333333 0 2.2949866666666665
vertex -27.29987433333333 -13.918008666666665 0
vertex -27.29987433333333 -13.971506666666667 0
endloop
endfacet
facet normal -1 0 0
outer loop
vertex -27.29987433333333 0 2.2949866666666665
vertex -27.29987433333333 -13.971506666666667 0
vertex -27.29987433333333 -14.059894666666665 0
endloop
endfacet
facet normal -1 0 0
outer loop
vertex -27.29987433333333 0 2.2949866666666665
vertex -27.29987433333333 -14.059894666666665 0
vertex -27.29987433333333 -14.181234333333332 0
endloop
endfacet
facet normal -1 0 0
outer loop
vertex -27.29987433333333 0 2.2949866666666665
vertex -27.29987433333333 -14.181234333333332 0
vertex -27.29987433333333 -14.333974999999999 0
endloop
endfacet
facet normal -1 0 0
outer loop
vertex -27.29987433333333 0 2.2949866666666665
vertex -27.29987433333333 -14.333974999999999 0
vertex -27.29987433333333 -14.515015333333332 0
endloop
endfacet
facet normal -1 0 0
outer loop
vertex -27.29987433333333 0 2.2949866666666665
vertex -27.29987433333333 -14.515015333333332 0
vertex -27.29987433333333 -14.721641666666665 0
endloop
endfacet
facet normal -1 0 0
outer loop
vertex -27.29987433333333 0 2.2949866666666665
vertex -27.29987433333333 -14.721641666666665 0
vertex -27.29987433333333 -14.949977333333333 0
endloop
endfacet
facet normal -1 0 0
outer loop
vertex -27.29987433333333 0 2.2949866666666665
vertex -27.29987433333333 -14.949977333333333 0
vertex -27.29987433333333 -15.196533333333333 0
endloop
endfacet
facet normal -1 0 0
outer loop
vertex -27.29987433333333 0 2.2949866666666665
vertex -27.29987433333333 -15.196533333333333 0
vertex -27.29987433333333 -15.456657666666665 0
endloop
endfacet
facet normal -1 0 0
outer loop
vertex -27.29987433333333 0 2.2949866666666665
vertex -27.29987433333333 -15.456657666666665 0
vertex -27.29987433333333 -15.726085999999999 0
endloop
endfacet
facet normal -1 0 0
outer loop
vertex -27.29987433333333 0 2.2949866666666665
vertex -27.29987433333333 -15.726085999999999 0
vertex -27.29987433333333 -16.000166333333333 0
endloop
endfacet
facet normal -0.9999999999999999 0 0
outer loop
vertex -27.29987433333333 0 2.2949866666666665
vertex -27.29987433333333 -16.000166333333333 0
vertex -27.29987433333333 -16.274246666666667 0
endloop
endfacet
facet normal -1 0 0
outer loop
vertex -27.29987433333333 0 2.2949866666666665
vertex -27.29987433333333 -16.274246666666667 0
vertex -27.29987433333333 -16.543675 0
endloop
endfacet
facet normal -1 0 0
outer loop
vertex -27.29987433333333 0 2.2949866666666665
vertex -27.29987433333333 -16.543675 0
vertex -27.29987433333333 -16.80379933333333 0
endloop
endfacet
facet normal -1 0 0
outer loop
vertex -27.29987433333333 0 2.2949866666666665
vertex -27.29987433333333 -16.80379933333333 0
vertex -27.29987433333333 -17.049967666666664 0
endloop
endfacet
facet normal -1 0 0
outer loop
vertex -27.29987433333333 0 2.2949866666666665
vertex -27.29987433333333 -17.049967666666664 0
vertex -27.29987433333333 -17.278303333333334 0
endloop
endfacet
facet normal -0.9999999999999999 0 0
outer loop
vertex -27.29987433333333 0 2.2949866666666665
vertex -27.29987433333333 -17.278303333333334 0
vertex -27.29987433333333 -17.484929666666666 0
endloop
endfacet
facet normal -1 0 0
outer loop
vertex -27.29987433333333 0 2.2949866666666665
vertex -27.29987433333333 -17.484929666666666 0
vertex -27.29987433333333 -17.665969999999998 0
endloop
endfacet
facet normal -1 0 0
outer loop
vertex -27.29987433333333 0 2.2949866666666665
vertex -27.29987433333333 -17.665969999999998 0
vertex -27.29987433333333 -17.818710666666664 0
endloop
endfacet
facet normal -1 0 0
outer loop
vertex -27.29987433333333 0 2.2949866666666665
vertex -27.29987433333333 -17.818710666666664 0
vertex -27.29987433333333 -17.940050333333332 0
endloop
endfacet
facet normal -1 0 0
outer loop
vertex -27.29987433333333 0 2.2949866666666665
vertex -27.29987433333333 -17.940050333333332 0
vertex -27.29987433333333 -18.028438333333334 0
endloop
endfacet
facet normal -0.9999999999999999 0 0
outer loop
vertex -27.29987433333333 0 2.2949866666666665
vertex -27.29987433333333 -18.028438333333334 0
vertex -27.29987433333333 -18.08193633333333 0
endloop
endfacet
facet normal -1 0 0
outer loop
vertex -27.29987433333333 0 2.2949866666666665
vertex -27.29987433333333 -18.08193633333333 0
vertex -27.29987433333333 -18.100156666666667 0
endloop
endfacet
facet normal -1 0 0
outer loop
vertex -27.29987433333333 0 2.2949866666666665
vertex -27.29987433333333 -18.100156666666667 0
vertex -27.29987433333333 -21.800047333333332 0
endloop
endfacet
facet normal -1 0 0
outer loop
vertex -27.29987433333333 0 2.2949866666666665
vertex -27.29987433333333 -21.800047333333332 0
vertex -27.29987433333333 -21.800047333333332 3.9999446666666665
endloop
endfacet
facet normal -1 0 0
outer loop
vertex -27.29987433333333 0 2.2949866666666665
vertex -27.29987433333333 -21.800047333333332 3.9999446666666665
vertex -27.29987433333333 -21.73957133333333 3.9999446666666665
endloop
endfacet
facet normal -0.9978724924476199 -0.06519577299468673 0
outer loop
vertex -27.29987433333333 -21.800047333333332 3.9999446666666665
vertex -27.29987433333333 -21.800047333333332 0
vertex -27.252966666666666 -22.518006 0
endloop
endfacet
facet normal -0.9978724924476199 -0.06519577299468673 0
outer loop
vertex -27.29987433333333 -21.800047333333332 3.9999446666666665
vertex -27.252966666666666 -22.518006 0
vertex -27.252966666666666 -22.518006 3.9999446666666665
endloop
endfacet
facet normal -0.9807873950507624 -0.1950796906639428 0
outer loop
vertex -27.252966666666666 -22.518006 3.9999446666666665
vertex -27.252966666666666 -22.518006 0
vertex -27.112631333333333 -23.22355933333333 0
endloop
endfacet
facet normal -0.9807873950507624 -0.1950796906639428 0
outer loop
vertex -27.252966666666666 -22.518006 3.9999446666666665
vertex -27.112631333333333 -23.22355933333333 0
vertex -27.112631333333333 -23.22355933333333 3.9999446666666665
endloop
endfacet
facet normal -0.946835137374719 -0.3217191673379081 0
outer loop
vertex -27.112631333333333 -23.22355933333333 3.9999446666666665
vertex -27.112631333333333 -23.22355933333333 0
vertex -26.881194333333333 -23.904689666666666 0
endloop
endfacet
facet normal -0.946835137374719 -0.3217191673379081 0
outer loop
vertex -27.112631333333333 -23.22355933333333 3.9999446666666665
vertex -26.881194333333333 -23.904689666666666 0
vertex -26.881194333333333 -23.904689666666666 3.9999446666666665
endloop
endfacet
facet normal -0.8971049710999581 -0.44181746324442983 0
outer loop
vertex -26.881194333333333 -23.904689666666666 3.9999446666666665
vertex -26.881194333333333 -23.904689666666666 0
vertex -26.563307666666663 -24.550154666666664 0
endloop
endfacet
facet normal -0.8971049710999581 -0.44181746324442983 0
outer loop
vertex -26.881194333333333 -23.904689666666666 3.9999446666666665
vertex -26.563307666666663 -24.550154666666664 0
vertex -26.563307666666663 -24.550154666666664 3.9999446666666665
endloop
endfacet
facet normal -0.8314695222692932 -0.5555703677638626 0
outer loop
vertex -26.563307666666663 -24.550154666666664 3.9999446666666665
vertex -26.563307666666663 -24.550154666666664 0
vertex -26.16362333333333 -25.14832433333333 0
endloop
endfacet
facet normal -0.8314695222692932 -0.5555703677638626 0
outer loop
vertex -26.563307666666663 -24.550154666666664 3.9999446666666665
vertex -26.16362333333333 -25.14832433333333 0
vertex -26.16362333333333 -25.14832433333333 3.9999446666666665
endloop
endfacet
facet normal -0.7516747526672806 -0.6595339765338724 0
outer loop
vertex -26.16362333333333 -25.14832433333333 3.9999446666666665
vertex -26.16362333333333 -25.14832433333333 0
vertex -25.68911933333333 -25.68911933333333 0
endloop
endfacet
facet normal -0.7516747526672806 -0.6595339765338724 0
outer loop
vertex -26.16362333333333 -25.14832433333333 3.9999446666666665
vertex -25.68911933333333 -25.68911933333333 0
vertex -25.68911933333333 -25.68911933333333 3.9999446666666665
endloop
endfacet
facet normal -0.6595339765338724 -0.7516747526672806 0
outer loop
vertex -25.68911933333333 -25.68911933333333 3.9999446666666665
vertex -25.68911933333333 -25.68911933333333 0
vertex -25.14832433333333 -26.16362333333333 0
endloop
endfacet
facet normal -0.6595339765338724 -0.7516747526672806 0
outer loop
vertex -25.68911933333333 -25.68911933333333 3.9999446666666665
vertex -25.14832433333333 -26.16362333333333 0
vertex -25.14832433333333 -26.16362333333333 3.9999446666666665
endloop
endfacet
facet normal -0.5555703677638626 -0.8314695222692932 0
outer loop
vertex -25.14832433333333 -26.16362333333333 3.9999446666666665
vertex -25.14832433333333 -26.16362333333333 0
vertex -24.550154666666664 -26.563307666666663 0
endloop
endfacet
facet normal -0.5555703677638626 -0.8314695222692932 0
outer loop
vertex -25.14832433333333 -26.16362333333333 3.9999446666666665
vertex -24.550154666666664 -26.563307666666663 0
vertex -24.550154666666664 -26.563307666666663 3.9999446666666665
endloop
endfacet
facet normal -0.44181746324442983 -0.8971049710999581 0
outer loop
vertex -24.550154666666664 -26.563307666666663 3.9999446666666665
vertex -24.550154666666664 -26.563307666666663 0
vertex -23.904689666666666 -26.881194333333333 0
endloop
endfacet
facet normal -0.44181746324442983 -0.8971049710999581 0
outer loop
vertex -24.550154666666664 -26.563307666666663 3.9999446666666665
vertex -23.904689666666666 -26.881194333333333 0
vertex -23.904689666666666 -26.881194333333333 3.9999446666666665
endloop
endfacet
facet normal -0.3217191673379081 -0.946835137374719 0
outer loop
vertex -23.904689666666666 -26.881194333333333 3.9999446666666665
vertex -23.904689666666666 -26.881194333333333 0
vertex -23.22355933333333 -27.112631333333333 0
endloop
endfacet
facet normal -0.3217191673379081 -0.946835137374719 0
outer loop
vertex -23.904689666666666 -26.881194333333333 3.9999446666666665
vertex -23.22355933333333 -27.112631333333333 0
vertex -23.22355933333333 -27.112631333333333 3.9999446666666665
endloop
endfacet
facet normal -0.1950796906639428 -0.9807873950507624 0
outer loop
vertex -23.22355933333333 -27.112631333333333 3.9999446666666665
vertex -23.22355933333333 -27.112631333333333 0
vertex -22.518006 -27.252966666666666 0
endloop
endfacet
facet normal -0.1950796906639428 -0.9807873950507624 0
outer loop
vertex -23.22355933333333 -27.112631333333333 3.9999446666666665
vertex -22.518006 -27.252966666666666 0
vertex -22.518006 -27.252966666666666 3.9999446666666665
endloop
endfacet
facet normal -0.06519577299468673 -0.9978724924476199 0
outer loop
vertex -22.518006 -27.252966666666666 3.9999446666666665
vertex -22.518006 -27.252966666666666 0
vertex -21.800047333333332 -27.29987433333333 0
endloop
endfacet
facet normal -0.06519577299468673 -0.9978724924476199 0
outer loop
vertex -22.518006 -27.252966666666666 3.9999446666666665
vertex -21.800047333333332 -27.29987433333333 0
vertex -21.800047333333332 -27.29987433333333 3.9999446666666665
endloop
endfacet
facet normal 0.06519577299468673 -0.9978724924476199 0
outer loop
vertex 21.800047333333332 -27.29987433333333 3.9999446666666665
vertex 21.800047333333332 -27.29987433333333 0
vertex 22.518006 -27.252966666666666 0
endloop
endfacet
facet normal 0.06519577299468673 -0.9978724924476199 0
outer loop
vertex 21.800047333333332 -27.29987433333333 3.9999446666666665
vertex 22.518006 -27.252966666666666 0
vertex 22.518006 -27.252966666666666 3.9999446666666665
endloop
endfacet
facet normal 0.1950796906639428 -0.9807873950507624 0
outer loop
vertex 22.518006 -27.252966666666666 3.9999446666666665
vertex 22.518006 -27.252966666666666 0
vertex 23.22355933333333 -27.112631333333333 0
endloop
endfacet
facet normal 0.1950796906639428 -0.9807873950507624 0
outer loop
vertex 22.518006 -27.252966666666666 3.9999446666666665
vertex 23.22355933333333 -27.112631333333333 0
vertex 23.22355933333333 -27.112631333333333 3.9999446666666665
endloop
endfacet
facet normal 0.3217191673379081 -0.946835137374719 0
outer loop
vertex 23.22355933333333 -27.112631333333333 3.9999446666666665
vertex 23.22355933333333 -27.112631333333333 0
vertex 23.904689666666666 -26.881194333333333 0
endloop
endfacet
facet normal 0.3217191673379081 -0.946835137374719 0
outer loop
vertex 23.22355933333333 -27.112631333333333 3.9999446666666665
vertex 23.904689666666666 -26.881194333333333 0
vertex 23.904689666666666 -26.881194333333333 3.9999446666666665
endloop
endfacet
facet normal 0.44181746324442983 -0.8971049710999581 0
outer loop
vertex 23.904689666666666 -26.881194333333333 3.9999446666666665
vertex 23.904689666666666 -26.881194333333333 0
vertex 24.550154666666664 -26.563307666666663 0
endloop
endfacet
facet normal 0.44181746324442983 -0.8971049710999581 0
outer loop
vertex 23.904689666666666 -26.881194333333333 3.9999446666666665
vertex 24.550154666666664 -26.563307666666663 0
vertex 24.550154666666664 -26.563307666666663 3.9999446666666665
endloop
endfacet
facet normal 0.5555703677638626 -0.8314695222692932 0
outer loop
vertex 24.550154666666664 -26.563307666666663 3.9999446666666665
vertex 24.550154666666664 -26.563307666666663 0
vertex 25.14832433333333 -26.16362333333333 0
endloop
endfacet
facet normal 0.5555703677638626 -0.8314695222692932 0
outer loop
vertex 24.550154666666664 -26.563307666666663 3.9999446666666665
vertex 25.14832433333333 -26.16362333333333 0
vertex 25.14832433333333 -26.16362333333333 3.9999446666666665
endloop
endfacet
facet normal 0.6595339765338724 -0.7516747526672806 0
outer loop
vertex 25.14832433333333 -26.16362333333333 3.9999446666666665
vertex 25.14832433333333 -26.16362333333333 0
vertex 25.68911933333333 -25.68911933333333 0
endloop
endfacet
facet normal 0.6595339765338724 -0.7516747526672806 0
outer loop
vertex 25.14832433333333 -26.16362333333333 3.9999446666666665
vertex 25.68911933333333 -25.68911933333333 0
vertex 25.68911933333333 -25.68911933333333 3.9999446666666665
endloop
endfacet
facet normal 0.7516747526672806 -0.6595339765338724 0
outer loop
vertex 25.68911933333333 -25.68911933333333 3.9999446666666665
vertex 25.68911933333333 -25.68911933333333 0
vertex 26.16362333333333 -25.14832433333333 0
endloop
endfacet
facet normal 0.7516747526672806 -0.6595339765338724 0
outer loop
vertex 25.68911933333333 -25.68911933333333 3.9999446666666665
vertex 26.16362333333333 -25.14832433333333 0
vertex 26.16362333333333 -25.14832433333333 3.9999446666666665
endloop
endfacet
facet normal 0.8314695222692932 -0.5555703677638626 0
outer loop
vertex 26.16362333333333 -25.14832433333333 3.9999446666666665
vertex 26.16362333333333 -25.14832433333333 0
vertex 26.563307666666663 -24.550154666666664 0
endloop
endfacet
facet normal 0.8314695222692932 -0.5555703677638626 0
outer loop
vertex 26.16362333333333 -25.14832433333333 3.9999446666666665
vertex 26.563307666666663 -24.550154666666664 0
vertex 26.563307666666663 -24.550154666666664 3.9999446666666665
endloop
endfacet
facet normal 0.8971049710999581 -0.44181746324442983 0
outer loop
vertex 26.563307666666663 -24.550154666666664 3.9999446666666665
vertex 26.563307666666663 -24.550154666666664 0
vertex 26.881194333333333 -23.904689666666666 0
endloop
endfacet
facet normal 0.8971049710999581 -0.44181746324442983 0
outer loop
vertex 26.563307666666663 -24.550154666666664 3.9999446666666665
vertex 26.881194333333333 -23.904689666666666 0
vertex 26.881194333333333 -23.904689666666666 3.9999446666666665
endloop
endfacet
facet normal 0.946835137374719 -0.3217191673379081 0
outer loop
vertex 26.881194333333333 -23.904689666666666 3.9999446666666665
vertex 26.881194333333333 -23.904689666666666 0
vertex 27.112631333333333 -23.22355933333333 0
endloop
endfacet
facet normal 0.946835137374719 -0.3217191673379081 0
outer loop
vertex 26.881194333333333 -23.904689666666666 3.9999446666666665
vertex 27.112631333333333 -23.22355933333333 0
vertex 27.112631333333333 -23.22355933333333 3.9999446666666665
endloop
endfacet
facet normal 0.9807873950507624 -0.1950796906639428 0
outer loop
vertex 27.112631333333333 -23.22355933333333 3.9999446666666665
vertex 27.112631333333333 -23.22355933333333 0
vertex 27.252966666666666 -22.518006 0
endloop
endfacet
facet normal 0.9807873950507624 -0.1950796906639428 0
outer loop
vertex 27.112631333333333 -23.22355933333333 3.9999446666666665
vertex 27.252966666666666 -22.518006 0
vertex 27.252966666666666 -22.518006 3.9999446666666665
endloop
endfacet
facet normal 0.9978724924476199 -0.06519577299468673 0
outer loop
vertex 27.252966666666666 -22.518006 3.9999446666666665
vertex 27.252966666666666 -22.518006 0
vertex 27.29987433333333 -21.800047333333332 0
endloop
endfacet
facet normal 0.9978724924476199 -0.06519577299468673 0
outer loop
vertex 27.252966666666666 -22.518006 3.9999446666666665
vertex 27.29987433333333 -21.800047333333332 0
vertex 27.29987433333333 -21.800047333333332 3.9999446666666665
endloop
endfacet
facet normal 0 0 1
outer loop
vertex 0 25.630581666666664 3.9999446666666665
vertex -21.800047333333332 27.29987433333333 3.9999446666666665
vertex -22.518006 27.252966666666666 3.9999446666666665
endloop
endfacet
facet normal 0 0 1
outer loop
vertex 0 25.630581666666664 3.9999446666666665
vertex -22.518006 27.252966666666666 3.9999446666666665
vertex -23.22355933333333 27.112631333333333 3.9999446666666665
endloop
endfacet
facet normal 0 0 1
outer loop
vertex 0 25.630581666666664 3.9999446666666665
vertex -23.22355933333333 27.112631333333333 3.9999446666666665
vertex -23.904689666666666 26.881194333333333 3.9999446666666665
endloop
endfacet
facet normal 0 0 1
outer loop
vertex 0 25.630581666666664 3.9999446666666665
vertex -23.904689666666666 26.881194333333333 3.9999446666666665
vertex -24.550154666666664 26.563307666666663 3.9999446666666665
endloop
endfacet
facet normal 0 0 1
outer loop
vertex 0 25.630581666666664 3.9999446666666665
vertex -24.550154666666664 26.563307666666663 3.9999446666666665
vertex -25.14832433333333 26.16362333333333 3.9999446666666665
endloop
endfacet
facet normal 0 0 1
outer loop
vertex 0 25.630581666666664 3.9999446666666665
vertex -25.14832433333333 26.16362333333333 3.9999446666666665
vertex -25.68911933333333 25.68911933333333 3.9999446666666665
endloop
endfacet
facet normal 0 0 1
outer loop
vertex 0 25.630581666666664 3.9999446666666665
vertex -25.68911933333333 25.68911933333333 3.9999446666666665
vertex -26.16362333333333 25.14832433333333 3.9999446666666665
endloop
endfacet
facet normal 0 0 1
outer loop
vertex 0 25.630581666666664 3.9999446666666665
vertex -26.16362333333333 25.14832433333333 3.9999446666666665
vertex -26.563307666666663 24.550154666666664 3.9999446666666665
endloop
endfacet
facet normal 0 0 1
outer loop
vertex 0 25.630581666666664 3.9999446666666665
vertex -26.563307666666663 24.550154666666664 3.9999446666666665
vertex -26.881194333333333 23.904689666666666 3.9999446666666665
endloop
endfacet
facet normal 0 0 1
outer loop
vertex 0 25.630581666666664 3.9999446666666665
vertex -26.881194333333333 23.904689666666666 3.9999446666666665
vertex -27.018815999999998 23.499965666666665 3.9999446666666665
endloop
endfacet
facet normal 0 0 0.9999999999999999
outer loop
vertex 0 25.630581666666664 3.9999446666666665
vertex -27.018815999999998 23.499965666666665 3.9999446666666665
vertex -22.000083333333333 23.499965666666665 3.9999446666666665
endloop
endfacet
facet normal 0 0 1
outer loop
vertex 0 25.630581666666664 3.9999446666666665
vertex -22.000083333333333 23.499965666666665 3.9999446666666665
vertex 22.000083333333333 23.499965666666665 3.9999446666666665
endloop
endfacet
facet normal 0 0 0.9999999999999999
outer loop
vertex 0 25.630581666666664 3.9999446666666665
vertex 22.000083333333333 23.499965666666665 3.9999446666666665
vertex 27.018815999999998 23.499965666666665 3.9999446666666665
endloop
endfacet
facet normal 0 0 1
outer loop
vertex 0 25.630581666666664 3.9999446666666665
vertex 27.018815999999998 23.499965666666665 3.9999446666666665
vertex 26.881194333333333 23.904689666666666 3.9999446666666665
endloop
endfacet
facet normal 0 0 1
outer loop
vertex 0 25.630581666666664 3.9999446666666665
vertex 26.881194333333333 23.904689666666666 3.9999446666666665
vertex 26.563307666666663 24.550154666666664 3.9999446666666665
endloop
endfacet
facet normal 0 0 1
outer loop
vertex 0 25.630581666666664 3.9999446666666665
vertex 26.563307666666663 24.550154666666664 3.9999446666666665
vertex 26.16362333333333 25.14832433333333 3.9999446666666665
endloop
endfacet
facet normal 0 0 1
outer loop
vertex 0 25.630581666666664 3.9999446666666665
vertex 26.16362333333333 25.14832433333333 3.9999446666666665
vertex 25.68911933333333 25.68911933333333 3.9999446666666665
endloop
endfacet
facet normal 0 0 1
outer loop
vertex 0 25.630581666666664 3.9999446666666665
vertex 25.68911933333333 25.68911933333333 3.9999446666666665
vertex 25.14832433333333 26.16362333333333 3.9999446666666665
endloop
endfacet
facet normal 0 0 1
outer loop
vertex 0 25.630581666666664 3.9999446666666665
vertex 25.14832433333333 26.16362333333333 3.9999446666666665
vertex 24.550154666666664 26.563307666666663 3.9999446666666665
endloop
endfacet
facet normal 0 0 1
outer loop
vertex 0 25.630581666666664 3.9999446666666665
vertex 24.550154666666664 26.563307666666663 3.9999446666666665
vertex 23.904689666666666 26.881194333333333 3.9999446666666665
endloop
endfacet
facet normal 0 0 1
outer loop
vertex 0 25.630581666666664 3.9999446666666665
vertex 23.904689666666666 26.881194333333333 3.9999446666666665
vertex 23.22355933333333 27.112631333333333 3.9999446666666665
endloop
endfacet
facet normal 0 0 1
outer loop
vertex 0 25.630581666666664 3.9999446666666665
vertex 23.22355933333333 27.112631333333333 3.9999446666666665
vertex 22.518006 27.252966666666666 3.9999446666666665
endloop
endfacet
facet normal 0 0 1
outer loop
vertex 0 25.630581666666664 3.9999446666666665
vertex 22.518006 27.252966666666666 3.9999446666666665
vertex 21.800047333333332 27.29987433333333 3.9999446666666665
endloop
endfacet
facet normal 0 0 1
outer loop
vertex 0 25.630581666666664 3.9999446666666665
vertex 21.800047333333332 27.29987433333333 3.9999446666666665
vertex -21.800047333333332 27.29987433333333 3.9999446666666665
endloop
endfacet
facet normal 0 0 0.9999999999999999
outer loop
vertex 22.000083333333333 23.499965666666665 3.9999446666666665
vertex 22.26059533333333 23.477093333333332 3.9999446666666665
vertex 27.02656933333333 23.477093333333332 3.9999446666666665
endloop
endfacet
facet normal 0 0 1
outer loop
vertex 22.000083333333333 23.499965666666665 3.9999446666666665
vertex 27.02656933333333 23.477093333333332 3.9999446666666665
vertex 27.018815999999998 23.499965666666665 3.9999446666666665
endloop
endfacet
facet normal 0 0 1
outer loop
vertex -22.000083333333333 23.499965666666665 3.9999446666666665
vertex -21.73957133333333 23.477093333333332 3.9999446666666665
vertex 21.73957133333333 23.477093333333332 3.9999446666666665
endloop
endfacet
facet normal 0 0 1
outer loop
vertex -22.000083333333333 23.499965666666665 3.9999446666666665
vertex 21.73957133333333 23.477093333333332 3.9999446666666665
vertex 22.000083333333333 23.499965666666665 3.9999446666666665
endloop
endfacet
facet normal 0 0 1
outer loop
vertex -27.018815999999998 23.499965666666665 3.9999446666666665
vertex -27.02656933333333 23.477093333333332 3.9999446666666665
vertex -22.26059533333333 23.477093333333332 3.9999446666666665
endloop
endfacet
facet normal 0 0 1
outer loop
vertex -27.018815999999998 23.499965666666665 3.9999446666666665
vertex -22.26059533333333 23.477093333333332 3.9999446666666665
vertex -22.000083333333333 23.499965666666665 3.9999446666666665
endloop
endfacet
facet normal 0 0 1
outer loop
vertex 22.26059533333333 23.477093333333332 3.9999446666666665
vertex 22.51296633333333 23.40963933333333 3.9999446666666665
vertex 27.049441666666663 23.40963933333333 3.9999446666666665
endloop
endfacet
facet normal 0 0 1
outer loop
vertex 22.26059533333333 23.477093333333332 3.9999446666666665
vertex 27.049441666666663 23.40963933333333 3.9999446666666665
vertex 27.02656933333333 23.477093333333332 3.9999446666666665
endloop
endfacet
facet normal 0 0 1
outer loop
vertex -21.73957133333333 23.477093333333332 3.9999446666666665
vertex -21.486812666666665 23.40963933333333 3.9999446666666665
vertex 21.486812666666665 23.40963933333333 3.9999446666666665
endloop
endfacet
facet normal 0 0 1
outer loop
vertex -21.73957133333333 23.477093333333332 3.9999446666666665
vertex 21.486812666666665 23.40963933333333 3.9999446666666665
vertex 21.73957133333333 23.477093333333332 3.9999446666666665
endloop
endfacet
facet normal 0 0 1
outer loop
vertex -27.02656933333333 23.477093333333332 3.9999446666666665
vertex -27.049441666666663 23.40963933333333 3.9999446666666665
vertex -22.51296633333333 23.40963933333333 3.9999446666666665
endloop
endfacet
facet normal 0 0 1
outer loop
vertex -27.02656933333333 23.477093333333332 3.9999446666666665
vertex -22.51296633333333 23.40963933333333 3.9999446666666665
vertex -22.26059533333333 23.477093333333332 3.9999446666666665
endloop
endfacet
facet normal 0 0 1
outer loop
vertex 22.51296633333333 23.40963933333333 3.9999446666666665
vertex 22.749830666666664 23.29915433333333 3.9999446666666665
vertex 27.087045333333332 23.29915433333333 3.9999446666666665
endloop
endfacet
facet normal 0 0 1
outer loop
vertex 22.51296633333333 23.40963933333333 3.9999446666666665
vertex 27.087045333333332 23.29915433333333 3.9999446666666665
vertex 27.049441666666663 23.40963933333333 3.9999446666666665
endloop
endfacet
facet normal 0 0 1
outer loop
vertex -21.486812666666665 23.40963933333333 3.9999446666666665
vertex -21.249948333333332 23.29915433333333 3.9999446666666665
vertex 21.249948333333332 23.29915433333333 3.9999446666666665
endloop
endfacet
facet normal 0 0 1
outer loop
vertex -21.486812666666665 23.40963933333333 3.9999446666666665
vertex 21.249948333333332 23.29915433333333 3.9999446666666665
vertex 21.486812666666665 23.40963933333333 3.9999446666666665
endloop
endfacet
facet normal 0 0 1
outer loop
vertex -27.049441666666663 23.40963933333333 3.9999446666666665
vertex -27.087045333333332 23.29915433333333 3.9999446666666665
vertex -22.749830666666664 23.29915433333333 3.9999446666666665
endloop
endfacet
facet normal 0 0 1
outer loop
vertex -27.049441666666663 23.40963933333333 3.9999446666666665
vertex -22.749830666666664 23.29915433333333 3.9999446666666665
vertex -22.51296633333333 23.40963933333333 3.9999446666666665
endloop
endfacet
facet normal 0 0 1
outer loop
vertex 25.408060999999996 23.223947 3.9999446666666665
vertex 22.749830666666664 23.29915433333333 3.9999446666666665
vertex 22.96421033333333 23.149127333333333 3.9999446666666665
endloop
endfacet
facet normal 0 0 0.9999999999999999
outer loop
vertex 25.408060999999996 23.223947 3.9999446666666665
vertex 22.96421033333333 23.149127333333333 3.9999446666666665
vertex 27.127362666666663 23.149127333333333 3.9999446666666665
endloop
endfacet
facet normal 0 0 1
outer loop
vertex 25.408060999999996 23.223947 3.9999446666666665
vertex 27.127362666666663 23.149127333333333 3.9999446666666665
vertex 27.112631333333333 23.22355933333333 3.9999446666666665
endloop
endfacet
facet normal 0 0 1
outer loop
vertex 25.408060999999996 23.223947 3.9999446666666665
vertex 27.112631333333333 23.22355933333333 3.9999446666666665
vertex 27.087045333333332 23.29915433333333 3.9999446666666665
endloop
endfacet
facet normal 0 0 1
outer loop
vertex 25.408060999999996 23.223947 3.9999446666666665
vertex 27.087045333333332 23.29915433333333 3.9999446666666665
vertex 22.749830666666664 23.29915433333333 3.9999446666666665
endloop
endfacet
facet normal 0 0 1
outer loop
vertex -21.249948333333332 23.29915433333333 3.9999446666666665
vertex -21.03595633333333 23.149127333333333 3.9999446666666665
vertex 21.03595633333333 23.149127333333333 3.9999446666666665
endloop
endfacet
facet normal 0 0 0.9999999999999999
outer loop
vertex -21.249948333333332 23.29915433333333 3.9999446666666665
vertex 21.03595633333333 23.149127333333333 3.9999446666666665
vertex 21.249948333333332 23.29915433333333 3.9999446666666665
endloop
endfacet
facet normal 0 0 1
outer loop
vertex -25.408060999999996 23.223947 3.9999446666666665
vertex -27.087045333333332 23.29915433333333 3.9999446666666665
vertex -27.112631333333333 23.22355933333333 3.9999446666666665
endloop
endfacet
facet normal 0 0 1
outer loop
vertex -25.408060999999996 23.223947 3.9999446666666665
vertex -27.112631333333333 23.22355933333333 3.9999446666666665
vertex -27.127362666666663 23.149127333333333 3.9999446666666665
endloop
endfacet
facet normal 0 0 0.9999999999999999
outer loop
vertex -25.408060999999996 23.223947 3.9999446666666665
vertex -27.127362666666663 23.149127333333333 3.9999446666666665
vertex -22.96421033333333 23.149127333333333 3.9999446666666665
endloop
endfacet
facet normal 0 0 1
outer loop
vertex -25.408060999999996 23.223947 3.9999446666666665
vertex -22.96421033333333 23.149127333333333 3.9999446666666665
vertex -22.749830666666664 23.29915433333333 3.9999446666666665
endloop
endfacet
facet normal 0 0 1
outer loop
vertex -25.408060999999996 23.223947 3.9999446666666665
vertex -22.749830666666664 23.29915433333333 3.9999446666666665
vertex -27.087045333333332 23.29915433333333 3.9999446666666665
endloop
endfacet
facet normal 0 0 1
outer loop
vertex 22.96421033333333 23.149127333333333 3.9999446666666665
vertex 23.149127333333333 22.96421033333333 3.9999446666666665
vertex 27.164191 22.96421033333333 3.9999446666666665
endloop
endfacet
facet normal 0 0 1
outer loop
vertex 22.96421033333333 23.149127333333333 3.9999446666666665
vertex 27.164191 22.96421033333333 3.9999446666666665
vertex 27.127362666666663 23.149127333333333 3.9999446666666665
endloop
endfacet
facet normal 0 0 0.9999999999999999
outer loop
vertex -21.03595633333333 23.149127333333333 3.9999446666666665
vertex -20.851039333333333 22.96421033333333 3.9999446666666665
vertex 20.851039333333333 22.96421033333333 3.9999446666666665
endloop
endfacet
facet normal 0 0 1
outer loop
vertex -21.03595633333333 23.149127333333333 3.9999446666666665
vertex 20.851039333333333 22.96421033333333 3.9999446666666665
vertex 21.03595633333333 23.149127333333333 3.9999446666666665
endloop
endfacet
facet normal 0 0 1
outer loop
vertex -27.127362666666663 23.149127333333333 3.9999446666666665
vertex -27.164191 22.96421033333333 3.9999446666666665
vertex -23.149127333333333 22.96421033333333 3.9999446666666665
endloop
endfacet
facet normal 0 0 1
outer loop
vertex -27.127362666666663 23.149127333333333 3.9999446666666665
vertex -23.149127333333333 22.96421033333333 3.9999446666666665
vertex -22.96421033333333 23.149127333333333 3.9999446666666665
endloop
endfacet
facet normal 0 0 1
outer loop
vertex 23.149127333333333 22.96421033333333 3.9999446666666665
vertex 23.29915433333333 22.749830666666664 3.9999446666666665
vertex 27.206834333333333 22.749830666666664 3.9999446666666665
endloop
endfacet
facet normal 0 0 1
outer loop
vertex 23.149127333333333 22.96421033333333 3.9999446666666665
vertex 27.206834333333333 22.749830666666664 3.9999446666666665
vertex 27.164191 22.96421033333333 3.9999446666666665
endloop
endfacet
facet normal 0 0 1
outer loop
vertex -20.851039333333333 22.96421033333333 3.9999446666666665
vertex -20.70101233333333 22.749830666666664 3.9999446666666665
vertex 20.70101233333333 22.749830666666664 3.9999446666666665
endloop
endfacet
facet normal 0 0 1
outer loop
vertex -20.851039333333333 22.96421033333333 3.9999446666666665
vertex 20.70101233333333 22.749830666666664 3.9999446666666665
vertex 20.851039333333333 22.96421033333333 3.9999446666666665
endloop
endfacet
facet normal 0 0 1
outer loop
vertex -27.164191 22.96421033333333 3.9999446666666665
vertex -27.206834333333333 22.749830666666664 3.9999446666666665
vertex -23.29915433333333 22.749830666666664 3.9999446666666665
endloop
endfacet
facet normal 0 0 1
outer loop
vertex -27.164191 22.96421033333333 3.9999446666666665
vertex -23.29915433333333 22.749830666666664 3.9999446666666665
vertex -23.149127333333333 22.96421033333333 3.9999446666666665
endloop
endfacet
facet normal 0 0 1
outer loop
vertex 25.68446733333333 22.608719999999998 3.9999446666666665
vertex 23.29915433333333 22.749830666666664 3.9999446666666665
vertex 23.40963933333333 22.51296633333333 3.9999446666666665
endloop
endfacet
facet normal 0 0 0.9999999999999999
outer loop
vertex 25.68446733333333 22.608719999999998 3.9999446666666665
vertex 23.40963933333333 22.51296633333333 3.9999446666666665
vertex 27.25335433333333 22.51296633333333 3.9999446666666665
endloop
endfacet
facet normal 0 0 1
outer loop
vertex 25.68446733333333 22.608719999999998 3.9999446666666665
vertex 27.25335433333333 22.51296633333333 3.9999446666666665
vertex 27.252966666666666 22.518006 3.9999446666666665
endloop
endfacet
facet normal 0 0 0.9999999999999999
outer loop
vertex 25.68446733333333 22.608719999999998 3.9999446666666665
vertex 27.252966666666666 22.518006 3.9999446666666665
vertex 27.206834333333333 22.749830666666664 3.9999446666666665
endloop
endfacet
facet normal 0 0 1
outer loop
vertex 25.68446733333333 22.608719999999998 3.9999446666666665
vertex 27.206834333333333 22.749830666666664 3.9999446666666665
vertex 23.29915433333333 22.749830666666664 3.9999446666666665
endloop
endfacet
facet normal 0 0 1
outer loop
vertex -20.70101233333333 22.749830666666664 3.9999446666666665
vertex -20.59052733333333 22.51296633333333 3.9999446666666665
vertex 20.59052733333333 22.51296633333333 3.9999446666666665
endloop
endfacet
facet normal 0 0 1
outer loop
vertex -20.70101233333333 22.749830666666664 3.9999446666666665
vertex 20.59052733333333 22.51296633333333 3.9999446666666665
vertex 20.70101233333333 22.749830666666664 3.9999446666666665
endloop
endfacet
facet normal 0 0 0.9999999999999999
outer loop
vertex -25.68446733333333 22.608719999999998 3.9999446666666665
vertex -27.206834333333333 22.749830666666664 3.9999446666666665
vertex -27.252966666666666 22.518006 3.9999446666666665
endloop
endfacet
facet normal 0 0 1
outer loop
vertex -25.68446733333333 22.608719999999998 3.9999446666666665
vertex -27.252966666666666 22.518006 3.9999446666666665
vertex -27.25335433333333 22.51296633333333 3.9999446666666665
endloop
endfacet
facet normal 0 0 0.9999999999999999
outer loop
vertex -25.68446733333333 22.608719999999998 3.9999446666666665
vertex -27.25335433333333 22.51296633333333 3.9999446666666665
vertex -23.40963933333333 22.51296633333333 3.9999446666666665
endloop
endfacet
facet normal 0 0 1
outer loop
vertex -25.68446733333333 22.608719999999998 3.9999446666666665
vertex -23.40963933333333 22.51296633333333 3.9999446666666665
vertex -23.29915433333333 22.749830666666664 3.9999446666666665
endloop
endfacet
facet normal 0 0 1
outer loop
vertex -25.68446733333333 22.608719999999998 3.9999446666666665
vertex -23.29915433333333 22.749830666666664 3.9999446666666665
vertex -27.206834333333333 22.749830666666664 3.9999446666666665
endloop
endfacet
facet normal 0 0 1
outer loop
vertex 23.40963933333333 22.51296633333333 3.9999446666666665
vertex 23.477093333333332 22.26059533333333 3.9999446666666665
vertex 27.26963633333333 22.26059533333333 3.9999446666666665
endloop
endfacet
facet normal 0 0 1
outer loop
vertex 23.40963933333333 22.51296633333333 3.9999446666666665
vertex 27.26963633333333 22.26059533333333 3.9999446666666665
vertex 27.25335433333333 22.51296633333333 3.9999446666666665
endloop
endfacet
facet normal 0 0 1
outer loop
vertex -20.59052733333333 22.51296633333333 3.9999446666666665
vertex -20.522685666666664 22.26059533333333 3.9999446666666665
vertex 20.522685666666664 22.26059533333333 3.9999446666666665
endloop
endfacet
facet normal 0 0 1
outer loop
vertex -20.59052733333333 22.51296633333333 3.9999446666666665
vertex 20.522685666666664 22.26059533333333 3.9999446666666665
vertex 20.59052733333333 22.51296633333333 3.9999446666666665
endloop
endfacet
facet normal 0 0 1
outer loop
vertex -27.25335433333333 22.51296633333333 3.9999446666666665
vertex -27.26963633333333 22.26059533333333 3.9999446666666665
vertex -23.477093333333332 22.26059533333333 3.9999446666666665
endloop
endfacet
facet normal 0 0 1
outer loop
vertex -27.25335433333333 22.51296633333333 3.9999446666666665
vertex -23.477093333333332 22.26059533333333 3.9999446666666665
vertex -23.40963933333333 22.51296633333333 3.9999446666666665
endloop
endfacet
facet normal 0 0 1
outer loop
vertex 23.477093333333332 22.26059533333333 3.9999446666666665
vertex 23.499965666666665 22.000083333333333 3.9999446666666665
vertex 27.287081333333333 22.000083333333333 3.9999446666666665
endloop
endfacet
facet normal 0 0 1
outer loop
vertex 23.477093333333332 22.26059533333333 3.9999446666666665
vertex 27.287081333333333 22.000083333333333 3.9999446666666665
vertex 27.26963633333333 22.26059533333333 3.9999446666666665
endloop
endfacet
facet normal 0 0 0.9999999999999999
outer loop
vertex -20.522685666666664 22.26059533333333 3.9999446666666665
vertex -20.499813333333332 22.000083333333333 3.9999446666666665
vertex 20.499813333333332 22.000083333333333 3.9999446666666665
endloop
endfacet
facet normal 0 0 1
outer loop
vertex -20.522685666666664 22.26059533333333 3.9999446666666665
vertex 20.499813333333332 22.000083333333333 3.9999446666666665
vertex 20.522685666666664 22.26059533333333 3.9999446666666665
endloop
endfacet
facet normal 0 0 1
outer loop
vertex -27.26963633333333 22.26059533333333 3.9999446666666665
vertex -27.287081333333333 22.000083333333333 3.9999446666666665
vertex -23.499965666666665 22.000083333333333 3.9999446666666665
endloop
endfacet
facet normal 0 0 1
outer loop
vertex -27.26963633333333 22.26059533333333 3.9999446666666665
vertex -23.499965666666665 22.000083333333333 3.9999446666666665
vertex -23.477093333333332 22.26059533333333 3.9999446666666665
endloop
endfacet
facet normal 0 0 1
outer loop
vertex 25.772855333333332 21.855871333333333 3.9999446666666665
vertex 23.499965666666665 22.000083333333333 3.9999446666666665
vertex 23.477093333333332 21.73957133333333 3.9999446666666665
endloop
endfacet
facet normal 0 0 0.9999999999999999
outer loop
vertex 25.772855333333332 21.855871333333333 3.9999446666666665
vertex 23.477093333333332 21.73957133333333 3.9999446666666665
vertex 27.29987433333333 21.73957133333333 3.9999446666666665
endloop
endfacet
facet normal 0 0 1
outer loop
vertex 25.772855333333332 21.855871333333333 3.9999446666666665
vertex 27.29987433333333 21.73957133333333 3.9999446666666665
vertex 27.29987433333333 21.800047333333332 3.9999446666666665
endloop
endfacet
facet normal 0 0 1
outer loop
vertex 25.772855333333332 21.855871333333333 3.9999446666666665
vertex 27.29987433333333 21.800047333333332 3.9999446666666665
vertex 27.287081333333333 22.000083333333333 3.9999446666666665
endloop
endfacet
facet normal 0 0 1
outer loop
vertex 25.772855333333332 21.855871333333333 3.9999446666666665
vertex 27.287081333333333 22.000083333333333 3.9999446666666665
vertex 23.499965666666665 22.000083333333333 3.9999446666666665
endloop
endfacet
facet normal 0 0 0.9999999999999999
outer loop
vertex -20.499813333333332 22.000083333333333 3.9999446666666665
vertex -20.522685666666664 21.73957133333333 3.9999446666666665
vertex 20.522685666666664 21.73957133333333 3.9999446666666665
endloop
endfacet
facet normal 0 0 0.9999999999999999
outer loop
vertex -20.499813333333332 22.000083333333333 3.9999446666666665
vertex 20.522685666666664 21.73957133333333 3.9999446666666665
vertex 20.499813333333332 22.000083333333333 3.9999446666666665
endloop
endfacet
facet normal 0 0 1
outer loop
vertex -25.772855333333332 21.855871333333333 3.9999446666666665
vertex -27.287081333333333 22.000083333333333 3.9999446666666665
vertex -27.29987433333333 21.800047333333332 3.9999446666666665
endloop
endfacet
facet normal 0 0 1
outer loop
vertex -25.772855333333332 21.855871333333333 3.9999446666666665
vertex -27.29987433333333 21.800047333333332 3.9999446666666665
vertex -27.29987433333333 21.73957133333333 3.9999446666666665
endloop
endfacet
facet normal 0 0 0.9999999999999999
outer loop
vertex -25.772855333333332 21.855871333333333 3.9999446666666665
vertex -27.29987433333333 21.73957133333333 3.9999446666666665
vertex -23.477093333333332 21.73957133333333 3.9999446666666665
endloop
endfacet
facet normal 0 0 1
outer loop
vertex -25.772855333333332 21.855871333333333 3.9999446666666665
vertex -23.477093333333332 21.73957133333333 3.9999446666666665
vertex -23.499965666666665 22.000083333333333 3.9999446666666665
endloop
endfacet
facet normal 0 0 1
outer loop
vertex -25.772855333333332 21.855871333333333 3.9999446666666665
vertex -23.499965666666665 22.000083333333333 3.9999446666666665
vertex -27.287081333333333 22.000083333333333 3.9999446666666665
endloop
endfacet
facet normal 0 0 1
outer loop
vertex 23.477093333333332 21.73957133333333 3.9999446666666665
vertex 23.40963933333333 21.486812666666665 3.9999446666666665
vertex 27.29987433333333 21.486812666666665 3.9999446666666665
endloop
endfacet
facet normal 0 0 1
outer loop
vertex 23.477093333333332 21.73957133333333 3.9999446666666665
vertex 27.29987433333333 21.486812666666665 3.9999446666666665
vertex 27.29987433333333 21.73957133333333 3.9999446666666665
endloop
endfacet
facet normal 0 0 0.9999999999999999
outer loop
vertex -20.522685666666664 21.73957133333333 3.9999446666666665
vertex -20.59052733333333 21.486812666666665 3.9999446666666665
vertex 20.59052733333333 21.486812666666665 3.9999446666666665
endloop
endfacet
facet normal 0 0 1
outer loop
vertex -20.522685666666664 21.73957133333333 3.9999446666666665
vertex 20.59052733333333 21.486812666666665 3.9999446666666665
vertex 20.522685666666664 21.73957133333333 3.9999446666666665
endloop
endfacet
facet normal 0 0 1
outer loop
vertex -27.29987433333333 21.73957133333333 3.9999446666666665
vertex -27.29987433333333 21.486812666666665 3.9999446666666665
vertex -23.40963933333333 21.486812666666665 3.9999446666666665
endloop
endfacet
facet normal 0 0 1
outer loop
vertex -27.29987433333333 21.73957133333333 3.9999446666666665
vertex -23.40963933333333 21.486812666666665 3.9999446666666665
vertex -23.477093333333332 21.73957133333333 3.9999446666666665
endloop
endfacet
facet normal 0 0 0.9999999999999999
outer loop
vertex 23.40963933333333 21.486812666666665 3.9999446666666665
vertex 23.29915433333333 21.249948333333332 3.9999446666666665
vertex 27.29987433333333 21.249948333333332 3.9999446666666665
endloop
endfacet
facet normal 0 0 1
outer loop
vertex 23.40963933333333 21.486812666666665 3.9999446666666665
vertex 27.29987433333333 21.249948333333332 3.9999446666666665
vertex 27.29987433333333 21.486812666666665 3.9999446666666665
endloop
endfacet
facet normal 0 0 1
outer loop
vertex -20.59052733333333 21.486812666666665 3.9999446666666665
vertex -20.70101233333333 21.249948333333332 3.9999446666666665
vertex 20.70101233333333 21.249948333333332 3.9999446666666665
endloop
endfacet
facet normal 0 0 1
outer loop
vertex -20.59052733333333 21.486812666666665 3.9999446666666665
vertex 20.70101233333333 21.249948333333332 3.9999446666666665
vertex 20.59052733333333 21.486812666666665 3.9999446666666665
endloop
endfacet
facet normal 0 0 1
outer loop
vertex -27.29987433333333 21.486812666666665 3.9999446666666665
vertex -27.29987433333333 21.249948333333332 3.9999446666666665
vertex -23.29915433333333 21.249948333333332 3.9999446666666665
endloop
endfacet
facet normal 0 0 1
outer loop
vertex -27.29987433333333 21.486812666666665 3.9999446666666665
vertex -23.29915433333333 21.249948333333332 3.9999446666666665
vertex -23.40963933333333 21.486812666666665 3.9999446666666665
endloop
endfacet
facet normal 0 0 1
outer loop
vertex 23.29915433333333 21.249948333333332 3.9999446666666665
vertex 23.149127333333333 21.03595633333333 3.9999446666666665
vertex 27.29987433333333 21.03595633333333 3.9999446666666665
endloop
endfacet
facet normal 0 0 1
outer loop
vertex 23.29915433333333 21.249948333333332 3.9999446666666665
vertex 27.29987433333333 21.03595633333333 3.9999446666666665
vertex 27.29987433333333 21.249948333333332 3.9999446666666665
endloop
endfacet
facet normal 0 0 1
outer loop
vertex -20.70101233333333 21.249948333333332 3.9999446666666665
vertex -20.851039333333333 21.03595633333333 3.9999446666666665
vertex 20.851039333333333 21.03595633333333 3.9999446666666665
endloop
endfacet
facet normal 0 0 1
outer loop
vertex -20.70101233333333 21.249948333333332 3.9999446666666665
vertex 20.851039333333333 21.03595633333333 3.9999446666666665
vertex 20.70101233333333 21.249948333333332 3.9999446666666665
endloop
endfacet
facet normal 0 0 1
outer loop
vertex -27.29987433333333 21.249948333333332 3.9999446666666665
vertex -27.29987433333333 21.03595633333333 3.9999446666666665
vertex -23.149127333333333 21.03595633333333 3.9999446666666665
endloop
endfacet
facet normal 0 0 1
outer loop
vertex -27.29987433333333 21.249948333333332 3.9999446666666665
vertex -23.149127333333333 21.03595633333333 3.9999446666666665
vertex -23.29915433333333 21.249948333333332 3.9999446666666665
endloop
endfacet
facet normal 0 0 0.9999999999999999
outer loop
vertex 23.149127333333333 21.03595633333333 3.9999446666666665
vertex 22.96421033333333 20.851039333333333 3.9999446666666665
vertex 27.29987433333333 20.851039333333333 3.9999446666666665
endloop
endfacet
facet normal 0 0 1
outer loop
vertex 23.149127333333333 21.03595633333333 3.9999446666666665
vertex 27.29987433333333 20.851039333333333 3.9999446666666665
vertex 27.29987433333333 21.03595633333333 3.9999446666666665
endloop
endfacet
facet normal 0 0 0.9999999999999999
outer loop
vertex -20.851039333333333 21.03595633333333 3.9999446666666665
vertex -21.03595633333333 20.851039333333333 3.9999446666666665
vertex 21.03595633333333 20.851039333333333 3.9999446666666665
endloop
endfacet
facet normal 0 0 1
outer loop
vertex -20.851039333333333 21.03595633333333 3.9999446666666665
vertex 21.03595633333333 20.851039333333333 3.9999446666666665
vertex 20.851039333333333 21.03595633333333 3.9999446666666665
endloop
endfacet
facet normal 0 0 0.9999999999999999
outer loop
vertex -27.29987433333333 21.03595633333333 3.9999446666666665
vertex -27.29987433333333 20.851039333333333 3.9999446666666665
vertex -22.96421033333333 20.851039333333333 3.9999446666666665
endloop
endfacet
facet normal 0 0 1
outer loop
vertex -27.29987433333333 21.03595633333333 3.9999446666666665
vertex -22.96421033333333 20.851039333333333 3.9999446666666665
vertex -23.149127333333333 21.03595633333333 3.9999446666666665
endloop
endfacet
facet normal 0 0 1
outer loop
vertex 22.96421033333333 20.851039333333333 3.9999446666666665
vertex 22.749830666666664 20.70101233333333 3.9999446666666665
vertex 27.29987433333333 20.70101233333333 3.9999446666666665
endloop
endfacet
facet normal 0 0 1
outer loop
vertex 22.96421033333333 20.851039333333333 3.9999446666666665
vertex 27.29987433333333 20.70101233333333 3.9999446666666665
vertex 27.29987433333333 20.851039333333333 3.9999446666666665
endloop
endfacet
facet normal 0 0 1
outer loop
vertex -21.03595633333333 20.851039333333333 3.9999446666666665
vertex -21.249948333333332 20.70101233333333 3.9999446666666665
vertex 21.249948333333332 20.70101233333333 3.9999446666666665
endloop
endfacet
facet normal 0 0 1
outer loop
vertex -21.03595633333333 20.851039333333333 3.9999446666666665
vertex 21.249948333333332 20.70101233333333 3.9999446666666665
vertex 21.03595633333333 20.851039333333333 3.9999446666666665
endloop
endfacet
facet normal 0 0 1
outer loop
vertex -27.29987433333333 20.851039333333333 3.9999446666666665
vertex -27.29987433333333 20.70101233333333 3.9999446666666665
vertex -22.749830666666664 20.70101233333333 3.9999446666666665
endloop
endfacet
facet normal 0 0 1
outer loop
vertex -27.29987433333333 20.851039333333333 3.9999446666666665
vertex -22.749830666666664 20.70101233333333 3.9999446666666665
vertex -22.96421033333333 20.851039333333333 3.9999446666666665
endloop
endfacet
facet normal 0 0 1
outer loop
vertex 22.749830666666664 20.70101233333333 3.9999446666666665
vertex 22.51296633333333 20.59052733333333 3.9999446666666665
vertex 27.29987433333333 20.59052733333333 3.9999446666666665
endloop
endfacet
facet normal 0 0 1
outer loop
vertex 22.749830666666664 20.70101233333333 3.9999446666666665
vertex 27.29987433333333 20.59052733333333 3.9999446666666665
vertex 27.29987433333333 20.70101233333333 3.9999446666666665
endloop
endfacet
facet normal 0 0 1
outer loop
vertex -21.249948333333332 20.70101233333333 3.9999446666666665
vertex -21.486812666666665 20.59052733333333 3.9999446666666665
vertex 21.486812666666665 20.59052733333333 3.9999446666666665
endloop
endfacet
facet normal 0 0 0.9999999999999999
outer loop
vertex -21.249948333333332 20.70101233333333 3.9999446666666665
vertex 21.486812666666665 20.59052733333333 3.9999446666666665
vertex 21.249948333333332 20.70101233333333 3.9999446666666665
endloop
endfacet
facet normal 0 0 1
outer loop
vertex -27.29987433333333 20.70101233333333 3.9999446666666665
vertex -27.29987433333333 20.59052733333333 3.9999446666666665
vertex -22.51296633333333 20.59052733333333 3.9999446666666665
endloop
endfacet
facet normal 0 0 1
outer loop
vertex -27.29987433333333 20.70101233333333 3.9999446666666665
vertex -22.51296633333333 20.59052733333333 3.9999446666666665
vertex -22.749830666666664 20.70101233333333 3.9999446666666665
endloop
endfacet
facet normal 0 0 1
outer loop
vertex 22.51296633333333 20.59052733333333 3.9999446666666665
vertex 22.26059533333333 20.522685666666664 3.9999446666666665
vertex 27.29987433333333 20.522685666666664 3.9999446666666665
endloop
endfacet
facet normal 0 0 1
outer loop
vertex 22.51296633333333 20.59052733333333 3.9999446666666665
vertex 27.29987433333333 20.522685666666664 3.9999446666666665
vertex 27.29987433333333 20.59052733333333 3.9999446666666665
endloop
endfacet
facet normal 0 0 1
outer loop
vertex -21.486812666666665 20.59052733333333 3.9999446666666665
vertex -21.73957133333333 20.522685666666664 3.9999446666666665
vertex 21.73957133333333 20.522685666666664 3.9999446666666665
endloop
endfacet
facet normal 0 0 0.9999999999999999
outer loop
vertex -21.486812666666665 20.59052733333333 3.9999446666666665
vertex 21.73957133333333 20.522685666666664 3.9999446666666665
vertex 21.486812666666665 20.59052733333333 3.9999446666666665
endloop
endfacet
facet normal 0 0 1
outer loop
vertex -27.29987433333333 20.59052733333333 3.9999446666666665
vertex -27.29987433333333 20.522685666666664 3.9999446666666665
vertex -22.26059533333333 20.522685666666664 3.9999446666666665
endloop
endfacet
facet normal 0 0 1
outer loop
vertex -27.29987433333333 20.59052733333333 3.9999446666666665
vertex -22.26059533333333 20.522685666666664 3.9999446666666665
vertex -22.51296633333333 20.59052733333333 3.9999446666666665
endloop
endfacet
facet normal 0 0 0.9999999999999999
outer loop
vertex 22.26059533333333 20.522685666666664 3.9999446666666665
vertex 22.000083333333333 20.499813333333332 3.9999446666666665
vertex 27.29987433333333 20.499813333333332 3.9999446666666665
endloop
endfacet
facet normal 0 0 1
outer loop
vertex 22.26059533333333 20.522685666666664 3.9999446666666665
vertex 27.29987433333333 20.499813333333332 3.9999446666666665
vertex 27.29987433333333 20.522685666666664 3.9999446666666665
endloop
endfacet
facet normal 0 0 1
outer loop
vertex -21.73957133333333 20.522685666666664 3.9999446666666665
vertex -22.000083333333333 20.499813333333332 3.9999446666666665
vertex 22.000083333333333 20.499813333333332 3.9999446666666665
endloop
endfacet
facet normal 0 0 1
outer loop
vertex -21.73957133333333 20.522685666666664 3.9999446666666665
vertex 22.000083333333333 20.499813333333332 3.9999446666666665
vertex 21.73957133333333 20.522685666666664 3.9999446666666665
endloop
endfacet
facet normal 0 0 0.9999999999999999
outer loop
vertex -27.29987433333333 20.522685666666664 3.9999446666666665
vertex -27.29987433333333 20.499813333333332 3.9999446666666665
vertex -22.000083333333333 20.499813333333332 3.9999446666666665
endloop
endfacet
facet normal 0 0 1
outer loop
vertex -27.29987433333333 20.522685666666664 3.9999446666666665
vertex -22.000083333333333 20.499813333333332 3.9999446666666665
vertex -22.26059533333333 20.522685666666664 3.9999446666666665
endloop
endfacet
facet normal 0 0 0.9999999999999999
outer loop
vertex 0 19.471333666666666 3.9999446666666665
vertex 22.000083333333333 20.499813333333332 3.9999446666666665
vertex -22.000083333333333 20.499813333333332 3.9999446666666665
endloop
endfacet
facet normal 0 0 0.9999999999999999
outer loop
vertex 0 19.471333666666666 3.9999446666666665
vertex -22.000083333333333 20.499813333333332 3.9999446666666665
vertex -27.29987433333333 20.499813333333332 3.9999446666666665
endloop
endfacet
facet normal 0 0 1
outer loop
vertex 0 19.471333666666666 3.9999446666666665
vertex -27.29987433333333 20.499813333333332 3.9999446666666665
vertex -27.29987433333333 18.100156666666667 3.9999446666666665
endloop
endfacet
facet normal 0 0 1
outer loop
vertex 0 19.471333666666666 3.9999446666666665
vertex -27.29987433333333 18.100156666666667 3.9999446666666665
vertex 0 18.100156666666667 3.9999446666666665
endloop
endfacet
facet normal 0 0 1
outer loop
vertex 0 19.471333666666666 3.9999446666666665
vertex 0 18.100156666666667 3.9999446666666665
vertex 27.29987433333333 18.100156666666667 3.9999446666666665
endloop
endfacet
facet normal 0 0 1
outer loop
vertex 0 19.471333666666666 3.9999446666666665
vertex 27.29987433333333 18.100156666666667 3.9999446666666665
vertex 27.29987433333333 20.499813333333332 3.9999446666666665
endloop
endfacet
facet normal 0 0 0.9999999999999999
outer loop
vertex 0 19.471333666666666 3.9999446666666665
vertex 27.29987433333333 20.499813333333332 3.9999446666666665
vertex 22.000083333333333 20.499813333333332 3.9999446666666665
endloop
endfacet
facet normal 0 0 1
outer loop
vertex 0 18.100156666666667 3.9999446666666665
vertex 0.2740803333333333 18.08193633333333 3.9999446666666665
vertex 27.29987433333333 18.08193633333333 3.9999446666666665
endloop
endfacet
facet normal 0 0 0.9999999999999999
outer loop
vertex 0 18.100156666666667 3.9999446666666665
vertex 27.29987433333333 18.08193633333333 3.9999446666666665
vertex 27.29987433333333 18.100156666666667 3.9999446666666665
endloop
endfacet
facet normal 0 0 1
outer loop
vertex -27.29987433333333 18.100156666666667 3.9999446666666665
vertex -27.29987433333333 18.08193633333333 3.9999446666666665
vertex -0.2740803333333333 18.08193633333333 3.9999446666666665
endloop
endfacet
facet normal 0 0 0.9999999999999999
outer loop
vertex -27.29987433333333 18.100156666666667 3.9999446666666665
vertex -0.2740803333333333 18.08193633333333 3.9999446666666665
vertex 0 18.100156666666667 3.9999446666666665
endloop
endfacet
facet normal 0 0 1
outer loop
vertex 0.2740803333333333 18.08193633333333 3.9999446666666665
vertex 0.5435086666666666 18.028438333333334 3.9999446666666665
vertex 27.29987433333333 18.028438333333334 3.9999446666666665
endloop
endfacet
facet normal 0 0 1
outer loop
vertex 0.2740803333333333 18.08193633333333 3.9999446666666665
vertex 27.29987433333333 18.028438333333334 3.9999446666666665
vertex 27.29987433333333 18.08193633333333 3.9999446666666665
endloop
endfacet
facet normal 0 0 1
outer loop
vertex -27.29987433333333 18.08193633333333 3.9999446666666665
vertex -27.29987433333333 18.028438333333334 3.9999446666666665
vertex -0.5435086666666666 18.028438333333334 3.9999446666666665
endloop
endfacet
facet normal 0 0 1
outer loop
vertex -27.29987433333333 18.08193633333333 3.9999446666666665
vertex -0.5435086666666666 18.028438333333334 3.9999446666666665
vertex -0.2740803333333333 18.08193633333333 3.9999446666666665
endloop
endfacet
facet normal 0 0 1
outer loop
vertex 0.5435086666666666 18.028438333333334 3.9999446666666665
vertex 0.8036329999999999 17.940050333333332 3.9999446666666665
vertex 27.29987433333333 17.940050333333332 3.9999446666666665
endloop
endfacet
facet normal 0 0 1
outer loop
vertex 0.5435086666666666 18.028438333333334 3.9999446666666665
vertex 27.29987433333333 17.940050333333332 3.9999446666666665
vertex 27.29987433333333 18.028438333333334 3.9999446666666665
endloop
endfacet
facet normal 0 0 1
outer loop
vertex -27.29987433333333 18.028438333333334 3.9999446666666665
vertex -27.29987433333333 17.940050333333332 3.9999446666666665
vertex -0.8036329999999999 17.940050333333332 3.9999446666666665
endloop
endfacet
facet normal 0 0 1
outer loop
vertex -27.29987433333333 18.028438333333334 3.9999446666666665
vertex -0.8036329999999999 17.940050333333332 3.9999446666666665
vertex -0.5435086666666666 18.028438333333334 3.9999446666666665
endloop
endfacet
facet normal 0 0 0.9999999999999999
outer loop
vertex 0.8036329999999999 17.940050333333332 3.9999446666666665
vertex 1.0501889999999998 17.818710666666664 3.9999446666666665
vertex 27.29987433333333 17.818710666666664 3.9999446666666665
endloop
endfacet
facet normal 0 0 0.9999999999999999
outer loop
vertex 0.8036329999999999 17.940050333333332 3.9999446666666665
vertex 27.29987433333333 17.818710666666664 3.9999446666666665
vertex 27.29987433333333 17.940050333333332 3.9999446666666665
endloop
endfacet
facet normal 0 0 0.9999999999999999
outer loop
vertex -27.29987433333333 17.940050333333332 3.9999446666666665
vertex -27.29987433333333 17.818710666666664 3.9999446666666665
vertex -1.0501889999999998 17.818710666666664 3.9999446666666665
endloop
endfacet
facet normal 0 0 0.9999999999999999
outer loop
vertex -27.29987433333333 17.940050333333332 3.9999446666666665
vertex -1.0501889999999998 17.818710666666664 3.9999446666666665
vertex -0.8036329999999999 17.940050333333332 3.9999446666666665
endloop
endfacet
facet normal 0 0 1
outer loop
vertex 1.0501889999999998 17.818710666666664 3.9999446666666665
vertex 1.2785246666666665 17.665969999999998 3.9999446666666665
vertex 27.29987433333333 17.665969999999998 3.9999446666666665
endloop
endfacet
facet normal 0 0 1
outer loop
vertex 1.0501889999999998 17.818710666666664 3.9999446666666665
vertex 27.29987433333333 17.665969999999998 3.9999446666666665
vertex 27.29987433333333 17.818710666666664 3.9999446666666665
endloop
endfacet
facet normal 0 0 1
outer loop
vertex -27.29987433333333 17.818710666666664 3.9999446666666665
vertex -27.29987433333333 17.665969999999998 3.9999446666666665
vertex -1.2785246666666665 17.665969999999998 3.9999446666666665
endloop
endfacet
facet normal 0 0 1
outer loop
vertex -27.29987433333333 17.818710666666664 3.9999446666666665
vertex -1.2785246666666665 17.665969999999998 3.9999446666666665
vertex -1.0501889999999998 17.818710666666664 3.9999446666666665
endloop
endfacet
facet normal 0 0 1
outer loop
vertex 1.2785246666666665 17.665969999999998 3.9999446666666665
vertex 1.4847633333333332 17.484929666666666 3.9999446666666665
vertex 27.29987433333333 17.484929666666666 3.9999446666666665
endloop
endfacet
facet normal 0 0 1
outer loop
vertex 1.2785246666666665 17.665969999999998 3.9999446666666665
vertex 27.29987433333333 17.484929666666666 3.9999446666666665
vertex 27.29987433333333 17.665969999999998 3.9999446666666665
endloop
endfacet
facet normal 0 0 1
outer loop
vertex -27.29987433333333 17.665969999999998 3.9999446666666665
vertex -27.29987433333333 17.484929666666666 3.9999446666666665
vertex -1.4847633333333332 17.484929666666666 3.9999446666666665
endloop
endfacet
facet normal 0 0 1
outer loop
vertex -27.29987433333333 17.665969999999998 3.9999446666666665
vertex -1.4847633333333332 17.484929666666666 3.9999446666666665
vertex -1.2785246666666665 17.665969999999998 3.9999446666666665
endloop
endfacet
facet normal 0 0 0.9999999999999999
outer loop
vertex 1.4847633333333332 17.484929666666666 3.9999446666666665
vertex 1.6661913333333331 17.278303333333334 3.9999446666666665
vertex 27.29987433333333 17.278303333333334 3.9999446666666665
endloop
endfacet
facet normal 0 0 1
outer loop
vertex 1.4847633333333332 17.484929666666666 3.9999446666666665
vertex 27.29987433333333 17.278303333333334 3.9999446666666665
vertex 27.29987433333333 17.484929666666666 3.9999446666666665
endloop
endfacet
facet normal 0 0 0.9999999999999999
outer loop
vertex -27.29987433333333 17.484929666666666 3.9999446666666665
vertex -27.29987433333333 17.278303333333334 3.9999446666666665
vertex -1.6661913333333331 17.278303333333334 3.9999446666666665
endloop
endfacet
facet normal 0 0 1
outer loop
vertex -27.29987433333333 17.484929666666666 3.9999446666666665
vertex -1.6661913333333331 17.278303333333334 3.9999446666666665
vertex -1.4847633333333332 17.484929666666666 3.9999446666666665
endloop
endfacet
facet normal 0 0 1
outer loop
vertex 1.6661913333333331 17.278303333333334 3.9999446666666665
vertex 1.818544333333333 17.049967666666664 3.9999446666666665
vertex 27.29987433333333 17.049967666666664 3.9999446666666665
endloop
endfacet
facet normal 0 0 1
outer loop
vertex 1.6661913333333331 17.278303333333334 3.9999446666666665
vertex 27.29987433333333 17.049967666666664 3.9999446666666665
vertex 27.29987433333333 17.278303333333334 3.9999446666666665
endloop
endfacet
facet normal 0 0 1
outer loop
vertex -27.29987433333333 17.278303333333334 3.9999446666666665
vertex -27.29987433333333 17.049967666666664 3.9999446666666665
vertex -1.818544333333333 17.049967666666664 3.9999446666666665
endloop
endfacet
facet normal 0 0 1
outer loop
vertex -27.29987433333333 17.278303333333334 3.9999446666666665
vertex -1.818544333333333 17.049967666666664 3.9999446666666665
vertex -1.6661913333333331 17.278303333333334 3.9999446666666665
endloop
endfacet
facet normal 0 0 1
outer loop
vertex 1.818544333333333 17.049967666666664 3.9999446666666665
vertex 1.9402716666666666 16.80379933333333 3.9999446666666665
vertex 27.29987433333333 16.80379933333333 3.9999446666666665
endloop
endfacet
facet normal 0 0 1
outer loop
vertex 1.818544333333333 17.049967666666664 3.9999446666666665
vertex 27.29987433333333 16.80379933333333 3.9999446666666665
vertex 27.29987433333333 17.049967666666664 3.9999446666666665
endloop
endfacet
facet normal 0 0 1
outer loop
vertex -27.29987433333333 17.049967666666664 3.9999446666666665
vertex -27.29987433333333 16.80379933333333 3.9999446666666665
vertex -1.9402716666666666 16.80379933333333 3.9999446666666665
endloop
endfacet
facet normal 0 0 1
outer loop
vertex -27.29987433333333 17.049967666666664 3.9999446666666665
vertex -1.9402716666666666 16.80379933333333 3.9999446666666665
vertex -1.818544333333333 17.049967666666664 3.9999446666666665
endloop
endfacet
facet normal 0 0 1
outer loop
vertex 1.9402716666666666 16.80379933333333 3.9999446666666665
vertex 2.028272 16.543675 3.9999446666666665
vertex 27.29987433333333 16.543675 3.9999446666666665
endloop
endfacet
facet normal 0 0 1
outer loop
vertex 1.9402716666666666 16.80379933333333 3.9999446666666665
vertex 27.29987433333333 16.543675 3.9999446666666665
vertex 27.29987433333333 16.80379933333333 3.9999446666666665
endloop
endfacet
facet normal 0 0 1
outer loop
vertex -27.29987433333333 16.80379933333333 3.9999446666666665
vertex -27.29987433333333 16.543675 3.9999446666666665
vertex -2.028272 16.543675 3.9999446666666665
endloop
endfacet
facet normal 0 0 1
outer loop
vertex -27.29987433333333 16.80379933333333 3.9999446666666665
vertex -2.028272 16.543675 3.9999446666666665
vertex -1.9402716666666666 16.80379933333333 3.9999446666666665
endloop
endfacet
facet normal 0 0 1
outer loop
vertex 2.028272 16.543675 3.9999446666666665
vertex 2.0821576666666664 16.274246666666667 3.9999446666666665
vertex 27.29987433333333 16.274246666666667 3.9999446666666665
endloop
endfacet
facet normal 0 0 1
outer loop
vertex 2.028272 16.543675 3.9999446666666665
vertex 27.29987433333333 16.274246666666667 3.9999446666666665
vertex 27.29987433333333 16.543675 3.9999446666666665
endloop
endfacet
facet normal 0 0 0.9999999999999999
outer loop
vertex -27.29987433333333 16.543675 3.9999446666666665
vertex -27.29987433333333 16.274246666666667 3.9999446666666665
vertex -2.0821576666666664 16.274246666666667 3.9999446666666665
endloop
endfacet
facet normal 0 0 1
outer loop
vertex -27.29987433333333 16.543675 3.9999446666666665
vertex -2.0821576666666664 16.274246666666667 3.9999446666666665
vertex -2.028272 16.543675 3.9999446666666665
endloop
endfacet
facet normal 0 0 0.9999999999999999
outer loop
vertex 2.0821576666666664 16.274246666666667 3.9999446666666665
vertex 2.0999903333333334 16.000166333333333 3.9999446666666665
vertex 27.29987433333333 16.000166333333333 3.9999446666666665
endloop
endfacet
facet normal 0 0 0.9999999999999999
outer loop
vertex 2.0821576666666664 16.274246666666667 3.9999446666666665
vertex 27.29987433333333 16.000166333333333 3.9999446666666665
vertex 27.29987433333333 16.274246666666667 3.9999446666666665
endloop
endfacet
facet normal 0 0 0.9999999999999999
outer loop
vertex -27.29987433333333 16.274246666666667 3.9999446666666665
vertex -27.29987433333333 16.000166333333333 3.9999446666666665
vertex -2.0999903333333334 16.000166333333333 3.9999446666666665
endloop
endfacet
facet normal 0 0 0.9999999999999999
outer loop
vertex -27.29987433333333 16.274246666666667 3.9999446666666665
vertex -2.0999903333333334 16.000166333333333 3.9999446666666665
vertex -2.0821576666666664 16.274246666666667 3.9999446666666665
endloop
endfacet
facet normal 0 0 0.9999999999999999
outer loop
vertex 2.0999903333333334 16.000166333333333 3.9999446666666665
vertex 2.0821576666666664 15.726085999999999 3.9999446666666665
vertex 27.29987433333333 15.726085999999999 3.9999446666666665
endloop
endfacet
facet normal 0 0 0.9999999999999999
outer loop
vertex 2.0999903333333334 16.000166333333333 3.9999446666666665
vertex 27.29987433333333 15.726085999999999 3.9999446666666665
vertex 27.29987433333333 16.000166333333333 3.9999446666666665
endloop
endfacet
facet normal 0 0 0.9999999999999999
outer loop
vertex -27.29987433333333 16.000166333333333 3.9999446666666665
vertex -27.29987433333333 15.726085999999999 3.9999446666666665
vertex -2.0821576666666664 15.726085999999999 3.9999446666666665
endloop
endfacet
facet normal 0 0 0.9999999999999999
outer loop
vertex -27.29987433333333 16.000166333333333 3.9999446666666665
vertex -2.0821576666666664 15.726085999999999 3.9999446666666665
vertex -2.0999903333333334 16.000166333333333 3.9999446666666665
endloop
endfacet
facet normal 0 0 1
outer loop
vertex 2.0821576666666664 15.726085999999999 3.9999446666666665
vertex 2.028272 15.456657666666665 3.9999446666666665
vertex 27.29987433333333 15.456657666666665 3.9999446666666665
endloop
endfacet
facet normal 0 0 0.9999999999999999
outer loop
vertex 2.0821576666666664 15.726085999999999 3.9999446666666665
vertex 27.29987433333333 15.456657666666665 3.9999446666666665
vertex 27.29987433333333 15.726085999999999 3.9999446666666665
endloop
endfacet
facet normal 0 0 1
outer loop
vertex -27.29987433333333 15.726085999999999 3.9999446666666665
vertex -27.29987433333333 15.456657666666665 3.9999446666666665
vertex -2.028272 15.456657666666665 3.9999446666666665
endloop
endfacet
facet normal 0 0 0.9999999999999999
outer loop
vertex -27.29987433333333 15.726085999999999 3.9999446666666665
vertex -2.028272 15.456657666666665 3.9999446666666665
vertex -2.0821576666666664 15.726085999999999 3.9999446666666665
endloop
endfacet
facet normal 0 0 1
outer loop
vertex 2.028272 15.456657666666665 3.9999446666666665
vertex 1.9402716666666666 15.196533333333333 3.9999446666666665
vertex 27.29987433333333 15.196533333333333 3.9999446666666665
endloop
endfacet
facet normal 0 0 1
outer loop
vertex 2.028272 15.456657666666665 3.9999446666666665
vertex 27.29987433333333 15.196533333333333 3.9999446666666665
vertex 27.29987433333333 15.456657666666665 3.9999446666666665
endloop
endfacet
facet normal 0 0 1
outer loop
vertex -27.29987433333333 15.456657666666665 3.9999446666666665
vertex -27.29987433333333 15.196533333333333 3.9999446666666665
vertex -1.9402716666666666 15.196533333333333 3.9999446666666665
endloop
endfacet
facet normal 0 0 1
outer loop
vertex -27.29987433333333 15.456657666666665 3.9999446666666665
vertex -1.9402716666666666 15.196533333333333 3.9999446666666665
vertex -2.028272 15.456657666666665 3.9999446666666665
endloop
endfacet
facet normal 0 0 0.9999999999999999
outer loop
vertex 1.9402716666666666 15.196533333333333 3.9999446666666665
vertex 1.818544333333333 14.949977333333333 3.9999446666666665
vertex 27.29987433333333 14.949977333333333 3.9999446666666665
endloop
endfacet
facet normal 0 0 1
outer loop
vertex 1.9402716666666666 15.196533333333333 3.9999446666666665
vertex 27.29987433333333 14.949977333333333 3.9999446666666665
vertex 27.29987433333333 15.196533333333333 3.9999446666666665
endloop
endfacet
facet normal 0 0 1
outer loop
vertex -27.29987433333333 15.196533333333333 3.9999446666666665
vertex -27.29987433333333 14.949977333333333 3.9999446666666665
vertex -1.818544333333333 14.949977333333333 3.9999446666666665
endloop
endfacet
facet normal 0 0 1
outer loop
vertex -27.29987433333333 15.196533333333333 3.9999446666666665
vertex -1.818544333333333 14.949977333333333 3.9999446666666665
vertex -1.9402716666666666 15.196533333333333 3.9999446666666665
endloop
endfacet
facet normal 0 0 1
outer loop
vertex 1.818544333333333 14.949977333333333 3.9999446666666665
vertex 1.6661913333333331 14.721641666666665 3.9999446666666665
vertex 27.29987433333333 14.721641666666665 3.9999446666666665
endloop
endfacet
facet normal 0 0 1
outer loop
vertex 1.818544333333333 14.949977333333333 3.9999446666666665
vertex 27.29987433333333 14.721641666666665 3.9999446666666665
vertex 27.29987433333333 14.949977333333333 3.9999446666666665
endloop
endfacet
facet normal 0 0 1
outer loop
vertex -27.29987433333333 14.949977333333333 3.9999446666666665
vertex -27.29987433333333 14.721641666666665 3.9999446666666665
vertex -1.6661913333333331 14.721641666666665 3.9999446666666665
endloop
endfacet
facet normal 0 0 1
outer loop
vertex -27.29987433333333 14.949977333333333 3.9999446666666665
vertex -1.6661913333333331 14.721641666666665 3.9999446666666665
vertex -1.818544333333333 14.949977333333333 3.9999446666666665
endloop
endfacet
facet normal 0 0 1
outer loop
vertex 1.6661913333333331 14.721641666666665 3.9999446666666665
vertex 1.4847633333333332 14.515015333333332 3.9999446666666665
vertex 27.29987433333333 14.515015333333332 3.9999446666666665
endloop
endfacet
facet normal 0 0 0.9999999999999999
outer loop
vertex 1.6661913333333331 14.721641666666665 3.9999446666666665
vertex 27.29987433333333 14.515015333333332 3.9999446666666665
vertex 27.29987433333333 14.721641666666665 3.9999446666666665
endloop
endfacet
facet normal 0 0 1
outer loop
vertex -27.29987433333333 14.721641666666665 3.9999446666666665
vertex -27.29987433333333 14.515015333333332 3.9999446666666665
vertex -1.4847633333333332 14.515015333333332 3.9999446666666665
endloop
endfacet
facet normal 0 0 0.9999999999999999
outer loop
vertex -27.29987433333333 14.721641666666665 3.9999446666666665
vertex -1.4847633333333332 14.515015333333332 3.9999446666666665
vertex -1.6661913333333331 14.721641666666665 3.9999446666666665
endloop
endfacet
facet normal 0 0 1
outer loop
vertex 1.4847633333333332 14.515015333333332 3.9999446666666665
vertex 1.2785246666666665 14.333974999999999 3.9999446666666665
vertex 27.29987433333333 14.333974999999999 3.9999446666666665
endloop
endfacet
facet normal 0 0 1
outer loop
vertex 1.4847633333333332 14.515015333333332 3.9999446666666665
vertex 27.29987433333333 14.333974999999999 3.9999446666666665
vertex 27.29987433333333 14.515015333333332 3.9999446666666665
endloop
endfacet
facet normal 0 0 1
outer loop
vertex -27.29987433333333 14.515015333333332 3.9999446666666665
vertex -27.29987433333333 14.333974999999999 3.9999446666666665
vertex -1.2785246666666665 14.333974999999999 3.9999446666666665
endloop
endfacet
facet normal 0 0 1
outer loop
vertex -27.29987433333333 14.515015333333332 3.9999446666666665
vertex -1.2785246666666665 14.333974999999999 3.9999446666666665
vertex -1.4847633333333332 14.515015333333332 3.9999446666666665
endloop
endfacet
facet normal 0 0 1
outer loop
vertex 1.2785246666666665 14.333974999999999 3.9999446666666665
vertex 1.0501889999999998 14.181234333333332 3.9999446666666665
vertex 27.29987433333333 14.181234333333332 3.9999446666666665
endloop
endfacet
facet normal 0 0 1
outer loop
vertex 1.2785246666666665 14.333974999999999 3.9999446666666665
vertex 27.29987433333333 14.181234333333332 3.9999446666666665
vertex 27.29987433333333 14.333974999999999 3.9999446666666665
endloop
endfacet
facet normal 0 0 1
outer loop
vertex -27.29987433333333 14.333974999999999 3.9999446666666665
vertex -27.29987433333333 14.181234333333332 3.9999446666666665
vertex -1.0501889999999998 14.181234333333332 3.9999446666666665
endloop
endfacet
facet normal 0 0 1
outer loop
vertex -27.29987433333333 14.333974999999999 3.9999446666666665
vertex -1.0501889999999998 14.181234333333332 3.9999446666666665
vertex -1.2785246666666665 14.333974999999999 3.9999446666666665
endloop
endfacet
facet normal 0 0 0.9999999999999999
outer loop
vertex 1.0501889999999998 14.181234333333332 3.9999446666666665
vertex 0.8036329999999999 14.059894666666665 3.9999446666666665
vertex 27.29987433333333 14.059894666666665 3.9999446666666665
endloop
endfacet
facet normal 0 0 0.9999999999999999
outer loop
vertex 1.0501889999999998 14.181234333333332 3.9999446666666665
vertex 27.29987433333333 14.059894666666665 3.9999446666666665
vertex 27.29987433333333 14.181234333333332 3.9999446666666665
endloop
endfacet
facet normal 0 0 0.9999999999999999
outer loop
vertex -27.29987433333333 14.181234333333332 3.9999446666666665
vertex -27.29987433333333 14.059894666666665 3.9999446666666665
vertex -0.8036329999999999 14.059894666666665 3.9999446666666665
endloop
endfacet
facet normal 0 0 0.9999999999999999
outer loop
vertex -27.29987433333333 14.181234333333332 3.9999446666666665
vertex -0.8036329999999999 14.059894666666665 3.9999446666666665
vertex -1.0501889999999998 14.181234333333332 3.9999446666666665
endloop
endfacet
facet normal 0 0 1
outer loop
vertex 0.8036329999999999 14.059894666666665 3.9999446666666665
vertex 0.5435086666666666 13.971506666666667 3.9999446666666665
vertex 27.29987433333333 13.971506666666667 3.9999446666666665
endloop
endfacet
facet normal 0 0 1
outer loop
vertex 0.8036329999999999 14.059894666666665 3.9999446666666665
vertex 27.29987433333333 13.971506666666667 3.9999446666666665
vertex 27.29987433333333 14.059894666666665 3.9999446666666665
endloop
endfacet
facet normal 0 0 1
outer loop
vertex -27.29987433333333 14.059894666666665 3.9999446666666665
vertex -27.29987433333333 13.971506666666667 3.9999446666666665
vertex -0.5435086666666666 13.971506666666667 3.9999446666666665
endloop
endfacet
facet normal 0 0 1
outer loop
vertex -27.29987433333333 14.059894666666665 3.9999446666666665
vertex -0.5435086666666666 13.971506666666667 3.9999446666666665
vertex -0.8036329999999999 14.059894666666665 3.9999446666666665
endloop
endfacet
facet normal 0 0 1
outer loop
vertex 0.5435086666666666 13.971506666666667 3.9999446666666665
vertex 0.2740803333333333 13.918008666666665 3.9999446666666665
vertex 27.29987433333333 13.918008666666665 3.9999446666666665
endloop
endfacet
facet normal 0 0 1
outer loop
vertex 0.5435086666666666 13.971506666666667 3.9999446666666665
vertex 27.29987433333333 13.918008666666665 3.9999446666666665
vertex 27.29987433333333 13.971506666666667 3.9999446666666665
endloop
endfacet
facet normal 0 0 1
outer loop
vertex -27.29987433333333 13.971506666666667 3.9999446666666665
vertex -27.29987433333333 13.918008666666665 3.9999446666666665
vertex -0.2740803333333333 13.918008666666665 3.9999446666666665
endloop
endfacet
facet normal 0 0 1
outer loop
vertex -27.29987433333333 13.971506666666667 3.9999446666666665
vertex -0.2740803333333333 13.918008666666665 3.9999446666666665
vertex -0.5435086666666666 13.971506666666667 3.9999446666666665
endloop
endfacet
facet normal 0 0 1
outer loop
vertex 0.2740803333333333 13.918008666666665 3.9999446666666665
vertex 0 13.900175999999998 3.9999446666666665
vertex 27.29987433333333 13.900175999999998 3.9999446666666665
endloop
endfacet
facet normal 0 0 1
outer loop
vertex 0.2740803333333333 13.918008666666665 3.9999446666666665
vertex 27.29987433333333 13.900175999999998 3.9999446666666665
vertex 27.29987433333333 13.918008666666665 3.9999446666666665
endloop
endfacet
facet normal 0 0 1
outer loop
vertex -27.29987433333333 13.918008666666665 3.9999446666666665
vertex -27.29987433333333 13.900175999999998 3.9999446666666665
vertex 0 13.900175999999998 3.9999446666666665
endloop
endfacet
facet normal 0 0 1
outer loop
vertex -27.29987433333333 13.918008666666665 3.9999446666666665
vertex 0 13.900175999999998 3.9999446666666665
vertex -0.2740803333333333 13.918008666666665 3.9999446666666665
endloop
endfacet
facet normal 0 0 0.9999999999999999
outer loop
vertex 0 0 3.9999446666666665
vertex 0 13.900175999999998 3.9999446666666665
vertex -27.29987433333333 13.900175999999998 3.9999446666666665
endloop
endfacet
facet normal 0 0 0.9999999999999999
outer loop
vertex 0 0 3.9999446666666665
vertex -27.29987433333333 13.900175999999998 3.9999446666666665
vertex -27.29987433333333 -13.900175999999998 3.9999446666666665
endloop
endfacet
facet normal 0 0 0.9999999999999999
outer loop
vertex 0 0 3.9999446666666665
vertex -27.29987433333333 -13.900175999999998 3.9999446666666665
vertex 0 -13.900175999999998 3.9999446666666665
endloop
endfacet
facet normal 0 0 0.9999999999999999
outer loop
vertex 0 0 3.9999446666666665
vertex 0 -13.900175999999998 3.9999446666666665
vertex 27.29987433333333 -13.900175999999998 3.9999446666666665
endloop
endfacet
facet normal 0 0 0.9999999999999999
outer loop
vertex 0 0 3.9999446666666665
vertex 27.29987433333333 -13.900175999999998 3.9999446666666665
vertex 27.29987433333333 13.900175999999998 3.9999446666666665
endloop
endfacet
facet normal 0 0 0.9999999999999999
outer loop
vertex 0 0 3.9999446666666665
vertex 27.29987433333333 13.900175999999998 3.9999446666666665
vertex 0 13.900175999999998 3.9999446666666665
endloop
endfacet
facet normal 0 0 1
outer loop
vertex 0 -13.900175999999998 3.9999446666666665
vertex 0.2740803333333333 -13.918008666666665 3.9999446666666665
vertex 27.29987433333333 -13.918008666666665 3.9999446666666665
endloop
endfacet
facet normal 0 0 1
outer loop
vertex 0 -13.900175999999998 3.9999446666666665
vertex 27.29987433333333 -13.918008666666665 3.9999446666666665
vertex 27.29987433333333 -13.900175999999998 3.9999446666666665
endloop
endfacet
facet normal 0 0 1
outer loop
vertex -27.29987433333333 -13.900175999999998 3.9999446666666665
vertex -27.29987433333333 -13.918008666666665 3.9999446666666665
vertex -0.2740803333333333 -13.918008666666665 3.9999446666666665
endloop
endfacet
facet normal 0 0 1
outer loop
vertex -27.29987433333333 -13.900175999999998 3.9999446666666665
vertex -0.2740803333333333 -13.918008666666665 3.9999446666666665
vertex 0 -13.900175999999998 3.9999446666666665
endloop
endfacet
facet normal 0 0 1
outer loop
vertex 0.2740803333333333 -13.918008666666665 3.9999446666666665
vertex 0.5435086666666666 -13.971506666666667 3.9999446666666665
vertex 27.29987433333333 -13.971506666666667 3.9999446666666665
endloop
endfacet
facet normal 0 0 1
outer loop
vertex 0.2740803333333333 -13.918008666666665 3.9999446666666665
vertex 27.29987433333333 -13.971506666666667 3.9999446666666665
vertex 27.29987433333333 -13.918008666666665 3.9999446666666665
endloop
endfacet
facet normal 0 0 1
outer loop
vertex -27.29987433333333 -13.918008666666665 3.9999446666666665
vertex -27.29987433333333 -13.971506666666667 3.9999446666666665
vertex -0.5435086666666666 -13.971506666666667 3.9999446666666665
endloop
endfacet
facet normal 0 0 1
outer loop
vertex -27.29987433333333 -13.918008666666665 3.9999446666666665
vertex -0.5435086666666666 -13.971506666666667 3.9999446666666665
vertex -0.2740803333333333 -13.918008666666665 3.9999446666666665
endloop
endfacet
facet normal 0 0 1
outer loop
vertex 0.5435086666666666 -13.971506666666667 3.9999446666666665
vertex 0.8036329999999999 -14.059894666666665 3.9999446666666665
vertex 27.29987433333333 -14.059894666666665 3.9999446666666665
endloop
endfacet
facet normal 0 0 1
outer loop
vertex 0.5435086666666666 -13.971506666666667 3.9999446666666665
vertex 27.29987433333333 -14.059894666666665 3.9999446666666665
vertex 27.29987433333333 -13.971506666666667 3.9999446666666665
endloop
endfacet
facet normal 0 0 1
outer loop
vertex -27.29987433333333 -13.971506666666667 3.9999446666666665
vertex -27.29987433333333 -14.059894666666665 3.9999446666666665
vertex -0.8036329999999999 -14.059894666666665 3.9999446666666665
endloop
endfacet
facet normal 0 0 1
outer loop
vertex -27.29987433333333 -13.971506666666667 3.9999446666666665
vertex -0.8036329999999999 -14.059894666666665 3.9999446666666665
vertex -0.5435086666666666 -13.971506666666667 3.9999446666666665
endloop
endfacet
facet normal 0 0 0.9999999999999999
outer loop
vertex 0.8036329999999999 -14.059894666666665 3.9999446666666665
vertex 1.0501889999999998 -14.181234333333332 3.9999446666666665
vertex 27.29987433333333 -14.181234333333332 3.9999446666666665
endloop
endfacet
facet normal 0 0 0.9999999999999999
outer loop
vertex 0.8036329999999999 -14.059894666666665 3.9999446666666665
vertex 27.29987433333333 -14.181234333333332 3.9999446666666665
vertex 27.29987433333333 -14.059894666666665 3.9999446666666665
endloop
endfacet
facet normal 0 0 0.9999999999999999
outer loop
vertex -27.29987433333333 -14.059894666666665 3.9999446666666665
vertex -27.29987433333333 -14.181234333333332 3.9999446666666665
vertex -1.0501889999999998 -14.181234333333332 3.9999446666666665
endloop
endfacet
facet normal 0 0 0.9999999999999999
outer loop
vertex -27.29987433333333 -14.059894666666665 3.9999446666666665
vertex -1.0501889999999998 -14.181234333333332 3.9999446666666665
vertex -0.8036329999999999 -14.059894666666665 3.9999446666666665
endloop
endfacet
facet normal 0 0 1
outer loop
vertex 1.0501889999999998 -14.181234333333332 3.9999446666666665
vertex 1.2785246666666665 -14.333974999999999 3.9999446666666665
vertex 27.29987433333333 -14.333974999999999 3.9999446666666665
endloop
endfacet
facet normal 0 0 1
outer loop
vertex 1.0501889999999998 -14.181234333333332 3.9999446666666665
vertex 27.29987433333333 -14.333974999999999 3.9999446666666665
vertex 27.29987433333333 -14.181234333333332 3.9999446666666665
endloop
endfacet
facet normal 0 0 1
outer loop
vertex -27.29987433333333 -14.181234333333332 3.9999446666666665
vertex -27.29987433333333 -14.333974999999999 3.9999446666666665
vertex -1.2785246666666665 -14.333974999999999 3.9999446666666665
endloop
endfacet
facet normal 0 0 1
outer loop
vertex -27.29987433333333 -14.181234333333332 3.9999446666666665
vertex -1.2785246666666665 -14.333974999999999 3.9999446666666665
vertex -1.0501889999999998 -14.181234333333332 3.9999446666666665
endloop
endfacet
facet normal 0 0 1
outer loop
vertex 1.2785246666666665 -14.333974999999999 3.9999446666666665
vertex 1.4847633333333332 -14.515015333333332 3.9999446666666665
vertex 27.29987433333333 -14.515015333333332 3.9999446666666665
endloop
endfacet
facet normal 0 0 1
outer loop
vertex 1.2785246666666665 -14.333974999999999 3.9999446666666665
vertex 27.29987433333333 -14.515015333333332 3.9999446666666665
vertex 27.29987433333333 -14.333974999999999 3.9999446666666665
endloop
endfacet
facet normal 0 0 1
outer loop
vertex -27.29987433333333 -14.333974999999999 3.9999446666666665
vertex -27.29987433333333 -14.515015333333332 3.9999446666666665
vertex -1.4847633333333332 -14.515015333333332 3.9999446666666665
endloop
endfacet
facet normal 0 0 1
outer loop
vertex -27.29987433333333 -14.333974999999999 3.9999446666666665
vertex -1.4847633333333332 -14.515015333333332 3.9999446666666665
vertex -1.2785246666666665 -14.333974999999999 3.9999446666666665
endloop
endfacet
facet normal 0 0 0.9999999999999999
outer loop
vertex 1.4847633333333332 -14.515015333333332 3.9999446666666665
vertex 1.6661913333333331 -14.721641666666665 3.9999446666666665
vertex 27.29987433333333 -14.721641666666665 3.9999446666666665
endloop
endfacet
facet normal 0 0 1
outer loop
vertex 1.4847633333333332 -14.515015333333332 3.9999446666666665
vertex 27.29987433333333 -14.721641666666665 3.9999446666666665
vertex 27.29987433333333 -14.515015333333332 3.9999446666666665
endloop
endfacet
facet normal 0 0 0.9999999999999999
outer loop
vertex -27.29987433333333 -14.515015333333332 3.9999446666666665
vertex -27.29987433333333 -14.721641666666665 3.9999446666666665
vertex -1.6661913333333331 -14.721641666666665 3.9999446666666665
endloop
endfacet
facet normal 0 0 1
outer loop
vertex -27.29987433333333 -14.515015333333332 3.9999446666666665
vertex -1.6661913333333331 -14.721641666666665 3.9999446666666665
vertex -1.4847633333333332 -14.515015333333332 3.9999446666666665
endloop
endfacet
facet normal 0 0 1
outer loop
vertex 1.6661913333333331 -14.721641666666665 3.9999446666666665
vertex 1.818544333333333 -14.949977333333333 3.9999446666666665
vertex 27.29987433333333 -14.949977333333333 3.9999446666666665
endloop
endfacet
facet normal 0 0 1
outer loop
vertex 1.6661913333333331 -14.721641666666665 3.9999446666666665
vertex 27.29987433333333 -14.949977333333333 3.9999446666666665
vertex 27.29987433333333 -14.721641666666665 3.9999446666666665
endloop
endfacet
facet normal 0 0 1
outer loop
vertex -27.29987433333333 -14.721641666666665 3.9999446666666665
vertex -27.29987433333333 -14.949977333333333 3.9999446666666665
vertex -1.818544333333333 -14.949977333333333 3.9999446666666665
endloop
endfacet
facet normal 0 0 1
outer loop
vertex -27.29987433333333 -14.721641666666665 3.9999446666666665
vertex -1.818544333333333 -14.949977333333333 3.9999446666666665
vertex -1.6661913333333331 -14.721641666666665 3.9999446666666665
endloop
endfacet
facet normal 0 0 1
outer loop
vertex 1.818544333333333 -14.949977333333333 3.9999446666666665
vertex 1.9402716666666666 -15.196533333333333 3.9999446666666665
vertex 27.29987433333333 -15.196533333333333 3.9999446666666665
endloop
endfacet
facet normal 0 0 1
outer loop
vertex 1.818544333333333 -14.949977333333333 3.9999446666666665
vertex 27.29987433333333 -15.196533333333333 3.9999446666666665
vertex 27.29987433333333 -14.949977333333333 3.9999446666666665
endloop
endfacet
facet normal 0 0 1
outer loop
vertex -27.29987433333333 -14.949977333333333 3.9999446666666665
vertex -27.29987433333333 -15.196533333333333 3.9999446666666665
vertex -1.9402716666666666 -15.196533333333333 3.9999446666666665
endloop
endfacet
facet normal 0 0 1
outer loop
vertex -27.29987433333333 -14.949977333333333 3.9999446666666665
vertex -1.9402716666666666 -15.196533333333333 3.9999446666666665
vertex -1.818544333333333 -14.949977333333333 3.9999446666666665
endloop
endfacet
facet normal 0 0 1
outer loop
vertex 1.9402716666666666 -15.196533333333333 3.9999446666666665
vertex 2.028272 -15.456657666666665 3.9999446666666665
vertex 27.29987433333333 -15.456657666666665 3.9999446666666665
endloop
endfacet
facet normal 0 0 1
outer loop
vertex 1.9402716666666666 -15.196533333333333 3.9999446666666665
vertex 27.29987433333333 -15.456657666666665 3.9999446666666665
vertex 27.29987433333333 -15.196533333333333 3.9999446666666665
endloop
endfacet
facet normal 0 0 1
outer loop
vertex -27.29987433333333 -15.196533333333333 3.9999446666666665
vertex -27.29987433333333 -15.456657666666665 3.9999446666666665
vertex -2.028272 -15.456657666666665 3.9999446666666665
endloop
endfacet
facet normal 0 0 1
outer loop
vertex -27.29987433333333 -15.196533333333333 3.9999446666666665
vertex -2.028272 -15.456657666666665 3.9999446666666665
vertex -1.9402716666666666 -15.196533333333333 3.9999446666666665
endloop
endfacet
facet normal 0 0 1
outer loop
vertex 2.028272 -15.456657666666665 3.9999446666666665
vertex 2.0821576666666664 -15.726085999999999 3.9999446666666665
vertex 27.29987433333333 -15.726085999999999 3.9999446666666665
endloop
endfacet
facet normal 0 0 1
outer loop
vertex 2.028272 -15.456657666666665 3.9999446666666665
vertex 27.29987433333333 -15.726085999999999 3.9999446666666665
vertex 27.29987433333333 -15.456657666666665 3.9999446666666665
endloop
endfacet
facet normal 0 0 0.9999999999999999
outer loop
vertex -27.29987433333333 -15.456657666666665 3.9999446666666665
vertex -27.29987433333333 -15.726085999999999 3.9999446666666665
vertex -2.0821576666666664 -15.726085999999999 3.9999446666666665
endloop
endfacet
facet normal 0 0 1
outer loop
vertex -27.29987433333333 -15.456657666666665 3.9999446666666665
vertex -2.0821576666666664 -15.726085999999999 3.9999446666666665
vertex -2.028272 -15.456657666666665 3.9999446666666665
endloop
endfacet
facet normal 0 0 0.9999999999999999
outer loop
vertex 2.0821576666666664 -15.726085999999999 3.9999446666666665
vertex 2.0999903333333334 -16.000166333333333 3.9999446666666665
vertex 27.29987433333333 -16.000166333333333 3.9999446666666665
endloop
endfacet
facet normal 0 0 0.9999999999999999
outer loop
vertex 2.0821576666666664 -15.726085999999999 3.9999446666666665
vertex 27.29987433333333 -16.000166333333333 3.9999446666666665
vertex 27.29987433333333 -15.726085999999999 3.9999446666666665
endloop
endfacet
facet normal 0 0 0.9999999999999999
outer loop
vertex -27.29987433333333 -15.726085999999999 3.9999446666666665
vertex -27.29987433333333 -16.000166333333333 3.9999446666666665
vertex -2.0999903333333334 -16.000166333333333 3.9999446666666665
endloop
endfacet
facet normal 0 0 0.9999999999999999
outer loop
vertex -27.29987433333333 -15.726085999999999 3.9999446666666665
vertex -2.0999903333333334 -16.000166333333333 3.9999446666666665
vertex -2.0821576666666664 -15.726085999999999 3.9999446666666665
endloop
endfacet
facet normal 0 0 0.9999999999999999
outer loop
vertex 2.0999903333333334 -16.000166333333333 3.9999446666666665
vertex 2.0821576666666664 -16.274246666666667 3.9999446666666665
vertex 27.29987433333333 -16.274246666666667 3.9999446666666665
endloop
endfacet
facet normal 0 0 0.9999999999999999
outer loop
vertex 2.0999903333333334 -16.000166333333333 3.9999446666666665
vertex 27.29987433333333 -16.274246666666667 3.9999446666666665
vertex 27.29987433333333 -16.000166333333333 3.9999446666666665
endloop
endfacet
facet normal 0 0 0.9999999999999999
outer loop
vertex -27.29987433333333 -16.000166333333333 3.9999446666666665
vertex -27.29987433333333 -16.274246666666667 3.9999446666666665
vertex -2.0821576666666664 -16.274246666666667 3.9999446666666665
endloop
endfacet
facet normal 0 0 0.9999999999999999
outer loop
vertex -27.29987433333333 -16.000166333333333 3.9999446666666665
vertex -2.0821576666666664 -16.274246666666667 3.9999446666666665
vertex -2.0999903333333334 -16.000166333333333 3.9999446666666665
endloop
endfacet
facet normal 0 0 1
outer loop
vertex 2.0821576666666664 -16.274246666666667 3.9999446666666665
vertex 2.028272 -16.543675 3.9999446666666665
vertex 27.29987433333333 -16.543675 3.9999446666666665
endloop
endfacet
facet normal 0 0 0.9999999999999999
outer loop
vertex 2.0821576666666664 -16.274246666666667 3.9999446666666665
vertex 27.29987433333333 -16.543675 3.9999446666666665
vertex 27.29987433333333 -16.274246666666667 3.9999446666666665
endloop
endfacet
facet normal 0 0 1
outer loop
vertex -27.29987433333333 -16.274246666666667 3.9999446666666665
vertex -27.29987433333333 -16.543675 3.9999446666666665
vertex -2.028272 -16.543675 3.9999446666666665
endloop
endfacet
facet normal 0 0 0.9999999999999999
outer loop
vertex -27.29987433333333 -16.274246666666667 3.9999446666666665
vertex -2.028272 -16.543675 3.9999446666666665
vertex -2.0821576666666664 -16.274246666666667 3.9999446666666665
endloop
endfacet
facet normal 0 0 1
outer loop
vertex 2.028272 -16.543675 3.9999446666666665
vertex 1.9402716666666666 -16.80379933333333 3.9999446666666665
vertex 27.29987433333333 -16.80379933333333 3.9999446666666665
endloop
endfacet
facet normal 0 0 1
outer loop
vertex 2.028272 -16.543675 3.9999446666666665
vertex 27.29987433333333 -16.80379933333333 3.9999446666666665
vertex 27.29987433333333 -16.543675 3.9999446666666665
endloop
endfacet
facet normal 0 0 1
outer loop
vertex -27.29987433333333 -16.543675 3.9999446666666665
vertex -27.29987433333333 -16.80379933333333 3.9999446666666665
vertex -1.9402716666666666 -16.80379933333333 3.9999446666666665
endloop
endfacet
facet normal 0 0 1
outer loop
vertex -27.29987433333333 -16.543675 3.9999446666666665
vertex -1.9402716666666666 -16.80379933333333 3.9999446666666665
vertex -2.028272 -16.543675 3.9999446666666665
endloop
endfacet
facet normal 0 0 1
outer loop
vertex 1.9402716666666666 -16.80379933333333 3.9999446666666665
vertex 1.818544333333333 -17.049967666666664 3.9999446666666665
vertex 27.29987433333333 -17.049967666666664 3.9999446666666665
endloop
endfacet
facet normal 0 0 1
outer loop
vertex 1.9402716666666666 -16.80379933333333 3.9999446666666665
vertex 27.29987433333333 -17.049967666666664 3.9999446666666665
vertex 27.29987433333333 -16.80379933333333 3.9999446666666665
endloop
endfacet
facet normal 0 0 1
outer loop
vertex -27.29987433333333 -16.80379933333333 3.9999446666666665
vertex -27.29987433333333 -17.049967666666664 3.9999446666666665
vertex -1.818544333333333 -17.049967666666664 3.9999446666666665
endloop
endfacet
facet normal 0 0 1
outer loop
vertex -27.29987433333333 -16.80379933333333 3.9999446666666665
vertex -1.818544333333333 -17.049967666666664 3.9999446666666665
vertex -1.9402716666666666 -16.80379933333333 3.9999446666666665
endloop
endfacet
facet normal 0 0 1
outer loop
vertex 1.818544333333333 -17.049967666666664 3.9999446666666665
vertex 1.6661913333333331 -17.278303333333334 3.9999446666666665
vertex 27.29987433333333 -17.278303333333334 3.9999446666666665
endloop
endfacet
facet normal 0 0 1
outer loop
vertex 1.818544333333333 -17.049967666666664 3.9999446666666665
vertex 27.29987433333333 -17.278303333333334 3.9999446666666665
vertex 27.29987433333333 -17.049967666666664 3.9999446666666665
endloop
endfacet
facet normal 0 0 1
outer loop
vertex -27.29987433333333 -17.049967666666664 3.9999446666666665
vertex -27.29987433333333 -17.278303333333334 3.9999446666666665
vertex -1.6661913333333331 -17.278303333333334 3.9999446666666665
endloop
endfacet
facet normal 0 0 1
outer loop
vertex -27.29987433333333 -17.049967666666664 3.9999446666666665
vertex -1.6661913333333331 -17.278303333333334 3.9999446666666665
vertex -1.818544333333333 -17.049967666666664 3.9999446666666665
endloop
endfacet
facet normal 0 0 1
outer loop
vertex 1.6661913333333331 -17.278303333333334 3.9999446666666665
vertex 1.4847633333333332 -17.484929666666666 3.9999446666666665
vertex 27.29987433333333 -17.484929666666666 3.9999446666666665
endloop
endfacet
facet normal 0 0 0.9999999999999999
outer loop
vertex 1.6661913333333331 -17.278303333333334 3.9999446666666665
vertex 27.29987433333333 -17.484929666666666 3.9999446666666665
vertex 27.29987433333333 -17.278303333333334 3.9999446666666665
endloop
endfacet
facet normal 0 0 1
outer loop
vertex -27.29987433333333 -17.278303333333334 3.9999446666666665
vertex -27.29987433333333 -17.484929666666666 3.9999446666666665
vertex -1.4847633333333332 -17.484929666666666 3.9999446666666665
endloop
endfacet
facet normal 0 0 0.9999999999999999
outer loop
vertex -27.29987433333333 -17.278303333333334 3.9999446666666665
vertex -1.4847633333333332 -17.484929666666666 3.9999446666666665
vertex -1.6661913333333331 -17.278303333333334 3.9999446666666665
endloop
endfacet
facet normal 0 0 1
outer loop
vertex 1.4847633333333332 -17.484929666666666 3.9999446666666665
vertex 1.2785246666666665 -17.665969999999998 3.9999446666666665
vertex 27.29987433333333 -17.665969999999998 3.9999446666666665
endloop
endfacet
facet normal 0 0 1
outer loop
vertex 1.4847633333333332 -17.484929666666666 3.9999446666666665
vertex 27.29987433333333 -17.665969999999998 3.9999446666666665
vertex 27.29987433333333 -17.484929666666666 3.9999446666666665
endloop
endfacet
facet normal 0 0 1
outer loop
vertex -27.29987433333333 -17.484929666666666 3.9999446666666665
vertex -27.29987433333333 -17.665969999999998 3.9999446666666665
vertex -1.2785246666666665 -17.665969999999998 3.9999446666666665
endloop
endfacet
facet normal 0 0 1
outer loop
vertex -27.29987433333333 -17.484929666666666 3.9999446666666665
vertex -1.2785246666666665 -17.665969999999998 3.9999446666666665
vertex -1.4847633333333332 -17.484929666666666 3.9999446666666665
endloop
endfacet
facet normal 0 0 1
outer loop
vertex 1.2785246666666665 -17.665969999999998 3.9999446666666665
vertex 1.0501889999999998 -17.818710666666664 3.9999446666666665
vertex 27.29987433333333 -17.818710666666664 3.9999446666666665
endloop
endfacet
facet normal 0 0 1
outer loop
vertex 1.2785246666666665 -17.665969999999998 3.9999446666666665
vertex 27.29987433333333 -17.818710666666664 3.9999446666666665
vertex 27.29987433333333 -17.665969999999998 3.9999446666666665
endloop
endfacet
facet normal 0 0 1
outer loop
vertex -27.29987433333333 -17.665969999999998 3.9999446666666665
vertex -27.29987433333333 -17.818710666666664 3.9999446666666665
vertex -1.0501889999999998 -17.818710666666664 3.9999446666666665
endloop
endfacet
facet normal 0 0 1
outer loop
vertex -27.29987433333333 -17.665969999999998 3.9999446666666665
vertex -1.0501889999999998 -17.818710666666664 3.9999446666666665
vertex -1.2785246666666665 -17.665969999999998 3.9999446666666665
endloop
endfacet
facet normal 0 0 0.9999999999999999
outer loop
vertex 1.0501889999999998 -17.818710666666664 3.9999446666666665
vertex 0.8036329999999999 -17.940050333333332 3.9999446666666665
vertex 27.29987433333333 -17.940050333333332 3.9999446666666665
endloop
endfacet
facet normal 0 0 0.9999999999999999
outer loop
vertex 1.0501889999999998 -17.818710666666664 3.9999446666666665
vertex 27.29987433333333 -17.940050333333332 3.9999446666666665
vertex 27.29987433333333 -17.818710666666664 3.9999446666666665
endloop
endfacet
facet normal 0 0 0.9999999999999999
outer loop
vertex -27.29987433333333 -17.818710666666664 3.9999446666666665
vertex -27.29987433333333 -17.940050333333332 3.9999446666666665
vertex -0.8036329999999999 -17.940050333333332 3.9999446666666665
endloop
endfacet
facet normal 0 0 0.9999999999999999
outer loop
vertex -27.29987433333333 -17.818710666666664 3.9999446666666665
vertex -0.8036329999999999 -17.940050333333332 3.9999446666666665
vertex -1.0501889999999998 -17.818710666666664 3.9999446666666665
endloop
endfacet
facet normal 0 0 1
outer loop
vertex 0.8036329999999999 -17.940050333333332 3.9999446666666665
vertex 0.5435086666666666 -18.028438333333334 3.9999446666666665
vertex 27.29987433333333 -18.028438333333334 3.9999446666666665
endloop
endfacet
facet normal 0 0 1
outer loop
vertex 0.8036329999999999 -17.940050333333332 3.9999446666666665
vertex 27.29987433333333 -18.028438333333334 3.9999446666666665
vertex 27.29987433333333 -17.940050333333332 3.9999446666666665
endloop
endfacet
facet normal 0 0 1
outer loop
vertex -27.29987433333333 -17.940050333333332 3.9999446666666665
vertex -27.29987433333333 -18.028438333333334 3.9999446666666665
vertex -0.5435086666666666 -18.028438333333334 3.9999446666666665
endloop
endfacet
facet normal 0 0 1
outer loop
vertex -27.29987433333333 -17.940050333333332 3.9999446666666665
vertex -0.5435086666666666 -18.028438333333334 3.9999446666666665
vertex -0.8036329999999999 -17.940050333333332 3.9999446666666665
endloop
endfacet
facet normal 0 0 1
outer loop
vertex 0.5435086666666666 -18.028438333333334 3.9999446666666665
vertex 0.2740803333333333 -18.08193633333333 3.9999446666666665
vertex 27.29987433333333 -18.08193633333333 3.9999446666666665
endloop
endfacet
facet normal 0 0 1
outer loop
vertex 0.5435086666666666 -18.028438333333334 3.9999446666666665
vertex 27.29987433333333 -18.08193633333333 3.9999446666666665
vertex 27.29987433333333 -18.028438333333334 3.9999446666666665
endloop
endfacet
facet normal 0 0 1
outer loop
vertex -27.29987433333333 -18.028438333333334 3.9999446666666665
vertex -27.29987433333333 -18.08193633333333 3.9999446666666665
vertex -0.2740803333333333 -18.08193633333333 3.9999446666666665
endloop
endfacet
facet normal 0 0 1
outer loop
vertex -27.29987433333333 -18.028438333333334 3.9999446666666665
vertex -0.2740803333333333 -18.08193633333333 3.9999446666666665
vertex -0.5435086666666666 -18.028438333333334 3.9999446666666665
endloop
endfacet
facet normal 0 0 0.9999999999999999
outer loop
vertex 0.2740803333333333 -18.08193633333333 3.9999446666666665
vertex 0 -18.100156666666667 3.9999446666666665
vertex 27.29987433333333 -18.100156666666667 3.9999446666666665
endloop
endfacet
facet normal 0 0 1
outer loop
vertex 0.2740803333333333 -18.08193633333333 3.9999446666666665
vertex 27.29987433333333 -18.100156666666667 3.9999446666666665
vertex 27.29987433333333 -18.08193633333333 3.9999446666666665
endloop
endfacet
facet normal 0 0 0.9999999999999999
outer loop
vertex -27.29987433333333 -18.08193633333333 3.9999446666666665
vertex -27.29987433333333 -18.100156666666667 3.9999446666666665
vertex 0 -18.100156666666667 3.9999446666666665
endloop
endfacet
facet normal 0 0 1
outer loop
vertex -27.29987433333333 -18.08193633333333 3.9999446666666665
vertex 0 -18.100156666666667 3.9999446666666665
vertex -0.2740803333333333 -18.08193633333333 3.9999446666666665
endloop
endfacet
facet normal 0 0 1
outer loop
vertex 0 -19.471333666666666 3.9999446666666665
vertex 0 -18.100156666666667 3.9999446666666665
vertex -27.29987433333333 -18.100156666666667 3.9999446666666665
endloop
endfacet
facet normal 0 0 1
outer loop
vertex 0 -19.471333666666666 3.9999446666666665
vertex -27.29987433333333 -18.100156666666667 3.9999446666666665
vertex -27.29987433333333 -20.499813333333332 3.9999446666666665
endloop
endfacet
facet normal 0 0 0.9999999999999999
outer loop
vertex 0 -19.471333666666666 3.9999446666666665
vertex -27.29987433333333 -20.499813333333332 3.9999446666666665
vertex -22.000083333333333 -20.499813333333332 3.9999446666666665
endloop
endfacet
facet normal 0 0 0.9999999999999999
outer loop
vertex 0 -19.471333666666666 3.9999446666666665
vertex -22.000083333333333 -20.499813333333332 3.9999446666666665
vertex 22.000083333333333 -20.499813333333332 3.9999446666666665
endloop
endfacet
facet normal 0 0 0.9999999999999999
outer loop
vertex 0 -19.471333666666666 3.9999446666666665
vertex 22.000083333333333 -20.499813333333332 3.9999446666666665
vertex 27.29987433333333 -20.499813333333332 3.9999446666666665
endloop
endfacet
facet normal 0 0 1
outer loop
vertex 0 -19.471333666666666 3.9999446666666665
vertex 27.29987433333333 -20.499813333333332 3.9999446666666665
vertex 27.29987433333333 -18.100156666666667 3.9999446666666665
endloop
endfacet
facet normal 0 0 1
outer loop
vertex 0 -19.471333666666666 3.9999446666666665
vertex 27.29987433333333 -18.100156666666667 3.9999446666666665
vertex 0 -18.100156666666667 3.9999446666666665
endloop
endfacet
facet normal 0 0 1
outer loop
vertex 22.000083333333333 -20.499813333333332 3.9999446666666665
vertex 22.26059533333333 -20.522685666666664 3.9999446666666665
vertex 27.29987433333333 -20.522685666666664 3.9999446666666665
endloop
endfacet
facet normal 0 0 0.9999999999999999
outer loop
vertex 22.000083333333333 -20.499813333333332 3.9999446666666665
vertex 27.29987433333333 -20.522685666666664 3.9999446666666665
vertex 27.29987433333333 -20.499813333333332 3.9999446666666665
endloop
endfacet
facet normal 0 0 1
outer loop
vertex -22.000083333333333 -20.499813333333332 3.9999446666666665
vertex -21.73957133333333 -20.522685666666664 3.9999446666666665
vertex 21.73957133333333 -20.522685666666664 3.9999446666666665
endloop
endfacet
facet normal 0 0 1
outer loop
vertex -22.000083333333333 -20.499813333333332 3.9999446666666665
vertex 21.73957133333333 -20.522685666666664 3.9999446666666665
vertex 22.000083333333333 -20.499813333333332 3.9999446666666665
endloop
endfacet
facet normal 0 0 1
outer loop
vertex -27.29987433333333 -20.499813333333332 3.9999446666666665
vertex -27.29987433333333 -20.522685666666664 3.9999446666666665
vertex -22.26059533333333 -20.522685666666664 3.9999446666666665
endloop
endfacet
facet normal 0 0 0.9999999999999999
outer loop
vertex -27.29987433333333 -20.499813333333332 3.9999446666666665
vertex -22.26059533333333 -20.522685666666664 3.9999446666666665
vertex -22.000083333333333 -20.499813333333332 3.9999446666666665
endloop
endfacet
facet normal 0 0 1
outer loop
vertex 22.26059533333333 -20.522685666666664 3.9999446666666665
vertex 22.51296633333333 -20.59052733333333 3.9999446666666665
vertex 27.29987433333333 -20.59052733333333 3.9999446666666665
endloop
endfacet
facet normal 0 0 1
outer loop
vertex 22.26059533333333 -20.522685666666664 3.9999446666666665
vertex 27.29987433333333 -20.59052733333333 3.9999446666666665
vertex 27.29987433333333 -20.522685666666664 3.9999446666666665
endloop
endfacet
facet normal 0 0 0.9999999999999999
outer loop
vertex -21.73957133333333 -20.522685666666664 3.9999446666666665
vertex -21.486812666666665 -20.59052733333333 3.9999446666666665
vertex 21.486812666666665 -20.59052733333333 3.9999446666666665
endloop
endfacet
facet normal 0 0 1
outer loop
vertex -21.73957133333333 -20.522685666666664 3.9999446666666665
vertex 21.486812666666665 -20.59052733333333 3.9999446666666665
vertex 21.73957133333333 -20.522685666666664 3.9999446666666665
endloop
endfacet
facet normal 0 0 1
outer loop
vertex -27.29987433333333 -20.522685666666664 3.9999446666666665
vertex -27.29987433333333 -20.59052733333333 3.9999446666666665
vertex -22.51296633333333 -20.59052733333333 3.9999446666666665
endloop
endfacet
facet normal 0 0 1
outer loop
vertex -27.29987433333333 -20.522685666666664 3.9999446666666665
vertex -22.51296633333333 -20.59052733333333 3.9999446666666665
vertex -22.26059533333333 -20.522685666666664 3.9999446666666665
endloop
endfacet
facet normal 0 0 1
outer loop
vertex 22.51296633333333 -20.59052733333333 3.9999446666666665
vertex 22.749830666666664 -20.70101233333333 3.9999446666666665
vertex 27.29987433333333 -20.70101233333333 3.9999446666666665
endloop
endfacet
facet normal 0 0 1
outer loop
vertex 22.51296633333333 -20.59052733333333 3.9999446666666665
vertex 27.29987433333333 -20.70101233333333 3.9999446666666665
vertex 27.29987433333333 -20.59052733333333 3.9999446666666665
endloop
endfacet
facet normal 0 0 1
outer loop
vertex -21.486812666666665 -20.59052733333333 3.9999446666666665
vertex -21.249948333333332 -20.70101233333333 3.9999446666666665
vertex 21.249948333333332 -20.70101233333333 3.9999446666666665
endloop
endfacet
facet normal 0 0 1
outer loop
vertex -21.486812666666665 -20.59052733333333 3.9999446666666665
vertex 21.249948333333332 -20.70101233333333 3.9999446666666665
vertex 21.486812666666665 -20.59052733333333 3.9999446666666665
endloop
endfacet
facet normal 0 0 1
outer loop
vertex -27.29987433333333 -20.59052733333333 3.9999446666666665
vertex -27.29987433333333 -20.70101233333333 3.9999446666666665
vertex -22.749830666666664 -20.70101233333333 3.9999446666666665
endloop
endfacet
facet normal 0 0 1
outer loop
vertex -27.29987433333333 -20.59052733333333 3.9999446666666665
vertex -22.749830666666664 -20.70101233333333 3.9999446666666665
vertex -22.51296633333333 -20.59052733333333 3.9999446666666665
endloop
endfacet
facet normal 0 0 1
outer loop
vertex 22.749830666666664 -20.70101233333333 3.9999446666666665
vertex 22.96421033333333 -20.851039333333333 3.9999446666666665
vertex 27.29987433333333 -20.851039333333333 3.9999446666666665
endloop
endfacet
facet normal 0 0 1
outer loop
vertex 22.749830666666664 -20.70101233333333 3.9999446666666665
vertex 27.29987433333333 -20.851039333333333 3.9999446666666665
vertex 27.29987433333333 -20.70101233333333 3.9999446666666665
endloop
endfacet
facet normal 0 0 0.9999999999999999
outer loop
vertex -21.249948333333332 -20.70101233333333 3.9999446666666665
vertex -21.03595633333333 -20.851039333333333 3.9999446666666665
vertex 21.03595633333333 -20.851039333333333 3.9999446666666665
endloop
endfacet
facet normal 0 0 1
outer loop
vertex -21.249948333333332 -20.70101233333333 3.9999446666666665
vertex 21.03595633333333 -20.851039333333333 3.9999446666666665
vertex 21.249948333333332 -20.70101233333333 3.9999446666666665
endloop
endfacet
facet normal 0 0 1
outer loop
vertex -27.29987433333333 -20.70101233333333 3.9999446666666665
vertex -27.29987433333333 -20.851039333333333 3.9999446666666665
vertex -22.96421033333333 -20.851039333333333 3.9999446666666665
endloop
endfacet
facet normal 0 0 1
outer loop
vertex -27.29987433333333 -20.70101233333333 3.9999446666666665
vertex -22.96421033333333 -20.851039333333333 3.9999446666666665
vertex -22.749830666666664 -20.70101233333333 3.9999446666666665
endloop
endfacet
facet normal 0 0 1
outer loop
vertex 22.96421033333333 -20.851039333333333 3.9999446666666665
vertex 23.149127333333333 -21.03595633333333 3.9999446666666665
vertex 27.29987433333333 -21.03595633333333 3.9999446666666665
endloop
endfacet
facet normal 0 0 0.9999999999999999
outer loop
vertex 22.96421033333333 -20.851039333333333 3.9999446666666665
vertex 27.29987433333333 -21.03595633333333 3.9999446666666665
vertex 27.29987433333333 -20.851039333333333 3.9999446666666665
endloop
endfacet
facet normal 0 0 1
outer loop
vertex -21.03595633333333 -20.851039333333333 3.9999446666666665
vertex -20.851039333333333 -21.03595633333333 3.9999446666666665
vertex 20.851039333333333 -21.03595633333333 3.9999446666666665
endloop
endfacet
facet normal 0 0 0.9999999999999999
outer loop
vertex -21.03595633333333 -20.851039333333333 3.9999446666666665
vertex 20.851039333333333 -21.03595633333333 3.9999446666666665
vertex 21.03595633333333 -20.851039333333333 3.9999446666666665
endloop
endfacet
facet normal 0 0 1
outer loop
vertex -27.29987433333333 -20.851039333333333 3.9999446666666665
vertex -27.29987433333333 -21.03595633333333 3.9999446666666665
vertex -23.149127333333333 -21.03595633333333 3.9999446666666665
endloop
endfacet
facet normal 0 0 0.9999999999999999
outer loop
vertex -27.29987433333333 -20.851039333333333 3.9999446666666665
vertex -23.149127333333333 -21.03595633333333 3.9999446666666665
vertex -22.96421033333333 -20.851039333333333 3.9999446666666665
endloop
endfacet
facet normal 0 0 1
outer loop
vertex 23.149127333333333 -21.03595633333333 3.9999446666666665
vertex 23.29915433333333 -21.249948333333332 3.9999446666666665
vertex 27.29987433333333 -21.249948333333332 3.9999446666666665
endloop
endfacet
facet normal 0 0 1
outer loop
vertex 23.149127333333333 -21.03595633333333 3.9999446666666665
vertex 27.29987433333333 -21.249948333333332 3.9999446666666665
vertex 27.29987433333333 -21.03595633333333 3.9999446666666665
endloop
endfacet
facet normal 0 0 1
outer loop
vertex -20.851039333333333 -21.03595633333333 3.9999446666666665
vertex -20.70101233333333 -21.249948333333332 3.9999446666666665
vertex 20.70101233333333 -21.249948333333332 3.9999446666666665
endloop
endfacet
facet normal 0 0 1
outer loop
vertex -20.851039333333333 -21.03595633333333 3.9999446666666665
vertex 20.70101233333333 -21.249948333333332 3.9999446666666665
vertex 20.851039333333333 -21.03595633333333 3.9999446666666665
endloop
endfacet
facet normal 0 0 1
outer loop
vertex -27.29987433333333 -21.03595633333333 3.9999446666666665
vertex -27.29987433333333 -21.249948333333332 3.9999446666666665
vertex -23.29915433333333 -21.249948333333332 3.9999446666666665
endloop
endfacet
facet normal 0 0 1
outer loop
vertex -27.29987433333333 -21.03595633333333 3.9999446666666665
vertex -23.29915433333333 -21.249948333333332 3.9999446666666665
vertex -23.149127333333333 -21.03595633333333 3.9999446666666665
endloop
endfacet
facet normal 0 0 1
outer loop
vertex 23.29915433333333 -21.249948333333332 3.9999446666666665
vertex 23.40963933333333 -21.486812666666665 3.9999446666666665
vertex 27.29987433333333 -21.486812666666665 3.9999446666666665
endloop
endfacet
facet normal 0 0 1
outer loop
vertex 23.29915433333333 -21.249948333333332 3.9999446666666665
vertex 27.29987433333333 -21.486812666666665 3.9999446666666665
vertex 27.29987433333333 -21.249948333333332 3.9999446666666665
endloop
endfacet
facet normal 0 0 1
outer loop
vertex -20.70101233333333 -21.249948333333332 3.9999446666666665
vertex -20.59052733333333 -21.486812666666665 3.9999446666666665
vertex 20.59052733333333 -21.486812666666665 3.9999446666666665
endloop
endfacet
facet normal 0 0 1
outer loop
vertex -20.70101233333333 -21.249948333333332 3.9999446666666665
vertex 20.59052733333333 -21.486812666666665 3.9999446666666665
vertex 20.70101233333333 -21.249948333333332 3.9999446666666665
endloop
endfacet
facet normal 0 0 1
outer loop
vertex -27.29987433333333 -21.249948333333332 3.9999446666666665
vertex -27.29987433333333 -21.486812666666665 3.9999446666666665
vertex -23.40963933333333 -21.486812666666665 3.9999446666666665
endloop
endfacet
facet normal 0 0 1
outer loop
vertex -27.29987433333333 -21.249948333333332 3.9999446666666665
vertex -23.40963933333333 -21.486812666666665 3.9999446666666665
vertex -23.29915433333333 -21.249948333333332 3.9999446666666665
endloop
endfacet
facet normal 0 0 1
outer loop
vertex 23.40963933333333 -21.486812666666665 3.9999446666666665
vertex 23.477093333333332 -21.73957133333333 3.9999446666666665
vertex 27.29987433333333 -21.73957133333333 3.9999446666666665
endloop
endfacet
facet normal 0 0 1
outer loop
vertex 23.40963933333333 -21.486812666666665 3.9999446666666665
vertex 27.29987433333333 -21.73957133333333 3.9999446666666665
vertex 27.29987433333333 -21.486812666666665 3.9999446666666665
endloop
endfacet
facet normal 0 0 1
outer loop
vertex -20.59052733333333 -21.486812666666665 3.9999446666666665
vertex -20.522685666666664 -21.73957133333333 3.9999446666666665
vertex 20.522685666666664 -21.73957133333333 3.9999446666666665
endloop
endfacet
facet normal 0 0 1
outer loop
vertex -20.59052733333333 -21.486812666666665 3.9999446666666665
vertex 20.522685666666664 -21.73957133333333 3.9999446666666665
vertex 20.59052733333333 -21.486812666666665 3.9999446666666665
endloop
endfacet
facet normal 0 0 1
outer loop
vertex -27.29987433333333 -21.486812666666665 3.9999446666666665
vertex -27.29987433333333 -21.73957133333333 3.9999446666666665
vertex -23.477093333333332 -21.73957133333333 3.9999446666666665
endloop
endfacet
facet normal 0 0 1
outer loop
vertex -27.29987433333333 -21.486812666666665 3.9999446666666665
vertex -23.477093333333332 -21.73957133333333 3.9999446666666665
vertex -23.40963933333333 -21.486812666666665 3.9999446666666665
endloop
endfacet
facet normal 0 0 1
outer loop
vertex 25.772855333333332 -21.855871333333333 3.9999446666666665
vertex 23.477093333333332 -21.73957133333333 3.9999446666666665
vertex 23.499965666666665 -22.000083333333333 3.9999446666666665
endloop
endfacet
facet normal 0 0 1
outer loop
vertex 25.772855333333332 -21.855871333333333 3.9999446666666665
vertex 23.499965666666665 -22.000083333333333 3.9999446666666665
vertex 27.287081333333333 -22.000083333333333 3.9999446666666665
endloop
endfacet
facet normal 0 0 1
outer loop
vertex 25.772855333333332 -21.855871333333333 3.9999446666666665
vertex 27.287081333333333 -22.000083333333333 3.9999446666666665
vertex 27.29987433333333 -21.800047333333332 3.9999446666666665
endloop
endfacet
facet normal 0 0 1
outer loop
vertex 25.772855333333332 -21.855871333333333 3.9999446666666665
vertex 27.29987433333333 -21.800047333333332 3.9999446666666665
vertex 27.29987433333333 -21.73957133333333 3.9999446666666665
endloop
endfacet
facet normal 0 0 0.9999999999999999
outer loop
vertex 25.772855333333332 -21.855871333333333 3.9999446666666665
vertex 27.29987433333333 -21.73957133333333 3.9999446666666665
vertex 23.477093333333332 -21.73957133333333 3.9999446666666665
endloop
endfacet
facet normal 0 0 1
outer loop
vertex -20.522685666666664 -21.73957133333333 3.9999446666666665
vertex -20.499813333333332 -22.000083333333333 3.9999446666666665
vertex 20.499813333333332 -22.000083333333333 3.9999446666666665
endloop
endfacet
facet normal 0 0 0.9999999999999999
outer loop
vertex -20.522685666666664 -21.73957133333333 3.9999446666666665
vertex 20.499813333333332 -22.000083333333333 3.9999446666666665
vertex 20.522685666666664 -21.73957133333333 3.9999446666666665
endloop
endfacet
facet normal 0 0 1
outer loop
vertex -25.772855333333332 -21.855871333333333 3.9999446666666665
vertex -27.29987433333333 -21.73957133333333 3.9999446666666665
vertex -27.29987433333333 -21.800047333333332 3.9999446666666665
endloop
endfacet
facet normal 0 0 1
outer loop
vertex -25.772855333333332 -21.855871333333333 3.9999446666666665
vertex -27.29987433333333 -21.800047333333332 3.9999446666666665
vertex -27.287081333333333 -22.000083333333333 3.9999446666666665
endloop
endfacet
facet normal 0 0 1
outer loop
vertex -25.772855333333332 -21.855871333333333 3.9999446666666665
vertex -27.287081333333333 -22.000083333333333 3.9999446666666665
vertex -23.499965666666665 -22.000083333333333 3.9999446666666665
endloop
endfacet
facet normal 0 0 1
outer loop
vertex -25.772855333333332 -21.855871333333333 3.9999446666666665
vertex -23.499965666666665 -22.000083333333333 3.9999446666666665
vertex -23.477093333333332 -21.73957133333333 3.9999446666666665
endloop
endfacet
facet normal 0 0 0.9999999999999999
outer loop
vertex -25.772855333333332 -21.855871333333333 3.9999446666666665
vertex -23.477093333333332 -21.73957133333333 3.9999446666666665
vertex -27.29987433333333 -21.73957133333333 3.9999446666666665
endloop
endfacet
facet normal 0 0 1
outer loop
vertex 23.499965666666665 -22.000083333333333 3.9999446666666665
vertex 23.477093333333332 -22.26059533333333 3.9999446666666665
vertex 27.26963633333333 -22.26059533333333 3.9999446666666665
endloop
endfacet
facet normal 0 0 1
outer loop
vertex 23.499965666666665 -22.000083333333333 3.9999446666666665
vertex 27.26963633333333 -22.26059533333333 3.9999446666666665
vertex 27.287081333333333 -22.000083333333333 3.9999446666666665
endloop
endfacet
facet normal 0 0 1
outer loop
vertex -20.499813333333332 -22.000083333333333 3.9999446666666665
vertex -20.522685666666664 -22.26059533333333 3.9999446666666665
vertex 20.522685666666664 -22.26059533333333 3.9999446666666665
endloop
endfacet
facet normal 0 0 0.9999999999999999
outer loop
vertex -20.499813333333332 -22.000083333333333 3.9999446666666665
vertex 20.522685666666664 -22.26059533333333 3.9999446666666665
vertex 20.499813333333332 -22.000083333333333 3.9999446666666665
endloop
endfacet
facet normal 0 0 1
outer loop
vertex -27.287081333333333 -22.000083333333333 3.9999446666666665
vertex -27.26963633333333 -22.26059533333333 3.9999446666666665
vertex -23.477093333333332 -22.26059533333333 3.9999446666666665
endloop
endfacet
facet normal 0 0 1
outer loop
vertex -27.287081333333333 -22.000083333333333 3.9999446666666665
vertex -23.477093333333332 -22.26059533333333 3.9999446666666665
vertex -23.499965666666665 -22.000083333333333 3.9999446666666665
endloop
endfacet
facet normal 0 0 1
outer loop
vertex 23.477093333333332 -22.26059533333333 3.9999446666666665
vertex 23.40963933333333 -22.51296633333333 3.9999446666666665
vertex 27.25335433333333 -22.51296633333333 3.9999446666666665
endloop
endfacet
facet normal 0 0 1
outer loop
vertex 23.477093333333332 -22.26059533333333 3.9999446666666665
vertex 27.25335433333333 -22.51296633333333 3.9999446666666665
vertex 27.26963633333333 -22.26059533333333 3.9999446666666665
endloop
endfacet
facet normal 0 0 1
outer loop
vertex -20.522685666666664 -22.26059533333333 3.9999446666666665
vertex -20.59052733333333 -22.51296633333333 3.9999446666666665
vertex 20.59052733333333 -22.51296633333333 3.9999446666666665
endloop
endfacet
facet normal 0 0 1
outer loop
vertex -20.522685666666664 -22.26059533333333 3.9999446666666665
vertex 20.59052733333333 -22.51296633333333 3.9999446666666665
vertex 20.522685666666664 -22.26059533333333 3.9999446666666665
endloop
endfacet
facet normal 0 0 1
outer loop
vertex -27.26963633333333 -22.26059533333333 3.9999446666666665
vertex -27.25335433333333 -22.51296633333333 3.9999446666666665
vertex -23.40963933333333 -22.51296633333333 3.9999446666666665
endloop
endfacet
facet normal 0 0 1
outer loop
vertex -27.26963633333333 -22.26059533333333 3.9999446666666665
vertex -23.40963933333333 -22.51296633333333 3.9999446666666665
vertex -23.477093333333332 -22.26059533333333 3.9999446666666665
endloop
endfacet
facet normal 0 0 1
outer loop
vertex 25.68446733333333 -22.608719999999998 3.9999446666666665
vertex 23.40963933333333 -22.51296633333333 3.9999446666666665
vertex 23.29915433333333 -22.749830666666664 3.9999446666666665
endloop
endfacet
facet normal 0 0 1
outer loop
vertex 25.68446733333333 -22.608719999999998 3.9999446666666665
vertex 23.29915433333333 -22.749830666666664 3.9999446666666665
vertex 27.206834333333333 -22.749830666666664 3.9999446666666665
endloop
endfacet
facet normal 0 0 0.9999999999999999
outer loop
vertex 25.68446733333333 -22.608719999999998 3.9999446666666665
vertex 27.206834333333333 -22.749830666666664 3.9999446666666665
vertex 27.252966666666666 -22.518006 3.9999446666666665
endloop
endfacet
facet normal 0 0 1
outer loop
vertex 25.68446733333333 -22.608719999999998 3.9999446666666665
vertex 27.252966666666666 -22.518006 3.9999446666666665
vertex 27.25335433333333 -22.51296633333333 3.9999446666666665
endloop
endfacet
facet normal 0 0 0.9999999999999999
outer loop
vertex 25.68446733333333 -22.608719999999998 3.9999446666666665
vertex 27.25335433333333 -22.51296633333333 3.9999446666666665
vertex 23.40963933333333 -22.51296633333333 3.9999446666666665
endloop
endfacet
facet normal 0 0 1
outer loop
vertex -20.59052733333333 -22.51296633333333 3.9999446666666665
vertex -20.70101233333333 -22.749830666666664 3.9999446666666665
vertex 20.70101233333333 -22.749830666666664 3.9999446666666665
endloop
endfacet
facet normal 0 0 1
outer loop
vertex -20.59052733333333 -22.51296633333333 3.9999446666666665
vertex 20.70101233333333 -22.749830666666664 3.9999446666666665
vertex 20.59052733333333 -22.51296633333333 3.9999446666666665
endloop
endfacet
facet normal 0 0 1
outer loop
vertex -25.68446733333333 -22.608719999999998 3.9999446666666665
vertex -27.25335433333333 -22.51296633333333 3.9999446666666665
vertex -27.252966666666666 -22.518006 3.9999446666666665
endloop
endfacet
facet normal 0 0 0.9999999999999999
outer loop
vertex -25.68446733333333 -22.608719999999998 3.9999446666666665
vertex -27.252966666666666 -22.518006 3.9999446666666665
vertex -27.206834333333333 -22.749830666666664 3.9999446666666665
endloop
endfacet
facet normal 0 0 1
outer loop
vertex -25.68446733333333 -22.608719999999998 3.9999446666666665
vertex -27.206834333333333 -22.749830666666664 3.9999446666666665
vertex -23.29915433333333 -22.749830666666664 3.9999446666666665
endloop
endfacet
facet normal 0 0 1
outer loop
vertex -25.68446733333333 -22.608719999999998 3.9999446666666665
vertex -23.29915433333333 -22.749830666666664 3.9999446666666665
vertex -23.40963933333333 -22.51296633333333 3.9999446666666665
endloop
endfacet
facet normal 0 0 0.9999999999999999
outer loop
vertex -25.68446733333333 -22.608719999999998 3.9999446666666665
vertex -23.40963933333333 -22.51296633333333 3.9999446666666665
vertex -27.25335433333333 -22.51296633333333 3.9999446666666665
endloop
endfacet
facet normal 0 0 1
outer loop
vertex 23.29915433333333 -22.749830666666664 3.9999446666666665
vertex 23.149127333333333 -22.96421033333333 3.9999446666666665
vertex 27.164191 -22.96421033333333 3.9999446666666665
endloop
endfacet
facet normal 0 0 1
outer loop
vertex 23.29915433333333 -22.749830666666664 3.9999446666666665
vertex 27.164191 -22.96421033333333 3.9999446666666665
vertex 27.206834333333333 -22.749830666666664 3.9999446666666665
endloop
endfacet
facet normal 0 0 1
outer loop
vertex -20.70101233333333 -22.749830666666664 3.9999446666666665
vertex -20.851039333333333 -22.96421033333333 3.9999446666666665
vertex 20.851039333333333 -22.96421033333333 3.9999446666666665
endloop
endfacet
facet normal 0 0 1
outer loop
vertex -20.70101233333333 -22.749830666666664 3.9999446666666665
vertex 20.851039333333333 -22.96421033333333 3.9999446666666665
vertex 20.70101233333333 -22.749830666666664 3.9999446666666665
endloop
endfacet
facet normal 0 0 1
outer loop
vertex -27.206834333333333 -22.749830666666664 3.9999446666666665
vertex -27.164191 -22.96421033333333 3.9999446666666665
vertex -23.149127333333333 -22.96421033333333 3.9999446666666665
endloop
endfacet
facet normal 0 0 1
outer loop
vertex -27.206834333333333 -22.749830666666664 3.9999446666666665
vertex -23.149127333333333 -22.96421033333333 3.9999446666666665
vertex -23.29915433333333 -22.749830666666664 3.9999446666666665
endloop
endfacet
facet normal 0 0 1
outer loop
vertex 0 -22.987858 3.9999446666666665
vertex -20.851039333333333 -22.96421033333333 3.9999446666666665
vertex -20.886704666666667 -22.999875666666664 3.9999446666666665
endloop
endfacet
facet normal 0 0 1
outer loop
vertex 0 -22.987858 3.9999446666666665
vertex -20.886704666666667 -22.999875666666664 3.9999446666666665
vertex -7.000096999999999 -22.999875666666664 3.9999446666666665
endloop
endfacet
facet normal 0 0 1
outer loop
vertex 0 -22.987858 3.9999446666666665
vertex -7.000096999999999 -22.999875666666664 3.9999446666666665
vertex 7.000096999999999 -22.999875666666664 3.9999446666666665
endloop
endfacet
facet normal 0 0 1
outer loop
vertex 0 -22.987858 3.9999446666666665
vertex 7.000096999999999 -22.999875666666664 3.9999446666666665
vertex 20.886704666666667 -22.999875666666664 3.9999446666666665
endloop
endfacet
facet normal 0 0 1
outer loop
vertex 0 -22.987858 3.9999446666666665
vertex 20.886704666666667 -22.999875666666664 3.9999446666666665
vertex 20.851039333333333 -22.96421033333333 3.9999446666666665
endloop
endfacet
facet normal 0 0 1
outer loop
vertex 0 -22.987858 3.9999446666666665
vertex 20.851039333333333 -22.96421033333333 3.9999446666666665
vertex -20.851039333333333 -22.96421033333333 3.9999446666666665
endloop
endfacet
facet normal 0 0 1
outer loop
vertex 23.149127333333333 -22.96421033333333 3.9999446666666665
vertex 22.96421033333333 -23.149127333333333 3.9999446666666665
vertex 27.127362666666663 -23.149127333333333 3.9999446666666665
endloop
endfacet
facet normal 0 0 1
outer loop
vertex 23.149127333333333 -22.96421033333333 3.9999446666666665
vertex 27.127362666666663 -23.149127333333333 3.9999446666666665
vertex 27.164191 -22.96421033333333 3.9999446666666665
endloop
endfacet
facet normal 0 0 1
outer loop
vertex 7.000096999999999 -22.999875666666664 3.9999446666666665
vertex 7.000096999999999 -23.149127333333333 3.9999446666666665
vertex 21.03595633333333 -23.149127333333333 3.9999446666666665
endloop
endfacet
facet normal 0 0 1
outer loop
vertex 7.000096999999999 -22.999875666666664 3.9999446666666665
vertex 21.03595633333333 -23.149127333333333 3.9999446666666665
vertex 20.886704666666667 -22.999875666666664 3.9999446666666665
endloop
endfacet
facet normal 0 0 0.9999999999999999
outer loop
vertex -20.886704666666667 -22.999875666666664 3.9999446666666665
vertex -21.03595633333333 -23.149127333333333 3.9999446666666665
vertex -7.000096999999999 -23.149127333333333 3.9999446666666665
endloop
endfacet
facet normal 0 0 1
outer loop
vertex -20.886704666666667 -22.999875666666664 3.9999446666666665
vertex -7.000096999999999 -23.149127333333333 3.9999446666666665
vertex -7.000096999999999 -22.999875666666664 3.9999446666666665
endloop
endfacet
facet normal 0 0 1
outer loop
vertex -27.164191 -22.96421033333333 3.9999446666666665
vertex -27.127362666666663 -23.149127333333333 3.9999446666666665
vertex -22.96421033333333 -23.149127333333333 3.9999446666666665
endloop
endfacet
facet normal 0 0 1
outer loop
vertex -27.164191 -22.96421033333333 3.9999446666666665
vertex -22.96421033333333 -23.149127333333333 3.9999446666666665
vertex -23.149127333333333 -22.96421033333333 3.9999446666666665
endloop
endfacet
facet normal 0 0 1
outer loop
vertex 25.408060999999996 -23.223947 3.9999446666666665
vertex 22.96421033333333 -23.149127333333333 3.9999446666666665
vertex 22.749830666666664 -23.29915433333333 3.9999446666666665
endloop
endfacet
facet normal 0 0 1
outer loop
vertex 25.408060999999996 -23.223947 3.9999446666666665
vertex 22.749830666666664 -23.29915433333333 3.9999446666666665
vertex 27.087045333333332 -23.29915433333333 3.9999446666666665
endloop
endfacet
facet normal 0 0 1
outer loop
vertex 25.408060999999996 -23.223947 3.9999446666666665
vertex 27.087045333333332 -23.29915433333333 3.9999446666666665
vertex 27.112631333333333 -23.22355933333333 3.9999446666666665
endloop
endfacet
facet normal 0 0 1
outer loop
vertex 25.408060999999996 -23.223947 3.9999446666666665
vertex 27.112631333333333 -23.22355933333333 3.9999446666666665
vertex 27.127362666666663 -23.149127333333333 3.9999446666666665
endloop
endfacet
facet normal 0 0 0.9999999999999999
outer loop
vertex 25.408060999999996 -23.223947 3.9999446666666665
vertex 27.127362666666663 -23.149127333333333 3.9999446666666665
vertex 22.96421033333333 -23.149127333333333 3.9999446666666665
endloop
endfacet
facet normal 0 0 1
outer loop
vertex 7.000096999999999 -23.149127333333333 3.9999446666666665
vertex 7.000096999999999 -23.29915433333333 3.9999446666666665
vertex 21.249948333333332 -23.29915433333333 3.9999446666666665
endloop
endfacet
facet normal 0 0 1
outer loop
vertex 7.000096999999999 -23.149127333333333 3.9999446666666665
vertex 21.249948333333332 -23.29915433333333 3.9999446666666665
vertex 21.03595633333333 -23.149127333333333 3.9999446666666665
endloop
endfacet
facet normal 0 0 1
outer loop
vertex -21.03595633333333 -23.149127333333333 3.9999446666666665
vertex -21.249948333333332 -23.29915433333333 3.9999446666666665
vertex -7.000096999999999 -23.29915433333333 3.9999446666666665
endloop
endfacet
facet normal 0 0 1
outer loop
vertex -21.03595633333333 -23.149127333333333 3.9999446666666665
vertex -7.000096999999999 -23.29915433333333 3.9999446666666665
vertex -7.000096999999999 -23.149127333333333 3.9999446666666665
endloop
endfacet
facet normal 0 0 1
outer loop
vertex -25.408060999999996 -23.223947 3.9999446666666665
vertex -27.127362666666663 -23.149127333333333 3.9999446666666665
vertex -27.112631333333333 -23.22355933333333 3.9999446666666665
endloop
endfacet
facet normal 0 0 1
outer loop
vertex -25.408060999999996 -23.223947 3.9999446666666665
vertex -27.112631333333333 -23.22355933333333 3.9999446666666665
vertex -27.087045333333332 -23.29915433333333 3.9999446666666665
endloop
endfacet
facet normal 0 0 1
outer loop
vertex -25.408060999999996 -23.223947 3.9999446666666665
vertex -27.087045333333332 -23.29915433333333 3.9999446666666665
vertex -22.749830666666664 -23.29915433333333 3.9999446666666665
endloop
endfacet
facet normal 0 0 1
outer loop
vertex -25.408060999999996 -23.223947 3.9999446666666665
vertex -22.749830666666664 -23.29915433333333 3.9999446666666665
vertex -22.96421033333333 -23.149127333333333 3.9999446666666665
endloop
endfacet
facet normal 0 0 0.9999999999999999
outer loop
vertex -25.408060999999996 -23.223947 3.9999446666666665
vertex -22.96421033333333 -23.149127333333333 3.9999446666666665
vertex -27.127362666666663 -23.149127333333333 3.9999446666666665
endloop
endfacet
facet normal 0 0 1
outer loop
vertex 22.749830666666664 -23.29915433333333 3.9999446666666665
vertex 22.51296633333333 -23.40963933333333 3.9999446666666665
vertex 27.049441666666663 -23.40963933333333 3.9999446666666665
endloop
endfacet
facet normal 0 0 1
outer loop
vertex 22.749830666666664 -23.29915433333333 3.9999446666666665
vertex 27.049441666666663 -23.40963933333333 3.9999446666666665
vertex 27.087045333333332 -23.29915433333333 3.9999446666666665
endloop
endfacet
facet normal 0 0 1
outer loop
vertex 7.000096999999999 -23.29915433333333 3.9999446666666665
vertex 7.000096999999999 -23.40963933333333 3.9999446666666665
vertex 21.486812666666665 -23.40963933333333 3.9999446666666665
endloop
endfacet
facet normal 0 0 1
outer loop
vertex 7.000096999999999 -23.29915433333333 3.9999446666666665
vertex 21.486812666666665 -23.40963933333333 3.9999446666666665
vertex 21.249948333333332 -23.29915433333333 3.9999446666666665
endloop
endfacet
facet normal 0 0 1
outer loop
vertex -21.249948333333332 -23.29915433333333 3.9999446666666665
vertex -21.486812666666665 -23.40963933333333 3.9999446666666665
vertex -7.000096999999999 -23.40963933333333 3.9999446666666665
endloop
endfacet
facet normal 0 0 1
outer loop
vertex -21.249948333333332 -23.29915433333333 3.9999446666666665
vertex -7.000096999999999 -23.40963933333333 3.9999446666666665
vertex -7.000096999999999 -23.29915433333333 3.9999446666666665
endloop
endfacet
facet normal 0 0 1
outer loop
vertex -27.087045333333332 -23.29915433333333 3.9999446666666665
vertex -27.049441666666663 -23.40963933333333 3.9999446666666665
vertex -22.51296633333333 -23.40963933333333 3.9999446666666665
endloop
endfacet
facet normal 0 0 1
outer loop
vertex -27.087045333333332 -23.29915433333333 3.9999446666666665
vertex -22.51296633333333 -23.40963933333333 3.9999446666666665
vertex -22.749830666666664 -23.29915433333333 3.9999446666666665
endloop
endfacet
facet normal 0 0 1
outer loop
vertex 22.51296633333333 -23.40963933333333 3.9999446666666665
vertex 22.26059533333333 -23.477093333333332 3.9999446666666665
vertex 27.02656933333333 -23.477093333333332 3.9999446666666665
endloop
endfacet
facet normal 0 0 1
outer loop
vertex 22.51296633333333 -23.40963933333333 3.9999446666666665
vertex 27.02656933333333 -23.477093333333332 3.9999446666666665
vertex 27.049441666666663 -23.40963933333333 3.9999446666666665
endloop
endfacet
facet normal 0 0 0.9999999999999999
outer loop
vertex 7.000096999999999 -23.40963933333333 3.9999446666666665
vertex 7.000096999999999 -23.477093333333332 3.9999446666666665
vertex 21.73957133333333 -23.477093333333332 3.9999446666666665
endloop
endfacet
facet normal 0 0 1
outer loop
vertex 7.000096999999999 -23.40963933333333 3.9999446666666665
vertex 21.73957133333333 -23.477093333333332 3.9999446666666665
vertex 21.486812666666665 -23.40963933333333 3.9999446666666665
endloop
endfacet
facet normal 0 0 1
outer loop
vertex -21.486812666666665 -23.40963933333333 3.9999446666666665
vertex -21.73957133333333 -23.477093333333332 3.9999446666666665
vertex -7.000096999999999 -23.477093333333332 3.9999446666666665
endloop
endfacet
facet normal 0 0 1
outer loop
vertex -21.486812666666665 -23.40963933333333 3.9999446666666665
vertex -7.000096999999999 -23.477093333333332 3.9999446666666665
vertex -7.000096999999999 -23.40963933333333 3.9999446666666665
endloop
endfacet
facet normal 0 0 1
outer loop
vertex -27.049441666666663 -23.40963933333333 3.9999446666666665
vertex -27.02656933333333 -23.477093333333332 3.9999446666666665
vertex -22.26059533333333 -23.477093333333332 3.9999446666666665
endloop
endfacet
facet normal 0 0 1
outer loop
vertex -27.049441666666663 -23.40963933333333 3.9999446666666665
vertex -22.26059533333333 -23.477093333333332 3.9999446666666665
vertex -22.51296633333333 -23.40963933333333 3.9999446666666665
endloop
endfacet
facet normal 0 0 1
outer loop
vertex 22.26059533333333 -23.477093333333332 3.9999446666666665
vertex 22.000083333333333 -23.499965666666665 3.9999446666666665
vertex 27.018815999999998 -23.499965666666665 3.9999446666666665
endloop
endfacet
facet normal 0 0 1
outer loop
vertex 22.26059533333333 -23.477093333333332 3.9999446666666665
vertex 27.018815999999998 -23.499965666666665 3.9999446666666665
vertex 27.02656933333333 -23.477093333333332 3.9999446666666665
endloop
endfacet
facet normal 0 0 1
outer loop
vertex 7.000096999999999 -23.477093333333332 3.9999446666666665
vertex 7.000096999999999 -23.499965666666665 3.9999446666666665
vertex 22.000083333333333 -23.499965666666665 3.9999446666666665
endloop
endfacet
facet normal 0 0 1
outer loop
vertex 7.000096999999999 -23.477093333333332 3.9999446666666665
vertex 22.000083333333333 -23.499965666666665 3.9999446666666665
vertex 21.73957133333333 -23.477093333333332 3.9999446666666665
endloop
endfacet
facet normal 0 0 1
outer loop
vertex -21.73957133333333 -23.477093333333332 3.9999446666666665
vertex -22.000083333333333 -23.499965666666665 3.9999446666666665
vertex -7.000096999999999 -23.499965666666665 3.9999446666666665
endloop
endfacet
facet normal 0 0 1
outer loop
vertex -21.73957133333333 -23.477093333333332 3.9999446666666665
vertex -7.000096999999999 -23.499965666666665 3.9999446666666665
vertex -7.000096999999999 -23.477093333333332 3.9999446666666665
endloop
endfacet
facet normal 0 0 1
outer loop
vertex -27.02656933333333 -23.477093333333332 3.9999446666666665
vertex -27.018815999999998 -23.499965666666665 3.9999446666666665
vertex -22.000083333333333 -23.499965666666665 3.9999446666666665
endloop
endfacet
facet normal 0 0 1
outer loop
vertex -27.02656933333333 -23.477093333333332 3.9999446666666665
vertex -22.000083333333333 -23.499965666666665 3.9999446666666665
vertex -22.26059533333333 -23.477093333333332 3.9999446666666665
endloop
endfacet
facet normal 0 0 0.9999999999999999
outer loop
vertex 22.104365666666666 -25.59763 3.9999446666666665
vertex 22.000083333333333 -23.499965666666665 3.9999446666666665
vertex 7.000096999999999 -23.499965666666665 3.9999446666666665
endloop
endfacet
facet normal 0 0 1
outer loop
vertex 22.104365666666666 -25.59763 3.9999446666666665
vertex 7.000096999999999 -23.499965666666665 3.9999446666666665
vertex 7.000096999999999 -27.29987433333333 3.9999446666666665
endloop
endfacet
facet normal 0 0 0.9999999999999999
outer loop
vertex 22.104365666666666 -25.59763 3.9999446666666665
vertex 7.000096999999999 -27.29987433333333 3.9999446666666665
vertex 21.800047333333332 -27.29987433333333 3.9999446666666665
endloop
endfacet
facet normal 0 0 1
outer loop
vertex 22.104365666666666 -25.59763 3.9999446666666665
vertex 21.800047333333332 -27.29987433333333 3.9999446666666665
vertex 22.518006 -27.252966666666666 3.9999446666666665
endloop
endfacet
facet normal 0 0 1
outer loop
vertex 22.104365666666666 -25.59763 3.9999446666666665
vertex 22.518006 -27.252966666666666 3.9999446666666665
vertex 23.22355933333333 -27.112631333333333 3.9999446666666665
endloop
endfacet
facet normal 0 0 1
outer loop
vertex 22.104365666666666 -25.59763 3.9999446666666665
vertex 23.22355933333333 -27.112631333333333 3.9999446666666665
vertex 23.904689666666666 -26.881194333333333 3.9999446666666665
endloop
endfacet
facet normal 0 0 1
outer loop
vertex 22.104365666666666 -25.59763 3.9999446666666665
vertex 23.904689666666666 -26.881194333333333 3.9999446666666665
vertex 24.550154666666664 -26.563307666666663 3.9999446666666665
endloop
endfacet
facet normal 0 0 1
outer loop
vertex 22.104365666666666 -25.59763 3.9999446666666665
vertex 24.550154666666664 -26.563307666666663 3.9999446666666665
vertex 25.14832433333333 -26.16362333333333 3.9999446666666665
endloop
endfacet
facet normal 0 0 1
outer loop
vertex 22.104365666666666 -25.59763 3.9999446666666665
vertex 25.14832433333333 -26.16362333333333 3.9999446666666665
vertex 25.68911933333333 -25.68911933333333 3.9999446666666665
endloop
endfacet
facet normal 0 0 0.9999999999999999
outer loop
vertex 22.104365666666666 -25.59763 3.9999446666666665
vertex 25.68911933333333 -25.68911933333333 3.9999446666666665
vertex 26.16362333333333 -25.14832433333333 3.9999446666666665
endloop
endfacet
facet normal 0 0 1
outer loop
vertex 22.104365666666666 -25.59763 3.9999446666666665
vertex 26.16362333333333 -25.14832433333333 3.9999446666666665
vertex 26.563307666666663 -24.550154666666664 3.9999446666666665
endloop
endfacet
facet normal 0 0 1
outer loop
vertex 22.104365666666666 -25.59763 3.9999446666666665
vertex 26.563307666666663 -24.550154666666664 3.9999446666666665
vertex 26.881194333333333 -23.904689666666666 3.9999446666666665
endloop
endfacet
facet normal 0 0 1
outer loop
vertex 22.104365666666666 -25.59763 3.9999446666666665
vertex 26.881194333333333 -23.904689666666666 3.9999446666666665
vertex 27.018815999999998 -23.499965666666665 3.9999446666666665
endloop
endfacet
facet normal 0 0 1
outer loop
vertex 22.104365666666666 -25.59763 3.9999446666666665
vertex 27.018815999999998 -23.499965666666665 3.9999446666666665
vertex 22.000083333333333 -23.499965666666665 3.9999446666666665
endloop
endfacet
facet normal 0 0 1
outer loop
vertex -22.104365666666666 -25.59763 3.9999446666666665
vertex -22.000083333333333 -23.499965666666665 3.9999446666666665
vertex -27.018815999999998 -23.499965666666665 3.9999446666666665
endloop
endfacet
facet normal 0 0 1
outer loop
vertex -22.104365666666666 -25.59763 3.9999446666666665
vertex -27.018815999999998 -23.499965666666665 3.9999446666666665
vertex -26.881194333333333 -23.904689666666666 3.9999446666666665
endloop
endfacet
facet normal 0 0 1
outer loop
vertex -22.104365666666666 -25.59763 3.9999446666666665
vertex -26.881194333333333 -23.904689666666666 3.9999446666666665
vertex -26.563307666666663 -24.550154666666664 3.9999446666666665
endloop
endfacet
facet normal 0 0 1
outer loop
vertex -22.104365666666666 -25.59763 3.9999446666666665
vertex -26.563307666666663 -24.550154666666664 3.9999446666666665
vertex -26.16362333333333 -25.14832433333333 3.9999446666666665
endloop
endfacet
facet normal 0 0 0.9999999999999999
outer loop
vertex -22.104365666666666 -25.59763 3.9999446666666665
vertex -26.16362333333333 -25.14832433333333 3.9999446666666665
vertex -25.68911933333333 -25.68911933333333 3.9999446666666665
endloop
endfacet
facet normal 0 0 1
outer loop
vertex -22.104365666666666 -25.59763 3.9999446666666665
vertex -25.68911933333333 -25.68911933333333 3.9999446666666665
vertex -25.14832433333333 -26.16362333333333 3.9999446666666665
endloop
endfacet
facet normal 0 0 1
outer loop
vertex -22.104365666666666 -25.59763 3.9999446666666665
vertex -25.14832433333333 -26.16362333333333 3.9999446666666665
vertex -24.550154666666664 -26.563307666666663 3.9999446666666665
endloop
endfacet
facet normal 0 0 1
outer loop
vertex -22.104365666666666 -25.59763 3.9999446666666665
vertex -24.550154666666664 -26.563307666666663 3.9999446666666665
vertex -23.904689666666666 -26.881194333333333 3.9999446666666665
endloop
endfacet
facet normal 0 0 1
outer loop
vertex -22.104365666666666 -25.59763 3.9999446666666665
vertex -23.904689666666666 -26.881194333333333 3.9999446666666665
vertex -23.22355933333333 -27.112631333333333 3.9999446666666665
endloop
endfacet
facet normal 0 0 1
outer loop
vertex -22.104365666666666 -25.59763 3.9999446666666665
vertex -23.22355933333333 -27.112631333333333 3.9999446666666665
vertex -22.518006 -27.252966666666666 3.9999446666666665
endloop
endfacet
facet normal 0 0 1
outer loop
vertex -22.104365666666666 -25.59763 3.9999446666666665
vertex -22.518006 -27.252966666666666 3.9999446666666665
vertex -21.800047333333332 -27.29987433333333 3.9999446666666665
endloop
endfacet
facet normal 0 0 0.9999999999999999
outer loop
vertex -22.104365666666666 -25.59763 3.9999446666666665
vertex -21.800047333333332 -27.29987433333333 3.9999446666666665
vertex -7.000096999999999 -27.29987433333333 3.9999446666666665
endloop
endfacet
facet normal 0 0 1
outer loop
vertex -22.104365666666666 -25.59763 3.9999446666666665
vertex -7.000096999999999 -27.29987433333333 3.9999446666666665
vertex -7.000096999999999 -23.499965666666665 3.9999446666666665
endloop
endfacet
facet normal 0 0 0.9999999999999999
outer loop
vertex -22.104365666666666 -25.59763 3.9999446666666665
vertex -7.000096999999999 -23.499965666666665 3.9999446666666665
vertex -22.000083333333333 -23.499965666666665 3.9999446666666665
endloop
endfacet
facet normal 0.9961679292814922 0.08746117236250638 0
outer loop
vertex -20.522685666666664 -21.73957133333333 3.9999446666666665
vertex -20.522685666666664 -21.73957133333333 7.100115
vertex -20.499813333333332 -22.000083333333333 7.100115
endloop
endfacet
facet normal 0.9961679292814922 0.08746117236250638 0
outer loop
vertex -20.522685666666664 -21.73957133333333 3.9999446666666665
vertex -20.499813333333332 -22.000083333333333 7.100115
vertex -20.499813333333332 -22.000083333333333 3.9999446666666665
endloop
endfacet
facet normal 0.9658157046890419 0.2592296753383169 0
outer loop
vertex -20.59052733333333 -21.486812666666665 3.9999446666666665
vertex -20.59052733333333 -21.486812666666665 7.100115
vertex -20.522685666666664 -21.73957133333333 7.100115
endloop
endfacet
facet normal 0.9658157046890419 0.2592296753383169 0
outer loop
vertex -20.59052733333333 -21.486812666666665 3.9999446666666665
vertex -20.522685666666664 -21.73957133333333 7.100115
vertex -20.522685666666664 -21.73957133333333 3.9999446666666665
endloop
endfacet
facet normal 0.9062589113679053 0.42272306013069505 0
outer loop
vertex -20.70101233333333 -21.249948333333332 3.9999446666666665
vertex -20.70101233333333 -21.249948333333332 7.100115
vertex -20.59052733333333 -21.486812666666665 7.100115
endloop
endfacet
facet normal 0.9062589113679053 0.42272306013069505 0
outer loop
vertex -20.70101233333333 -21.249948333333332 3.9999446666666665
vertex -20.59052733333333 -21.486812666666665 7.100115
vertex -20.59052733333333 -21.486812666666665 3.9999446666666665
endloop
endfacet
facet normal 0.8188135750180849 0.5740595172681167 0
outer loop
vertex -20.851039333333333 -21.03595633333333 3.9999446666666665
vertex -20.851039333333333 -21.03595633333333 7.100115
vertex -20.70101233333333 -21.249948333333332 7.100115
endloop
endfacet
facet normal 0.8188135750180849 0.5740595172681167 0
outer loop
vertex -20.851039333333333 -21.03595633333333 3.9999446666666665
vertex -20.70101233333333 -21.249948333333332 7.100115
vertex -20.70101233333333 -21.249948333333332 3.9999446666666665
endloop
endfacet
facet normal 0.7071067811865475 0.7071067811865475 0
outer loop
vertex -21.03595633333333 -20.851039333333333 3.9999446666666665
vertex -21.03595633333333 -20.851039333333333 7.100115
vertex -20.851039333333333 -21.03595633333333 7.100115
endloop
endfacet
facet normal 0.7071067811865475 0.7071067811865475 0
outer loop
vertex -21.03595633333333 -20.851039333333333 3.9999446666666665
vertex -20.851039333333333 -21.03595633333333 7.100115
vertex -20.851039333333333 -21.03595633333333 3.9999446666666665
endloop
endfacet
facet normal 0.5740595172681167 0.8188135750180849 0
outer loop
vertex -21.249948333333332 -20.70101233333333 3.9999446666666665
vertex -21.249948333333332 -20.70101233333333 7.100115
vertex -21.03595633333333 -20.851039333333333 7.100115
endloop
endfacet
facet normal 0.5740595172681167 0.8188135750180849 0
outer loop
vertex -21.249948333333332 -20.70101233333333 3.9999446666666665
vertex -21.03595633333333 -20.851039333333333 7.100115
vertex -21.03595633333333 -20.851039333333333 3.9999446666666665
endloop
endfacet
facet normal 0.42272306013069505 0.9062589113679053 0
outer loop
vertex -21.486812666666665 -20.59052733333333 3.9999446666666665
vertex -21.486812666666665 -20.59052733333333 7.100115
vertex -21.249948333333332 -20.70101233333333 7.100115
endloop
endfacet
facet normal 0.42272306013069505 0.9062589113679053 0
outer loop
vertex -21.486812666666665 -20.59052733333333 3.9999446666666665
vertex -21.249948333333332 -20.70101233333333 7.100115
vertex -21.249948333333332 -20.70101233333333 3.9999446666666665
endloop
endfacet
facet normal 0.2592296753383169 0.9658157046890419 0
outer loop
vertex -21.73957133333333 -20.522685666666664 3.9999446666666665
vertex -21.73957133333333 -20.522685666666664 7.100115
vertex -21.486812666666665 -20.59052733333333 7.100115
endloop
endfacet
facet normal 0.2592296753383169 0.9658157046890419 0
outer loop
vertex -21.73957133333333 -20.522685666666664 3.9999446666666665
vertex -21.486812666666665 -20.59052733333333 7.100115
vertex -21.486812666666665 -20.59052733333333 3.9999446666666665
endloop
endfacet
facet normal 0.08746117236250638 0.9961679292814922 0
outer loop
vertex -22.000083333333333 -20.499813333333332 3.9999446666666665
vertex -22.000083333333333 -20.499813333333332 7.100115
vertex -21.73957133333333 -20.522685666666664 7.100115
endloop
endfacet
facet normal 0.08746117236250638 0.9961679292814922 0
outer loop
vertex -22.000083333333333 -20.499813333333332 3.9999446666666665
vertex -21.73957133333333 -20.522685666666664 7.100115
vertex -21.73957133333333 -20.522685666666664 3.9999446666666665
endloop
endfacet
facet normal -0.08746117236250754 0.996167929281492 0
outer loop
vertex -22.26059533333333 -20.522685666666664 3.9999446666666665
vertex -22.26059533333333 -20.522685666666664 7.100115
vertex -22.000083333333333 -20.499813333333332 7.100115
endloop
endfacet
facet normal -0.08746117236250754 0.996167929281492 0
outer loop
vertex -22.26059533333333 -20.522685666666664 3.9999446666666665
vertex -22.000083333333333 -20.499813333333332 7.100115
vertex -22.000083333333333 -20.499813333333332 3.9999446666666665
endloop
endfacet
facet normal -0.2596010608691704 0.9657159464333189 0
outer loop
vertex -22.51296633333333 -20.59052733333333 3.9999446666666665
vertex -22.51296633333333 -20.59052733333333 7.100115
vertex -22.26059533333333 -20.522685666666664 7.100115
endloop
endfacet
facet normal -0.2596010608691704 0.9657159464333189 0
outer loop
vertex -22.51296633333333 -20.59052733333333 3.9999446666666665
vertex -22.26059533333333 -20.522685666666664 7.100115
vertex -22.26059533333333 -20.522685666666664 3.9999446666666665
endloop
endfacet
facet normal -0.42272306013069505 0.9062589113679053 0
outer loop
vertex -22.749830666666664 -20.70101233333333 3.9999446666666665
vertex -22.749830666666664 -20.70101233333333 7.100115
vertex -22.51296633333333 -20.59052733333333 7.100115
endloop
endfacet
facet normal -0.42272306013069505 0.9062589113679053 0
outer loop
vertex -22.749830666666664 -20.70101233333333 3.9999446666666665
vertex -22.51296633333333 -20.59052733333333 7.100115
vertex -22.51296633333333 -20.59052733333333 3.9999446666666665
endloop
endfacet
facet normal -0.5733629067233066 0.8193015178759288 0
outer loop
vertex -22.96421033333333 -20.851039333333333 3.9999446666666665
vertex -22.96421033333333 -20.851039333333333 7.100115
vertex -22.749830666666664 -20.70101233333333 7.100115
endloop
endfacet
facet normal -0.5733629067233066 0.8193015178759288 0
outer loop
vertex -22.96421033333333 -20.851039333333333 3.9999446666666665
vertex -22.749830666666664 -20.70101233333333 7.100115
vertex -22.749830666666664 -20.70101233333333 3.9999446666666665
endloop
endfacet
facet normal -0.8188135750180913 0.5740595172681074 0
outer loop
vertex -23.29915433333333 -21.249948333333332 3.9999446666666665
vertex -23.29915433333333 -21.249948333333332 7.100115
vertex -23.149127333333333 -21.03595633333333 7.100115
endloop
endfacet
facet normal -0.8188135750180913 0.5740595172681074 0
outer loop
vertex -23.29915433333333 -21.249948333333332 3.9999446666666665
vertex -23.149127333333333 -21.03595633333333 7.100115
vertex -23.149127333333333 -21.03595633333333 3.9999446666666665
endloop
endfacet
facet normal -0.9062589113679053 0.42272306013069505 0
outer loop
vertex -23.40963933333333 -21.486812666666665 3.9999446666666665
vertex -23.40963933333333 -21.486812666666665 7.100115
vertex -23.29915433333333 -21.249948333333332 7.100115
endloop
endfacet
facet normal -0.9062589113679053 0.42272306013069505 0
outer loop
vertex -23.40963933333333 -21.486812666666665 3.9999446666666665
vertex -23.29915433333333 -21.249948333333332 7.100115
vertex -23.29915433333333 -21.249948333333332 3.9999446666666665
endloop
endfacet
facet normal -0.9661857309569039 0.25784711224924234 0
outer loop
vertex -23.477093333333332 -21.73957133333333 3.9999446666666665
vertex -23.477093333333332 -21.73957133333333 7.100115
vertex -23.40963933333333 -21.486812666666665 7.100115
endloop
endfacet
facet normal -0.9661857309569039 0.25784711224924234 0
outer loop
vertex -23.477093333333332 -21.73957133333333 3.9999446666666665
vertex -23.40963933333333 -21.486812666666665 7.100115
vertex -23.40963933333333 -21.486812666666665 3.9999446666666665
endloop
endfacet
facet normal -0.9961679292814922 0.08746117236250638 0
outer loop
vertex -23.499965666666665 -22.000083333333333 3.9999446666666665
vertex -23.499965666666665 -22.000083333333333 7.100115
vertex -23.477093333333332 -21.73957133333333 7.100115
endloop
endfacet
facet normal -0.9961679292814922 0.08746117236250638 0
outer loop
vertex -23.499965666666665 -22.000083333333333 3.9999446666666665
vertex -23.477093333333332 -21.73957133333333 7.100115
vertex -23.477093333333332 -21.73957133333333 3.9999446666666665
endloop
endfacet
facet normal -0.996167929281492 -0.08746117236250754 0
outer loop
vertex -23.477093333333332 -22.26059533333333 3.9999446666666665
vertex -23.477093333333332 -22.26059533333333 7.100115
vertex -23.499965666666665 -22.000083333333333 7.100115
endloop
endfacet
facet normal -0.996167929281492 -0.08746117236250754 0
outer loop
vertex -23.477093333333332 -22.26059533333333 3.9999446666666665
vertex -23.499965666666665 -22.000083333333333 7.100115
vertex -23.499965666666665 -22.000083333333333 3.9999446666666665
endloop
endfacet
facet normal -0.9660869959795352 -0.25821680076872916 0
outer loop
vertex -23.40963933333333 -22.51296633333333 3.9999446666666665
vertex -23.40963933333333 -22.51296633333333 7.100115
vertex -23.477093333333332 -22.26059533333333 7.100115
endloop
endfacet
facet normal -0.9660869959795352 -0.25821680076872916 0
outer loop
vertex -23.40963933333333 -22.51296633333333 3.9999446666666665
vertex -23.477093333333332 -22.26059533333333 7.100115
vertex -23.477093333333332 -22.26059533333333 3.9999446666666665
endloop
endfacet
facet normal -0.9062589113679053 -0.42272306013069505 0
outer loop
vertex -23.29915433333333 -22.749830666666664 3.9999446666666665
vertex -23.29915433333333 -22.749830666666664 7.100115
vertex -23.40963933333333 -22.51296633333333 7.100115
endloop
endfacet
facet normal -0.9062589113679053 -0.42272306013069505 0
outer loop
vertex -23.29915433333333 -22.749830666666664 3.9999446666666665
vertex -23.40963933333333 -22.51296633333333 7.100115
vertex -23.40963933333333 -22.51296633333333 3.9999446666666665
endloop
endfacet
facet normal -0.8193015178759353 -0.5733629067232976 0
outer loop
vertex -23.149127333333333 -22.96421033333333 3.9999446666666665
vertex -23.149127333333333 -22.96421033333333 7.100115
vertex -23.29915433333333 -22.749830666666664 7.100115
endloop
endfacet
facet normal -0.8193015178759353 -0.5733629067232976 0
outer loop
vertex -23.149127333333333 -22.96421033333333 3.9999446666666665
vertex -23.29915433333333 -22.749830666666664 7.100115
vertex -23.29915433333333 -22.749830666666664 3.9999446666666665
endloop
endfacet
facet normal -0.7071067811865476 -0.7071067811865476 0
outer loop
vertex -22.96421033333333 -23.149127333333333 3.9999446666666665
vertex -22.96421033333333 -23.149127333333333 7.100115
vertex -23.149127333333333 -22.96421033333333 7.100115
endloop
endfacet
facet normal -0.7071067811865476 -0.7071067811865476 0
outer loop
vertex -22.96421033333333 -23.149127333333333 3.9999446666666665
vertex -23.149127333333333 -22.96421033333333 7.100115
vertex -23.149127333333333 -22.96421033333333 3.9999446666666665
endloop
endfacet
facet normal -0.5733629067232976 -0.8193015178759353 0
outer loop
vertex -22.749830666666664 -23.29915433333333 3.9999446666666665
vertex -22.749830666666664 -23.29915433333333 7.100115
vertex -22.96421033333333 -23.149127333333333 7.100115
endloop
endfacet
facet normal -0.5733629067232976 -0.8193015178759353 0
outer loop
vertex -22.749830666666664 -23.29915433333333 3.9999446666666665
vertex -22.96421033333333 -23.149127333333333 7.100115
vertex -22.96421033333333 -23.149127333333333 3.9999446666666665
endloop
endfacet
facet normal -0.42272306013069505 -0.9062589113679053 0
outer loop
vertex -22.51296633333333 -23.40963933333333 3.9999446666666665
vertex -22.51296633333333 -23.40963933333333 7.100115
vertex -22.749830666666664 -23.29915433333333 7.100115
endloop
endfacet
facet normal -0.42272306013069505 -0.9062589113679053 0
outer loop
vertex -22.51296633333333 -23.40963933333333 3.9999446666666665
vertex -22.749830666666664 -23.29915433333333 7.100115
vertex -22.749830666666664 -23.29915433333333 3.9999446666666665
endloop
endfacet
facet normal -0.25821680076872916 -0.9660869959795352 0
outer loop
vertex -22.26059533333333 -23.477093333333332 3.9999446666666665
vertex -22.26059533333333 -23.477093333333332 7.100115
vertex -22.51296633333333 -23.40963933333333 7.100115
endloop
endfacet
facet normal -0.25821680076872916 -0.9660869959795352 0
outer loop
vertex -22.26059533333333 -23.477093333333332 3.9999446666666665
vertex -22.51296633333333 -23.40963933333333 7.100115
vertex -22.51296633333333 -23.40963933333333 3.9999446666666665
endloop
endfacet
facet normal -0.08746117236250754 -0.996167929281492 0
outer loop
vertex -22.000083333333333 -23.499965666666665 3.9999446666666665
vertex -22.000083333333333 -23.499965666666665 7.100115
vertex -22.26059533333333 -23.477093333333332 7.100115
endloop
endfacet
facet normal -0.08746117236250754 -0.996167929281492 0
outer loop
vertex -22.000083333333333 -23.499965666666665 3.9999446666666665
vertex -22.26059533333333 -23.477093333333332 7.100115
vertex -22.26059533333333 -23.477093333333332 3.9999446666666665
endloop
endfacet
facet normal 0.08746117236250638 -0.9961679292814922 0
outer loop
vertex -21.73957133333333 -23.477093333333332 3.9999446666666665
vertex -21.73957133333333 -23.477093333333332 7.100115
vertex -22.000083333333333 -23.499965666666665 7.100115
endloop
endfacet
facet normal 0.08746117236250638 -0.9961679292814922 0
outer loop
vertex -21.73957133333333 -23.477093333333332 3.9999446666666665
vertex -22.000083333333333 -23.499965666666665 7.100115
vertex -22.000083333333333 -23.499965666666665 3.9999446666666665
endloop
endfacet
facet normal 0.25784711224924234 -0.9661857309569039 0
outer loop
vertex -21.486812666666665 -23.40963933333333 3.9999446666666665
vertex -21.486812666666665 -23.40963933333333 7.100115
vertex -21.73957133333333 -23.477093333333332 7.100115
endloop
endfacet
facet normal 0.25784711224924234 -0.9661857309569039 0
outer loop
vertex -21.486812666666665 -23.40963933333333 3.9999446666666665
vertex -21.73957133333333 -23.477093333333332 7.100115
vertex -21.73957133333333 -23.477093333333332 3.9999446666666665
endloop
endfacet
facet normal 0.42272306013069505 -0.9062589113679053 0
outer loop
vertex -21.249948333333332 -23.29915433333333 3.9999446666666665
vertex -21.249948333333332 -23.29915433333333 7.100115
vertex -21.486812666666665 -23.40963933333333 7.100115
endloop
endfacet
facet normal 0.42272306013069505 -0.9062589113679053 0
outer loop
vertex -21.249948333333332 -23.29915433333333 3.9999446666666665
vertex -21.486812666666665 -23.40963933333333 7.100115
vertex -21.486812666666665 -23.40963933333333 3.9999446666666665
endloop
endfacet
facet normal 0.5740595172681074 -0.8188135750180913 0
outer loop
vertex -21.03595633333333 -23.149127333333333 3.9999446666666665
vertex -21.03595633333333 -23.149127333333333 7.100115
vertex -21.249948333333332 -23.29915433333333 7.100115
endloop
endfacet
facet normal 0.5740595172681074 -0.8188135750180913 0
outer loop
vertex -21.03595633333333 -23.149127333333333 3.9999446666666665
vertex -21.249948333333332 -23.29915433333333 7.100115
vertex -21.249948333333332 -23.29915433333333 3.9999446666666665
endloop
endfacet
facet normal 0.8193015178759288 -0.5733629067233066 0
outer loop
vertex -20.70101233333333 -22.749830666666664 3.9999446666666665
vertex -20.70101233333333 -22.749830666666664 7.100115
vertex -20.851039333333333 -22.96421033333333 7.100115
endloop
endfacet
facet normal 0.8193015178759288 -0.5733629067233066 0
outer loop
vertex -20.70101233333333 -22.749830666666664 3.9999446666666665
vertex -20.851039333333333 -22.96421033333333 7.100115
vertex -20.851039333333333 -22.96421033333333 3.9999446666666665
endloop
endfacet
facet normal 0.9062589113679053 -0.42272306013069505 0
outer loop
vertex -20.59052733333333 -22.51296633333333 3.9999446666666665
vertex -20.59052733333333 -22.51296633333333 7.100115
vertex -20.70101233333333 -22.749830666666664 7.100115
endloop
endfacet
facet normal 0.9062589113679053 -0.42272306013069505 0
outer loop
vertex -20.59052733333333 -22.51296633333333 3.9999446666666665
vertex -20.70101233333333 -22.749830666666664 7.100115
vertex -20.70101233333333 -22.749830666666664 3.9999446666666665
endloop
endfacet
facet normal 0.9657159464333189 -0.2596010608691704 0
outer loop
vertex -20.522685666666664 -22.26059533333333 3.9999446666666665
vertex -20.522685666666664 -22.26059533333333 7.100115
vertex -20.59052733333333 -22.51296633333333 7.100115
endloop
endfacet
facet normal 0.9657159464333189 -0.2596010608691704 0
outer loop
vertex -20.522685666666664 -22.26059533333333 3.9999446666666665
vertex -20.59052733333333 -22.51296633333333 7.100115
vertex -20.59052733333333 -22.51296633333333 3.9999446666666665
endloop
endfacet
facet normal 0.996167929281492 -0.08746117236250754 0
outer loop
vertex -20.499813333333332 -22.000083333333333 3.9999446666666665
vertex -20.499813333333332 -22.000083333333333 7.100115
vertex -20.522685666666664 -22.26059533333333 7.100115
endloop
endfacet
facet normal 0.996167929281492 -0.08746117236250754 0
outer loop
vertex -20.499813333333332 -22.000083333333333 3.9999446666666665
vertex -20.522685666666664 -22.26059533333333 7.100115
vertex -20.522685666666664 -22.26059533333333 3.9999446666666665
endloop
endfacet
facet normal -0.9978900573976341 -0.0649263686567073 0
outer loop
vertex 2.0999903333333334 -16.000166333333333 0
vertex 2.0999903333333334 -16.000166333333333 3.9999446666666665
vertex 2.0821576666666664 -15.726085999999999 3.9999446666666665
endloop
endfacet
facet normal -0.9978900573976341 -0.0649263686567073 0
outer loop
vertex 2.0999903333333334 -16.000166333333333 0
vertex 2.0821576666666664 -15.726085999999999 3.9999446666666665
vertex 2.0821576666666664 -15.726085999999999 0
endloop
endfacet
facet normal -0.9805806756909203 -0.1961161351381831 0
outer loop
vertex 2.0821576666666664 -15.726085999999999 0
vertex 2.0821576666666664 -15.726085999999999 3.9999446666666665
vertex 2.028272 -15.456657666666665 3.9999446666666665
endloop
endfacet
facet normal -0.9805806756909203 -0.1961161351381831 0
outer loop
vertex 2.0821576666666664 -15.726085999999999 0
vertex 2.028272 -15.456657666666665 3.9999446666666665
vertex 2.028272 -15.456657666666665 0
endloop
endfacet
facet normal -0.9472621276046478 -0.3204597659705753 0
outer loop
vertex 2.028272 -15.456657666666665 0
vertex 2.028272 -15.456657666666665 3.9999446666666665
vertex 1.9402716666666666 -15.196533333333333 3.9999446666666665
endloop
endfacet
facet normal -0.9472621276046478 -0.3204597659705753 0
outer loop
vertex 2.028272 -15.456657666666665 0
vertex 1.9402716666666666 -15.196533333333333 3.9999446666666665
vertex 1.9402716666666666 -15.196533333333333 0
endloop
endfacet
facet normal -0.8966715902083618 -0.44269635114060696 0
outer loop
vertex 1.9402716666666666 -15.196533333333333 0
vertex 1.9402716666666666 -15.196533333333333 3.9999446666666665
vertex 1.818544333333333 -14.949977333333333 3.9999446666666665
endloop
endfacet
facet normal -0.8966715902083618 -0.44269635114060696 0
outer loop
vertex 1.9402716666666666 -15.196533333333333 0
vertex 1.818544333333333 -14.949977333333333 3.9999446666666665
vertex 1.818544333333333 -14.949977333333333 0
endloop
endfacet
facet normal -0.8318329566531378 -0.5550260644561649 0
outer loop
vertex 1.818544333333333 -14.949977333333333 0
vertex 1.818544333333333 -14.949977333333333 3.9999446666666665
vertex 1.6661913333333331 -14.721641666666665 3.9999446666666665
endloop
endfacet
facet normal -0.8318329566531378 -0.5550260644561649 0
outer loop
vertex 1.818544333333333 -14.949977333333333 0
vertex 1.6661913333333331 -14.721641666666665 3.9999446666666665
vertex 1.6661913333333331 -14.721641666666665 0
endloop
endfacet
facet normal -0.751440225050524 -0.6598011732150967 0
outer loop
vertex 1.6661913333333331 -14.721641666666665 0
vertex 1.6661913333333331 -14.721641666666665 3.9999446666666665
vertex 1.4847633333333332 -14.515015333333332 3.9999446666666665
endloop
endfacet
facet normal -0.751440225050524 -0.6598011732150967 0
outer loop
vertex 1.6661913333333331 -14.721641666666665 0
vertex 1.4847633333333332 -14.515015333333332 3.9999446666666665
vertex 1.4847633333333332 -14.515015333333332 0
endloop
endfacet
facet normal -0.659703891353373 -0.7515256321199011 0
outer loop
vertex 1.4847633333333332 -14.515015333333332 0
vertex 1.4847633333333332 -14.515015333333332 3.9999446666666665
vertex 1.2785246666666665 -14.333974999999999 3.9999446666666665
endloop
endfacet
facet normal -0.659703891353373 -0.7515256321199011 0
outer loop
vertex 1.4847633333333332 -14.515015333333332 0
vertex 1.2785246666666665 -14.333974999999999 3.9999446666666665
vertex 1.2785246666666665 -14.333974999999999 0
endloop
endfacet
facet normal -0.5560021376230873 -0.831180860558373 0
outer loop
vertex 1.2785246666666665 -14.333974999999999 0
vertex 1.2785246666666665 -14.333974999999999 3.9999446666666665
vertex 1.0501889999999998 -14.181234333333332 3.9999446666666665
endloop
endfacet
facet normal -0.5560021376230873 -0.831180860558373 0
outer loop
vertex 1.2785246666666665 -14.333974999999999 0
vertex 1.0501889999999998 -14.181234333333332 3.9999446666666665
vertex 1.0501889999999998 -14.181234333333332 0
endloop
endfacet
facet normal -0.4415617335670824 -0.8972308707624994 0
outer loop
vertex 1.0501889999999998 -14.181234333333332 0
vertex 1.0501889999999998 -14.181234333333332 3.9999446666666665
vertex 0.8036329999999999 -14.059894666666665 3.9999446666666665
endloop
endfacet
facet normal -0.4415617335670824 -0.8972308707624994 0
outer loop
vertex 1.0501889999999998 -14.181234333333332 0
vertex 0.8036329999999999 -14.059894666666665 3.9999446666666665
vertex 0.8036329999999999 -14.059894666666665 0
endloop
endfacet
facet normal -0.3217256472604084 -0.9468329355777984 0
outer loop
vertex 0.8036329999999999 -14.059894666666665 0
vertex 0.8036329999999999 -14.059894666666665 3.9999446666666665
vertex 0.5435086666666666 -13.971506666666667 3.9999446666666665
endloop
endfacet
facet normal -0.3217256472604084 -0.9468329355777984 0
outer loop
vertex 0.8036329999999999 -14.059894666666665 0
vertex 0.5435086666666666 -13.971506666666667 3.9999446666666665
vertex 0.5435086666666666 -13.971506666666667 0
endloop
endfacet
facet normal -0.1947589313764367 -0.9808511399030477 0
outer loop
vertex 0.5435086666666666 -13.971506666666667 0
vertex 0.5435086666666666 -13.971506666666667 3.9999446666666665
vertex 0.2740803333333333 -13.918008666666665 3.9999446666666665
endloop
endfacet
facet normal -0.1947589313764367 -0.9808511399030477 0
outer loop
vertex 0.5435086666666666 -13.971506666666667 0
vertex 0.2740803333333333 -13.918008666666665 3.9999446666666665
vertex 0.2740803333333333 -13.918008666666665 0
endloop
endfacet
facet normal -0.06492636865670744 -0.997890057397634 0
outer loop
vertex 0.2740803333333333 -13.918008666666665 0
vertex 0.2740803333333333 -13.918008666666665 3.9999446666666665
vertex 0 -13.900175999999998 3.9999446666666665
endloop
endfacet
facet normal -0.06492636865670744 -0.997890057397634 0
outer loop
vertex 0.2740803333333333 -13.918008666666665 0
vertex 0 -13.900175999999998 3.9999446666666665
vertex 0 -13.900175999999998 0
endloop
endfacet
facet normal 0.06492636865670744 -0.997890057397634 0
outer loop
vertex 0 -13.900175999999998 0
vertex 0 -13.900175999999998 3.9999446666666665
vertex -0.2740803333333333 -13.918008666666665 3.9999446666666665
endloop
endfacet
facet normal 0.06492636865670744 -0.997890057397634 0
outer loop
vertex 0 -13.900175999999998 0
vertex -0.2740803333333333 -13.918008666666665 3.9999446666666665
vertex -0.2740803333333333 -13.918008666666665 0
endloop
endfacet
facet normal 0.1947589313764367 -0.9808511399030477 0
outer loop
vertex -0.2740803333333333 -13.918008666666665 0
vertex -0.2740803333333333 -13.918008666666665 3.9999446666666665
vertex -0.5435086666666666 -13.971506666666667 3.9999446666666665
endloop
endfacet
facet normal 0.1947589313764367 -0.9808511399030477 0
outer loop
vertex -0.2740803333333333 -13.918008666666665 0
vertex -0.5435086666666666 -13.971506666666667 3.9999446666666665
vertex -0.5435086666666666 -13.971506666666667 0
endloop
endfacet
facet normal 0.3217256472604084 -0.9468329355777984 0
outer loop
vertex -0.5435086666666666 -13.971506666666667 0
vertex -0.5435086666666666 -13.971506666666667 3.9999446666666665
vertex -0.8036329999999999 -14.059894666666665 3.9999446666666665
endloop
endfacet
facet normal 0.3217256472604084 -0.9468329355777984 0
outer loop
vertex -0.5435086666666666 -13.971506666666667 0
vertex -0.8036329999999999 -14.059894666666665 3.9999446666666665
vertex -0.8036329999999999 -14.059894666666665 0
endloop
endfacet
facet normal 0.4415617335670824 -0.8972308707624994 0
outer loop
vertex -0.8036329999999999 -14.059894666666665 0
vertex -0.8036329999999999 -14.059894666666665 3.9999446666666665
vertex -1.0501889999999998 -14.181234333333332 3.9999446666666665
endloop
endfacet
facet normal 0.4415617335670824 -0.8972308707624994 0
outer loop
vertex -0.8036329999999999 -14.059894666666665 0
vertex -1.0501889999999998 -14.181234333333332 3.9999446666666665
vertex -1.0501889999999998 -14.181234333333332 0
endloop
endfacet
facet normal 0.5560021376230873 -0.831180860558373 0
outer loop
vertex -1.0501889999999998 -14.181234333333332 0
vertex -1.0501889999999998 -14.181234333333332 3.9999446666666665
vertex -1.2785246666666665 -14.333974999999999 3.9999446666666665
endloop
endfacet
facet normal 0.5560021376230873 -0.831180860558373 0
outer loop
vertex -1.0501889999999998 -14.181234333333332 0
vertex -1.2785246666666665 -14.333974999999999 3.9999446666666665
vertex -1.2785246666666665 -14.333974999999999 0
endloop
endfacet
facet normal 0.659703891353373 -0.7515256321199011 0
outer loop
vertex -1.2785246666666665 -14.333974999999999 0
vertex -1.2785246666666665 -14.333974999999999 3.9999446666666665
vertex -1.4847633333333332 -14.515015333333332 3.9999446666666665
endloop
endfacet
facet normal 0.659703891353373 -0.7515256321199011 0
outer loop
vertex -1.2785246666666665 -14.333974999999999 0
vertex -1.4847633333333332 -14.515015333333332 3.9999446666666665
vertex -1.4847633333333332 -14.515015333333332 0
endloop
endfacet
facet normal 0.751440225050524 -0.6598011732150967 0
outer loop
vertex -1.4847633333333332 -14.515015333333332 0
vertex -1.4847633333333332 -14.515015333333332 3.9999446666666665
vertex -1.6661913333333331 -14.721641666666665 3.9999446666666665
endloop
endfacet
facet normal 0.751440225050524 -0.6598011732150967 0
outer loop
vertex -1.4847633333333332 -14.515015333333332 0
vertex -1.6661913333333331 -14.721641666666665 3.9999446666666665
vertex -1.6661913333333331 -14.721641666666665 0
endloop
endfacet
facet normal 0.8318329566531378 -0.5550260644561649 0
outer loop
vertex -1.6661913333333331 -14.721641666666665 0
vertex -1.6661913333333331 -14.721641666666665 3.9999446666666665
vertex -1.818544333333333 -14.949977333333333 3.9999446666666665
endloop
endfacet
facet normal 0.8318329566531378 -0.5550260644561649 0
outer loop
vertex -1.6661913333333331 -14.721641666666665 0
vertex -1.818544333333333 -14.949977333333333 3.9999446666666665
vertex -1.818544333333333 -14.949977333333333 0
endloop
endfacet
facet normal 0.8966715902083618 -0.44269635114060696 0
outer loop
vertex -1.818544333333333 -14.949977333333333 0
vertex -1.818544333333333 -14.949977333333333 3.9999446666666665
vertex -1.9402716666666666 -15.196533333333333 3.9999446666666665
endloop
endfacet
facet normal 0.8966715902083618 -0.44269635114060696 0
outer loop
vertex -1.818544333333333 -14.949977333333333 0
vertex -1.9402716666666666 -15.196533333333333 3.9999446666666665
vertex -1.9402716666666666 -15.196533333333333 0
endloop
endfacet
facet normal 0.9472621276046478 -0.3204597659705753 0
outer loop
vertex -1.9402716666666666 -15.196533333333333 0
vertex -1.9402716666666666 -15.196533333333333 3.9999446666666665
vertex -2.028272 -15.456657666666665 3.9999446666666665
endloop
endfacet
facet normal 0.9472621276046478 -0.3204597659705753 0
outer loop
vertex -1.9402716666666666 -15.196533333333333 0
vertex -2.028272 -15.456657666666665 3.9999446666666665
vertex -2.028272 -15.456657666666665 0
endloop
endfacet
facet normal 0.9805806756909203 -0.1961161351381831 0
outer loop
vertex -2.028272 -15.456657666666665 0
vertex -2.028272 -15.456657666666665 3.9999446666666665
vertex -2.0821576666666664 -15.726085999999999 3.9999446666666665
endloop
endfacet
facet normal 0.9805806756909203 -0.1961161351381831 0
outer loop
vertex -2.028272 -15.456657666666665 0
vertex -2.0821576666666664 -15.726085999999999 3.9999446666666665
vertex -2.0821576666666664 -15.726085999999999 0
endloop
endfacet
facet normal 0.9978900573976341 -0.0649263686567073 0
outer loop
vertex -2.0821576666666664 -15.726085999999999 0
vertex -2.0821576666666664 -15.726085999999999 3.9999446666666665
vertex -2.0999903333333334 -16.000166333333333 3.9999446666666665
endloop
endfacet
facet normal 0.9978900573976341 -0.0649263686567073 0
outer loop
vertex -2.0821576666666664 -15.726085999999999 0
vertex -2.0999903333333334 -16.000166333333333 3.9999446666666665
vertex -2.0999903333333334 -16.000166333333333 0
endloop
endfacet
facet normal 0.9978900573976341 0.0649263686567073 0
outer loop
vertex -2.0999903333333334 -16.000166333333333 0
vertex -2.0999903333333334 -16.000166333333333 3.9999446666666665
vertex -2.0821576666666664 -16.274246666666667 3.9999446666666665
endloop
endfacet
facet normal 0.9978900573976341 0.0649263686567073 0
outer loop
vertex -2.0999903333333334 -16.000166333333333 0
vertex -2.0821576666666664 -16.274246666666667 3.9999446666666665
vertex -2.0821576666666664 -16.274246666666667 0
endloop
endfacet
facet normal 0.9805806756909203 0.1961161351381831 0
outer loop
vertex -2.0821576666666664 -16.274246666666667 0
vertex -2.0821576666666664 -16.274246666666667 3.9999446666666665
vertex -2.028272 -16.543675 3.9999446666666665
endloop
endfacet
facet normal 0.9805806756909203 0.1961161351381831 0
outer loop
vertex -2.0821576666666664 -16.274246666666667 0
vertex -2.028272 -16.543675 3.9999446666666665
vertex -2.028272 -16.543675 0
endloop
endfacet
facet normal 0.9472621276046471 0.3204597659705773 0
outer loop
vertex -2.028272 -16.543675 0
vertex -2.028272 -16.543675 3.9999446666666665
vertex -1.9402716666666666 -16.80379933333333 3.9999446666666665
endloop
endfacet
facet normal 0.9472621276046471 0.3204597659705773 0
outer loop
vertex -2.028272 -16.543675 0
vertex -1.9402716666666666 -16.80379933333333 3.9999446666666665
vertex -1.9402716666666666 -16.80379933333333 0
endloop
endfacet
facet normal 0.8963947607881096 0.4432566218700266 0
outer loop
vertex -1.9402716666666666 -16.80379933333333 0
vertex -1.9402716666666666 -16.80379933333333 3.9999446666666665
vertex -1.818544333333333 -17.049967666666664 3.9999446666666665
endloop
endfacet
facet normal 0.8963947607881096 0.4432566218700266 0
outer loop
vertex -1.9402716666666666 -16.80379933333333 0
vertex -1.818544333333333 -17.049967666666664 3.9999446666666665
vertex -1.818544333333333 -17.049967666666664 0
endloop
endfacet
facet normal 0.8318329566531399 0.555026064456162 0
outer loop
vertex -1.818544333333333 -17.049967666666664 0
vertex -1.818544333333333 -17.049967666666664 3.9999446666666665
vertex -1.6661913333333331 -17.278303333333334 3.9999446666666665
endloop
endfacet
facet normal 0.8318329566531399 0.555026064456162 0
outer loop
vertex -1.818544333333333 -17.049967666666664 0
vertex -1.6661913333333331 -17.278303333333334 3.9999446666666665
vertex -1.6661913333333331 -17.278303333333334 0
endloop
endfacet
facet normal 0.751440225050524 0.6598011732150967 0
outer loop
vertex -1.6661913333333331 -17.278303333333334 0
vertex -1.6661913333333331 -17.278303333333334 3.9999446666666665
vertex -1.4847633333333332 -17.484929666666666 3.9999446666666665
endloop
endfacet
facet normal 0.751440225050524 0.6598011732150967 0
outer loop
vertex -1.6661913333333331 -17.278303333333334 0
vertex -1.4847633333333332 -17.484929666666666 3.9999446666666665
vertex -1.4847633333333332 -17.484929666666666 0
endloop
endfacet
facet normal 0.6597038913533694 0.7515256321199043 0
outer loop
vertex -1.4847633333333332 -17.484929666666666 0
vertex -1.4847633333333332 -17.484929666666666 3.9999446666666665
vertex -1.2785246666666665 -17.665969999999998 3.9999446666666665
endloop
endfacet
facet normal 0.6597038913533694 0.7515256321199043 0
outer loop
vertex -1.4847633333333332 -17.484929666666666 0
vertex -1.2785246666666665 -17.665969999999998 3.9999446666666665
vertex -1.2785246666666665 -17.665969999999998 0
endloop
endfacet
facet normal 0.5560021376230873 0.831180860558373 0
outer loop
vertex -1.2785246666666665 -17.665969999999998 0
vertex -1.2785246666666665 -17.665969999999998 3.9999446666666665
vertex -1.0501889999999998 -17.818710666666664 3.9999446666666665
endloop
endfacet
facet normal 0.5560021376230873 0.831180860558373 0
outer loop
vertex -1.2785246666666665 -17.665969999999998 0
vertex -1.0501889999999998 -17.818710666666664 3.9999446666666665
vertex -1.0501889999999998 -17.818710666666664 0
endloop
endfacet
facet normal 0.4415617335670824 0.8972308707624994 0
outer loop
vertex -1.0501889999999998 -17.818710666666664 0
vertex -1.0501889999999998 -17.818710666666664 3.9999446666666665
vertex -0.8036329999999999 -17.940050333333332 3.9999446666666665
endloop
endfacet
facet normal 0.4415617335670824 0.8972308707624994 0
outer loop
vertex -1.0501889999999998 -17.818710666666664 0
vertex -0.8036329999999999 -17.940050333333332 3.9999446666666665
vertex -0.8036329999999999 -17.940050333333332 0
endloop
endfacet
facet normal 0.32172564726041997 0.9468329355777942 0
outer loop
vertex -0.8036329999999999 -17.940050333333332 0
vertex -0.8036329999999999 -17.940050333333332 3.9999446666666665
vertex -0.5435086666666666 -18.028438333333334 3.9999446666666665
endloop
endfacet
facet normal 0.32172564726041997 0.9468329355777942 0
outer loop
vertex -0.8036329999999999 -17.940050333333332 0
vertex -0.5435086666666666 -18.028438333333334 3.9999446666666665
vertex -0.5435086666666666 -18.028438333333334 0
endloop
endfacet
facet normal 0.1947589313764243 0.9808511399030504 0
outer loop
vertex -0.5435086666666666 -18.028438333333334 0
vertex -0.5435086666666666 -18.028438333333334 3.9999446666666665
vertex -0.2740803333333333 -18.08193633333333 3.9999446666666665
endloop
endfacet
facet normal 0.1947589313764243 0.9808511399030504 0
outer loop
vertex -0.5435086666666666 -18.028438333333334 0
vertex -0.2740803333333333 -18.08193633333333 3.9999446666666665
vertex -0.2740803333333333 -18.08193633333333 0
endloop
endfacet
facet normal 0.0663316670418042 0.9977976297563826 0
outer loop
vertex -0.2740803333333333 -18.08193633333333 0
vertex -0.2740803333333333 -18.08193633333333 3.9999446666666665
vertex 0 -18.100156666666667 3.9999446666666665
endloop
endfacet
facet normal 0.0663316670418042 0.9977976297563826 0
outer loop
vertex -0.2740803333333333 -18.08193633333333 0
vertex 0 -18.100156666666667 3.9999446666666665
vertex 0 -18.100156666666667 0
endloop
endfacet
facet normal -0.0663316670418042 0.9977976297563826 0
outer loop
vertex 0 -18.100156666666667 0
vertex 0 -18.100156666666667 3.9999446666666665
vertex 0.2740803333333333 -18.08193633333333 3.9999446666666665
endloop
endfacet
facet normal -0.0663316670418042 0.9977976297563826 0
outer loop
vertex 0 -18.100156666666667 0
vertex 0.2740803333333333 -18.08193633333333 3.9999446666666665
vertex 0.2740803333333333 -18.08193633333333 0
endloop
endfacet
facet normal -0.1947589313764243 0.9808511399030504 0
outer loop
vertex 0.2740803333333333 -18.08193633333333 0
vertex 0.2740803333333333 -18.08193633333333 3.9999446666666665
vertex 0.5435086666666666 -18.028438333333334 3.9999446666666665
endloop
endfacet
facet normal -0.1947589313764243 0.9808511399030504 0
outer loop
vertex 0.2740803333333333 -18.08193633333333 0
vertex 0.5435086666666666 -18.028438333333334 3.9999446666666665
vertex 0.5435086666666666 -18.028438333333334 0
endloop
endfacet
facet normal -0.32172564726041997 0.9468329355777942 0
outer loop
vertex 0.5435086666666666 -18.028438333333334 0
vertex 0.5435086666666666 -18.028438333333334 3.9999446666666665
vertex 0.8036329999999999 -17.940050333333332 3.9999446666666665
endloop
endfacet
facet normal -0.32172564726041997 0.9468329355777942 0
outer loop
vertex 0.5435086666666666 -18.028438333333334 0
vertex 0.8036329999999999 -17.940050333333332 3.9999446666666665
vertex 0.8036329999999999 -17.940050333333332 0
endloop
endfacet
facet normal -0.4415617335670824 0.8972308707624994 0
outer loop
vertex 0.8036329999999999 -17.940050333333332 0
vertex 0.8036329999999999 -17.940050333333332 3.9999446666666665
vertex 1.0501889999999998 -17.818710666666664 3.9999446666666665
endloop
endfacet
facet normal -0.4415617335670824 0.8972308707624994 0
outer loop
vertex 0.8036329999999999 -17.940050333333332 0
vertex 1.0501889999999998 -17.818710666666664 3.9999446666666665
vertex 1.0501889999999998 -17.818710666666664 0
endloop
endfacet
facet normal -0.5560021376230873 0.831180860558373 0
outer loop
vertex 1.0501889999999998 -17.818710666666664 0
vertex 1.0501889999999998 -17.818710666666664 3.9999446666666665
vertex 1.2785246666666665 -17.665969999999998 3.9999446666666665
endloop
endfacet
facet normal -0.5560021376230873 0.831180860558373 0
outer loop
vertex 1.0501889999999998 -17.818710666666664 0
vertex 1.2785246666666665 -17.665969999999998 3.9999446666666665
vertex 1.2785246666666665 -17.665969999999998 0
endloop
endfacet
facet normal -0.6597038913533694 0.7515256321199043 0
outer loop
vertex 1.2785246666666665 -17.665969999999998 0
vertex 1.2785246666666665 -17.665969999999998 3.9999446666666665
vertex 1.4847633333333332 -17.484929666666666 3.9999446666666665
endloop
endfacet
facet normal -0.6597038913533694 0.7515256321199043 0
outer loop
vertex 1.2785246666666665 -17.665969999999998 0
vertex 1.4847633333333332 -17.484929666666666 3.9999446666666665
vertex 1.4847633333333332 -17.484929666666666 0
endloop
endfacet
facet normal -0.751440225050524 0.6598011732150967 0
outer loop
vertex 1.4847633333333332 -17.484929666666666 0
vertex 1.4847633333333332 -17.484929666666666 3.9999446666666665
vertex 1.6661913333333331 -17.278303333333334 3.9999446666666665
endloop
endfacet
facet normal -0.751440225050524 0.6598011732150967 0
outer loop
vertex 1.4847633333333332 -17.484929666666666 0
vertex 1.6661913333333331 -17.278303333333334 3.9999446666666665
vertex 1.6661913333333331 -17.278303333333334 0
endloop
endfacet
facet normal -0.8318329566531399 0.555026064456162 0
outer loop
vertex 1.6661913333333331 -17.278303333333334 0
vertex 1.6661913333333331 -17.278303333333334 3.9999446666666665
vertex 1.818544333333333 -17.049967666666664 3.9999446666666665
endloop
endfacet
facet normal -0.8318329566531399 0.555026064456162 0
outer loop
vertex 1.6661913333333331 -17.278303333333334 0
vertex 1.818544333333333 -17.049967666666664 3.9999446666666665
vertex 1.818544333333333 -17.049967666666664 0
endloop
endfacet
facet normal -0.8963947607881096 0.4432566218700266 0
outer loop
vertex 1.818544333333333 -17.049967666666664 0
vertex 1.818544333333333 -17.049967666666664 3.9999446666666665
vertex 1.9402716666666666 -16.80379933333333 3.9999446666666665
endloop
endfacet
facet normal -0.8963947607881096 0.4432566218700266 0
outer loop
vertex 1.818544333333333 -17.049967666666664 0
vertex 1.9402716666666666 -16.80379933333333 3.9999446666666665
vertex 1.9402716666666666 -16.80379933333333 0
endloop
endfacet
facet normal -0.9472621276046471 0.3204597659705773 0
outer loop
vertex 1.9402716666666666 -16.80379933333333 0
vertex 1.9402716666666666 -16.80379933333333 3.9999446666666665
vertex 2.028272 -16.543675 3.9999446666666665
endloop
endfacet
facet normal -0.9472621276046471 0.3204597659705773 0
outer loop
vertex 1.9402716666666666 -16.80379933333333 0
vertex 2.028272 -16.543675 3.9999446666666665
vertex 2.028272 -16.543675 0
endloop
endfacet
facet normal -0.9805806756909203 0.1961161351381831 0
outer loop
vertex 2.028272 -16.543675 0
vertex 2.028272 -16.543675 3.9999446666666665
vertex 2.0821576666666664 -16.274246666666667 3.9999446666666665
endloop
endfacet
facet normal -0.9805806756909203 0.1961161351381831 0
outer loop
vertex 2.028272 -16.543675 0
vertex 2.0821576666666664 -16.274246666666667 3.9999446666666665
vertex 2.0821576666666664 -16.274246666666667 0
endloop
endfacet
facet normal -0.9978900573976341 0.0649263686567073 0
outer loop
vertex 2.0821576666666664 -16.274246666666667 0
vertex 2.0821576666666664 -16.274246666666667 3.9999446666666665
vertex 2.0999903333333334 -16.000166333333333 3.9999446666666665
endloop
endfacet
facet normal -0.9978900573976341 0.0649263686567073 0
outer loop
vertex 2.0821576666666664 -16.274246666666667 0
vertex 2.0999903333333334 -16.000166333333333 3.9999446666666665
vertex 2.0999903333333334 -16.000166333333333 0
endloop
endfacet
facet normal 0 0 -1
outer loop
vertex 0 24.500533333333333 0
vertex 21.800047333333332 27.29987433333333 0
vertex 22.518006 27.252966666666666 0
endloop
endfacet
facet normal 0 0 -1
outer loop
vertex 0 24.500533333333333 0
vertex 22.518006 27.252966666666666 0
vertex 23.22355933333333 27.112631333333333 0
endloop
endfacet
facet normal 0 0 -1
outer loop
vertex 0 24.500533333333333 0
vertex 23.22355933333333 27.112631333333333 0
vertex 23.904689666666666 26.881194333333333 0
endloop
endfacet
facet normal 0 0 -1
outer loop
vertex 0 24.500533333333333 0
vertex 23.904689666666666 26.881194333333333 0
vertex 24.550154666666664 26.563307666666663 0
endloop
endfacet
facet normal 0 0 -1
outer loop
vertex 0 24.500533333333333 0
vertex 24.550154666666664 26.563307666666663 0
vertex 25.14832433333333 26.16362333333333 0
endloop
endfacet
facet normal 0 0 -1
outer loop
vertex 0 24.500533333333333 0
vertex 25.14832433333333 26.16362333333333 0
vertex 25.68911933333333 25.68911933333333 0
endloop
endfacet
facet normal 0 0 -1
outer loop
vertex 0 24.500533333333333 0
vertex 25.68911933333333 25.68911933333333 0
vertex 26.16362333333333 25.14832433333333 0
endloop
endfacet
facet normal 0 0 -1
outer loop
vertex 0 24.500533333333333 0
vertex 26.16362333333333 25.14832433333333 0
vertex 26.563307666666663 24.550154666666664 0
endloop
endfacet
facet normal 0 0 -1
outer loop
vertex 0 24.500533333333333 0
vertex 26.563307666666663 24.550154666666664 0
vertex 26.881194333333333 23.904689666666666 0
endloop
endfacet
facet normal 0 0 -1
outer loop
vertex 0 24.500533333333333 0
vertex 26.881194333333333 23.904689666666666 0
vertex 27.112631333333333 23.22355933333333 0
endloop
endfacet
facet normal 0 0 -1
outer loop
vertex 0 24.500533333333333 0
vertex 27.112631333333333 23.22355933333333 0
vertex 27.252966666666666 22.518006 0
endloop
endfacet
facet normal 0 0 -1
outer loop
vertex 0 24.500533333333333 0
vertex 27.252966666666666 22.518006 0
vertex 27.29987433333333 21.800047333333332 0
endloop
endfacet
facet normal 0 0 -1
outer loop
vertex 0 24.500533333333333 0
vertex 27.29987433333333 21.800047333333332 0
vertex 27.29987433333333 18.100156666666667 0
endloop
endfacet
facet normal 0 0 -1
outer loop
vertex 0 24.500533333333333 0
vertex 27.29987433333333 18.100156666666667 0
vertex 0 18.100156666666667 0
endloop
endfacet
facet normal 0 0 -1
outer loop
vertex 0 24.500533333333333 0
vertex 0 18.100156666666667 0
vertex -27.29987433333333 18.100156666666667 0
endloop
endfacet
facet normal 0 0 -1
outer loop
vertex 0 24.500533333333333 0
vertex -27.29987433333333 18.100156666666667 0
vertex -27.29987433333333 21.800047333333332 0
endloop
endfacet
facet normal 0 0 -1
outer loop
vertex 0 24.500533333333333 0
vertex -27.29987433333333 21.800047333333332 0
vertex -27.252966666666666 22.518006 0
endloop
endfacet
facet normal 0 0 -1
outer loop
vertex 0 24.500533333333333 0
vertex -27.252966666666666 22.518006 0
vertex -27.112631333333333 23.22355933333333 0
endloop
endfacet
facet normal 0 0 -1
outer loop
vertex 0 24.500533333333333 0
vertex -27.112631333333333 23.22355933333333 0
vertex -26.881194333333333 23.904689666666666 0
endloop
endfacet
facet normal 0 0 -1
outer loop
vertex 0 24.500533333333333 0
vertex -26.881194333333333 23.904689666666666 0
vertex -26.563307666666663 24.550154666666664 0
endloop
endfacet
facet normal 0 0 -1
outer loop
vertex 0 24.500533333333333 0
vertex -26.563307666666663 24.550154666666664 0
vertex -26.16362333333333 25.14832433333333 0
endloop
endfacet
facet normal 0 0 -1
outer loop
vertex 0 24.500533333333333 0
vertex -26.16362333333333 25.14832433333333 0
vertex -25.68911933333333 25.68911933333333 0
endloop
endfacet
facet normal 0 0 -1
outer loop
vertex 0 24.500533333333333 0
vertex -25.68911933333333 25.68911933333333 0
vertex -25.14832433333333 26.16362333333333 0
endloop
endfacet
facet normal 0 0 -1
outer loop
vertex 0 24.500533333333333 0
vertex -25.14832433333333 26.16362333333333 0
vertex -24.550154666666664 26.563307666666663 0
endloop
endfacet
facet normal 0 0 -1
outer loop
vertex 0 24.500533333333333 0
vertex -24.550154666666664 26.563307666666663 0
vertex -23.904689666666666 26.881194333333333 0
endloop
endfacet
facet normal 0 0 -1
outer loop
vertex 0 24.500533333333333 0
vertex -23.904689666666666 26.881194333333333 0
vertex -23.22355933333333 27.112631333333333 0
endloop
endfacet
facet normal 0 0 -1
outer loop
vertex 0 24.500533333333333 0
vertex -23.22355933333333 27.112631333333333 0
vertex -22.518006 27.252966666666666 0
endloop
endfacet
facet normal 0 0 -1
outer loop
vertex 0 24.500533333333333 0
vertex -22.518006 27.252966666666666 0
vertex -21.800047333333332 27.29987433333333 0
endloop
endfacet
facet normal 0 0 -1
outer loop
vertex 0 24.500533333333333 0
vertex -21.800047333333332 27.29987433333333 0
vertex 21.800047333333332 27.29987433333333 0
endloop
endfacet
facet normal 0 0 -1
outer loop
vertex 0 18.100156666666667 0
vertex -0.2740803333333333 18.08193633333333 0
vertex -27.29987433333333 18.08193633333333 0
endloop
endfacet
facet normal 0 0 -0.9999999999999999
outer loop
vertex 0 18.100156666666667 0
vertex -27.29987433333333 18.08193633333333 0
vertex -27.29987433333333 18.100156666666667 0
endloop
endfacet
facet normal 0 0 -1
outer loop
vertex 27.29987433333333 18.100156666666667 0
vertex 27.29987433333333 18.08193633333333 0
vertex 0.2740803333333333 18.08193633333333 0
endloop
endfacet
facet normal 0 0 -0.9999999999999999
outer loop
vertex 27.29987433333333 18.100156666666667 0
vertex 0.2740803333333333 18.08193633333333 0
vertex 0 18.100156666666667 0
endloop
endfacet
facet normal 0 0 -1
outer loop
vertex -0.2740803333333333 18.08193633333333 0
vertex -0.5435086666666666 18.028438333333334 0
vertex -27.29987433333333 18.028438333333334 0
endloop
endfacet
facet normal 0 0 -1
outer loop
vertex -0.2740803333333333 18.08193633333333 0
vertex -27.29987433333333 18.028438333333334 0
vertex -27.29987433333333 18.08193633333333 0
endloop
endfacet
facet normal 0 0 -1
outer loop
vertex 27.29987433333333 18.08193633333333 0
vertex 27.29987433333333 18.028438333333334 0
vertex 0.5435086666666666 18.028438333333334 0
endloop
endfacet
facet normal 0 0 -1
outer loop
vertex 27.29987433333333 18.08193633333333 0
vertex 0.5435086666666666 18.028438333333334 0
vertex 0.2740803333333333 18.08193633333333 0
endloop
endfacet
facet normal 0 0 -1
outer loop
vertex -0.5435086666666666 18.028438333333334 0
vertex -0.8036329999999999 17.940050333333332 0
vertex -27.29987433333333 17.940050333333332 0
endloop
endfacet
facet normal 0 0 -1
outer loop
vertex -0.5435086666666666 18.028438333333334 0
vertex -27.29987433333333 17.940050333333332 0
vertex -27.29987433333333 18.028438333333334 0
endloop
endfacet
facet normal 0 0 -1
outer loop
vertex 27.29987433333333 18.028438333333334 0
vertex 27.29987433333333 17.940050333333332 0
vertex 0.8036329999999999 17.940050333333332 0
endloop
endfacet
facet normal 0 0 -1
outer loop
vertex 27.29987433333333 18.028438333333334 0
vertex 0.8036329999999999 17.940050333333332 0
vertex 0.5435086666666666 18.028438333333334 0
endloop
endfacet
facet normal 0 0 -0.9999999999999999
outer loop
vertex -0.8036329999999999 17.940050333333332 0
vertex -1.0501889999999998 17.818710666666664 0
vertex -27.29987433333333 17.818710666666664 0
endloop
endfacet
facet normal 0 0 -0.9999999999999999
outer loop
vertex -0.8036329999999999 17.940050333333332 0
vertex -27.29987433333333 17.818710666666664 0
vertex -27.29987433333333 17.940050333333332 0
endloop
endfacet
facet normal 0 0 -0.9999999999999999
outer loop
vertex 27.29987433333333 17.940050333333332 0
vertex 27.29987433333333 17.818710666666664 0
vertex 1.0501889999999998 17.818710666666664 0
endloop
endfacet
facet normal 0 0 -0.9999999999999999
outer loop
vertex 27.29987433333333 17.940050333333332 0
vertex 1.0501889999999998 17.818710666666664 0
vertex 0.8036329999999999 17.940050333333332 0
endloop
endfacet
facet normal 0 0 -1
outer loop
vertex -1.0501889999999998 17.818710666666664 0
vertex -1.2785246666666665 17.665969999999998 0
vertex -27.29987433333333 17.665969999999998 0
endloop
endfacet
facet normal 0 0 -1
outer loop
vertex -1.0501889999999998 17.818710666666664 0
vertex -27.29987433333333 17.665969999999998 0
vertex -27.29987433333333 17.818710666666664 0
endloop
endfacet
facet normal 0 0 -1
outer loop
vertex 27.29987433333333 17.818710666666664 0
vertex 27.29987433333333 17.665969999999998 0
vertex 1.2785246666666665 17.665969999999998 0
endloop
endfacet
facet normal 0 0 -1
outer loop
vertex 27.29987433333333 17.818710666666664 0
vertex 1.2785246666666665 17.665969999999998 0
vertex 1.0501889999999998 17.818710666666664 0
endloop
endfacet
facet normal 0 0 -1
outer loop
vertex -1.2785246666666665 17.665969999999998 0
vertex -1.4847633333333332 17.484929666666666 0
vertex -27.29987433333333 17.484929666666666 0
endloop
endfacet
facet normal 0 0 -1
outer loop
vertex -1.2785246666666665 17.665969999999998 0
vertex -27.29987433333333 17.484929666666666 0
vertex -27.29987433333333 17.665969999999998 0
endloop
endfacet
facet normal 0 0 -1
outer loop
vertex 27.29987433333333 17.665969999999998 0
vertex 27.29987433333333 17.484929666666666 0
vertex 1.4847633333333332 17.484929666666666 0
endloop
endfacet
facet normal 0 0 -1
outer loop
vertex 27.29987433333333 17.665969999999998 0
vertex 1.4847633333333332 17.484929666666666 0
vertex 1.2785246666666665 17.665969999999998 0
endloop
endfacet
facet normal 0 0 -0.9999999999999999
outer loop
vertex -1.4847633333333332 17.484929666666666 0
vertex -1.6661913333333331 17.278303333333334 0
vertex -27.29987433333333 17.278303333333334 0
endloop
endfacet
facet normal 0 0 -1
outer loop
vertex -1.4847633333333332 17.484929666666666 0
vertex -27.29987433333333 17.278303333333334 0
vertex -27.29987433333333 17.484929666666666 0
endloop
endfacet
facet normal 0 0 -0.9999999999999999
outer loop
vertex 27.29987433333333 17.484929666666666 0
vertex 27.29987433333333 17.278303333333334 0
vertex 1.6661913333333331 17.278303333333334 0
endloop
endfacet
facet normal 0 0 -1
outer loop
vertex 27.29987433333333 17.484929666666666 0
vertex 1.6661913333333331 17.278303333333334 0
vertex 1.4847633333333332 17.484929666666666 0
endloop
endfacet
facet normal 0 0 -1
outer loop
vertex -1.6661913333333331 17.278303333333334 0
vertex -1.818544333333333 17.049967666666664 0
vertex -27.29987433333333 17.049967666666664 0
endloop
endfacet
facet normal 0 0 -1
outer loop
vertex -1.6661913333333331 17.278303333333334 0
vertex -27.29987433333333 17.049967666666664 0
vertex -27.29987433333333 17.278303333333334 0
endloop
endfacet
facet normal 0 0 -1
outer loop
vertex 27.29987433333333 17.278303333333334 0
vertex 27.29987433333333 17.049967666666664 0
vertex 1.818544333333333 17.049967666666664 0
endloop
endfacet
facet normal 0 0 -1
outer loop
vertex 27.29987433333333 17.278303333333334 0
vertex 1.818544333333333 17.049967666666664 0
vertex 1.6661913333333331 17.278303333333334 0
endloop
endfacet
facet normal 0 0 -1
outer loop
vertex -1.818544333333333 17.049967666666664 0
vertex -1.9402716666666666 16.80379933333333 0
vertex -27.29987433333333 16.80379933333333 0
endloop
endfacet
facet normal 0 0 -1
outer loop
vertex -1.818544333333333 17.049967666666664 0
vertex -27.29987433333333 16.80379933333333 0
vertex -27.29987433333333 17.049967666666664 0
endloop
endfacet
facet normal 0 0 -1
outer loop
vertex 27.29987433333333 17.049967666666664 0
vertex 27.29987433333333 16.80379933333333 0
vertex 1.9402716666666666 16.80379933333333 0
endloop
endfacet
facet normal 0 0 -1
outer loop
vertex 27.29987433333333 17.049967666666664 0
vertex 1.9402716666666666 16.80379933333333 0
vertex 1.818544333333333 17.049967666666664 0
endloop
endfacet
facet normal 0 0 -1
outer loop
vertex -1.9402716666666666 16.80379933333333 0
vertex -2.028272 16.543675 0
vertex -27.29987433333333 16.543675 0
endloop
endfacet
facet normal 0 0 -1
outer loop
vertex -1.9402716666666666 16.80379933333333 0
vertex -27.29987433333333 16.543675 0
vertex -27.29987433333333 16.80379933333333 0
endloop
endfacet
facet normal 0 0 -1
outer loop
vertex 27.29987433333333 16.80379933333333 0
vertex 27.29987433333333 16.543675 0
vertex 2.028272 16.543675 0
endloop
endfacet
facet normal 0 0 -1
outer loop
vertex 27.29987433333333 16.80379933333333 0
vertex 2.028272 16.543675 0
vertex 1.9402716666666666 16.80379933333333 0
endloop
endfacet
facet normal 0 0 -1
outer loop
vertex -2.028272 16.543675 0
vertex -2.0821576666666664 16.274246666666667 0
vertex -27.29987433333333 16.274246666666667 0
endloop
endfacet
facet normal 0 0 -1
outer loop
vertex -2.028272 16.543675 0
vertex -27.29987433333333 16.274246666666667 0
vertex -27.29987433333333 16.543675 0
endloop
endfacet
facet normal 0 0 -0.9999999999999999
outer loop
vertex 27.29987433333333 16.543675 0
vertex 27.29987433333333 16.274246666666667 0
vertex 2.0821576666666664 16.274246666666667 0
endloop
endfacet
facet normal 0 0 -1
outer loop
vertex 27.29987433333333 16.543675 0
vertex 2.0821576666666664 16.274246666666667 0
vertex 2.028272 16.543675 0
endloop
endfacet
facet normal 0 0 -0.9999999999999999
outer loop
vertex -2.0821576666666664 16.274246666666667 0
vertex -2.0999903333333334 16.000166333333333 0
vertex -27.29987433333333 16.000166333333333 0
endloop
endfacet
facet normal 0 0 -0.9999999999999999
outer loop
vertex -2.0821576666666664 16.274246666666667 0
vertex -27.29987433333333 16.000166333333333 0
vertex -27.29987433333333 16.274246666666667 0
endloop
endfacet
facet normal 0 0 -0.9999999999999999
outer loop
vertex 27.29987433333333 16.274246666666667 0
vertex 27.29987433333333 16.000166333333333 0
vertex 2.0999903333333334 16.000166333333333 0
endloop
endfacet
facet normal 0 0 -0.9999999999999999
outer loop
vertex 27.29987433333333 16.274246666666667 0
vertex 2.0999903333333334 16.000166333333333 0
vertex 2.0821576666666664 16.274246666666667 0
endloop
endfacet
facet normal 0 0 -0.9999999999999999
outer loop
vertex -2.0999903333333334 16.000166333333333 0
vertex -2.0821576666666664 15.726085999999999 0
vertex -27.29987433333333 15.726085999999999 0
endloop
endfacet
facet normal 0 0 -0.9999999999999999
outer loop
vertex -2.0999903333333334 16.000166333333333 0
vertex -27.29987433333333 15.726085999999999 0
vertex -27.29987433333333 16.000166333333333 0
endloop
endfacet
facet normal 0 0 -0.9999999999999999
outer loop
vertex 27.29987433333333 16.000166333333333 0
vertex 27.29987433333333 15.726085999999999 0
vertex 2.0821576666666664 15.726085999999999 0
endloop
endfacet
facet normal 0 0 -0.9999999999999999
outer loop
vertex 27.29987433333333 16.000166333333333 0
vertex 2.0821576666666664 15.726085999999999 0
vertex 2.0999903333333334 16.000166333333333 0
endloop
endfacet
facet normal 0 0 -1
outer loop
vertex -2.0821576666666664 15.726085999999999 0
vertex -2.028272 15.456657666666665 0
vertex -27.29987433333333 15.456657666666665 0
endloop
endfacet
facet normal 0 0 -0.9999999999999999
outer loop
vertex -2.0821576666666664 15.726085999999999 0
vertex -27.29987433333333 15.456657666666665 0
vertex -27.29987433333333 15.726085999999999 0
endloop
endfacet
facet normal 0 0 -1
outer loop
vertex 27.29987433333333 15.726085999999999 0
vertex 27.29987433333333 15.456657666666665 0
vertex 2.028272 15.456657666666665 0
endloop
endfacet
facet normal 0 0 -0.9999999999999999
outer loop
vertex 27.29987433333333 15.726085999999999 0
vertex 2.028272 15.456657666666665 0
vertex 2.0821576666666664 15.726085999999999 0
endloop
endfacet
facet normal 0 0 -1
outer loop
vertex -2.028272 15.456657666666665 0
vertex -1.9402716666666666 15.196533333333333 0
vertex -27.29987433333333 15.196533333333333 0
endloop
endfacet
facet normal 0 0 -1
outer loop
vertex -2.028272 15.456657666666665 0
vertex -27.29987433333333 15.196533333333333 0
vertex -27.29987433333333 15.456657666666665 0
endloop
endfacet
facet normal 0 0 -1
outer loop
vertex 27.29987433333333 15.456657666666665 0
vertex 27.29987433333333 15.196533333333333 0
vertex 1.9402716666666666 15.196533333333333 0
endloop
endfacet
facet normal 0 0 -1
outer loop
vertex 27.29987433333333 15.456657666666665 0
vertex 1.9402716666666666 15.196533333333333 0
vertex 2.028272 15.456657666666665 0
endloop
endfacet
facet normal 0 0 -0.9999999999999999
outer loop
vertex -1.9402716666666666 15.196533333333333 0
vertex -1.818544333333333 14.949977333333333 0
vertex -27.29987433333333 14.949977333333333 0
endloop
endfacet
facet normal 0 0 -1
outer loop
vertex -1.9402716666666666 15.196533333333333 0
vertex -27.29987433333333 14.949977333333333 0
vertex -27.29987433333333 15.196533333333333 0
endloop
endfacet
facet normal 0 0 -1
outer loop
vertex 27.29987433333333 15.196533333333333 0
vertex 27.29987433333333 14.949977333333333 0
vertex 1.818544333333333 14.949977333333333 0
endloop
endfacet
facet normal 0 0 -1
outer loop
vertex 27.29987433333333 15.196533333333333 0
vertex 1.818544333333333 14.949977333333333 0
vertex 1.9402716666666666 15.196533333333333 0
endloop
endfacet
facet normal 0 0 -1
outer loop
vertex -1.818544333333333 14.949977333333333 0
vertex -1.6661913333333331 14.721641666666665 0
vertex -27.29987433333333 14.721641666666665 0
endloop
endfacet
facet normal 0 0 -1
outer loop
vertex -1.818544333333333 14.949977333333333 0
vertex -27.29987433333333 14.721641666666665 0
vertex -27.29987433333333 14.949977333333333 0
endloop
endfacet
facet normal 0 0 -1
outer loop
vertex 27.29987433333333 14.949977333333333 0
vertex 27.29987433333333 14.721641666666665 0
vertex 1.6661913333333331 14.721641666666665 0
endloop
endfacet
facet normal 0 0 -1
outer loop
vertex 27.29987433333333 14.949977333333333 0
vertex 1.6661913333333331 14.721641666666665 0
vertex 1.818544333333333 14.949977333333333 0
endloop
endfacet
facet normal 0 0 -1
outer loop
vertex -1.6661913333333331 14.721641666666665 0
vertex -1.4847633333333332 14.515015333333332 0
vertex -27.29987433333333 14.515015333333332 0
endloop
endfacet
facet normal 0 0 -0.9999999999999999
outer loop
vertex -1.6661913333333331 14.721641666666665 0
vertex -27.29987433333333 14.515015333333332 0
vertex -27.29987433333333 14.721641666666665 0
endloop
endfacet
facet normal 0 0 -1
outer loop
vertex 27.29987433333333 14.721641666666665 0
vertex 27.29987433333333 14.515015333333332 0
vertex 1.4847633333333332 14.515015333333332 0
endloop
endfacet
facet normal 0 0 -0.9999999999999999
outer loop
vertex 27.29987433333333 14.721641666666665 0
vertex 1.4847633333333332 14.515015333333332 0
vertex 1.6661913333333331 14.721641666666665 0
endloop
endfacet
facet normal 0 0 -1
outer loop
vertex -1.4847633333333332 14.515015333333332 0
vertex -1.2785246666666665 14.333974999999999 0
vertex -27.29987433333333 14.333974999999999 0
endloop
endfacet
facet normal 0 0 -1
outer loop
vertex -1.4847633333333332 14.515015333333332 0
vertex -27.29987433333333 14.333974999999999 0
vertex -27.29987433333333 14.515015333333332 0
endloop
endfacet
facet normal 0 0 -1
outer loop
vertex 27.29987433333333 14.515015333333332 0
vertex 27.29987433333333 14.333974999999999 0
vertex 1.2785246666666665 14.333974999999999 0
endloop
endfacet
facet normal 0 0 -1
outer loop
vertex 27.29987433333333 14.515015333333332 0
vertex 1.2785246666666665 14.333974999999999 0
vertex 1.4847633333333332 14.515015333333332 0
endloop
endfacet
facet normal 0 0 -1
outer loop
vertex -1.2785246666666665 14.333974999999999 0
vertex -1.0501889999999998 14.181234333333332 0
vertex -27.29987433333333 14.181234333333332 0
endloop
endfacet
facet normal 0 0 -1
outer loop
vertex -1.2785246666666665 14.333974999999999 0
vertex -27.29987433333333 14.181234333333332 0
vertex -27.29987433333333 14.333974999999999 0
endloop
endfacet
facet normal 0 0 -1
outer loop
vertex 27.29987433333333 14.333974999999999 0
vertex 27.29987433333333 14.181234333333332 0
vertex 1.0501889999999998 14.181234333333332 0
endloop
endfacet
facet normal 0 0 -1
outer loop
vertex 27.29987433333333 14.333974999999999 0
vertex 1.0501889999999998 14.181234333333332 0
vertex 1.2785246666666665 14.333974999999999 0
endloop
endfacet
facet normal 0 0 -0.9999999999999999
outer loop
vertex -1.0501889999999998 14.181234333333332 0
vertex -0.8036329999999999 14.059894666666665 0
vertex -27.29987433333333 14.059894666666665 0
endloop
endfacet
facet normal 0 0 -0.9999999999999999
outer loop
vertex -1.0501889999999998 14.181234333333332 0
vertex -27.29987433333333 14.059894666666665 0
vertex -27.29987433333333 14.181234333333332 0
endloop
endfacet
facet normal 0 0 -0.9999999999999999
outer loop
vertex 27.29987433333333 14.181234333333332 0
vertex 27.29987433333333 14.059894666666665 0
vertex 0.8036329999999999 14.059894666666665 0
endloop
endfacet
facet normal 0 0 -0.9999999999999999
outer loop
vertex 27.29987433333333 14.181234333333332 0
vertex 0.8036329999999999 14.059894666666665 0
vertex 1.0501889999999998 14.181234333333332 0
endloop
endfacet
facet normal 0 0 -1
outer loop
vertex -0.8036329999999999 14.059894666666665 0
vertex -0.5435086666666666 13.971506666666667 0
vertex -27.29987433333333 13.971506666666667 0
endloop
endfacet
facet normal 0 0 -1
outer loop
vertex -0.8036329999999999 14.059894666666665 0
vertex -27.29987433333333 13.971506666666667 0
vertex -27.29987433333333 14.059894666666665 0
endloop
endfacet
facet normal 0 0 -1
outer loop
vertex 27.29987433333333 14.059894666666665 0
vertex 27.29987433333333 13.971506666666667 0
vertex 0.5435086666666666 13.971506666666667 0
endloop
endfacet
facet normal 0 0 -1
outer loop
vertex 27.29987433333333 14.059894666666665 0
vertex 0.5435086666666666 13.971506666666667 0
vertex 0.8036329999999999 14.059894666666665 0
endloop
endfacet
facet normal 0 0 -1
outer loop
vertex -0.5435086666666666 13.971506666666667 0
vertex -0.2740803333333333 13.918008666666665 0
vertex -27.29987433333333 13.918008666666665 0
endloop
endfacet
facet normal 0 0 -1
outer loop
vertex -0.5435086666666666 13.971506666666667 0
vertex -27.29987433333333 13.918008666666665 0
vertex -27.29987433333333 13.971506666666667 0
endloop
endfacet
facet normal 0 0 -1
outer loop
vertex 27.29987433333333 13.971506666666667 0
vertex 27.29987433333333 13.918008666666665 0
vertex 0.2740803333333333 13.918008666666665 0
endloop
endfacet
facet normal 0 0 -1
outer loop
vertex 27.29987433333333 13.971506666666667 0
vertex 0.2740803333333333 13.918008666666665 0
vertex 0.5435086666666666 13.971506666666667 0
endloop
endfacet
facet normal 0 0 -1
outer loop
vertex -0.2740803333333333 13.918008666666665 0
vertex 0 13.900175999999998 0
vertex -27.29987433333333 13.900175999999998 0
endloop
endfacet
facet normal 0 0 -1
outer loop
vertex -0.2740803333333333 13.918008666666665 0
vertex -27.29987433333333 13.900175999999998 0
vertex -27.29987433333333 13.918008666666665 0
endloop
endfacet
facet normal 0 0 -1
outer loop
vertex 27.29987433333333 13.918008666666665 0
vertex 27.29987433333333 13.900175999999998 0
vertex 0 13.900175999999998 0
endloop
endfacet
facet normal 0 0 -1
outer loop
vertex 27.29987433333333 13.918008666666665 0
vertex 0 13.900175999999998 0
vertex 0.2740803333333333 13.918008666666665 0
endloop
endfacet
facet normal 0 0 -0.9999999999999999
outer loop
vertex 0 0 0
vertex 0 13.900175999999998 0
vertex 27.29987433333333 13.900175999999998 0
endloop
endfacet
facet normal 0 0 -0.9999999999999999
outer loop
vertex 0 0 0
vertex 27.29987433333333 13.900175999999998 0
vertex 27.29987433333333 -13.900175999999998 0
endloop
endfacet
facet normal 0 0 -0.9999999999999999
outer loop
vertex 0 0 0
vertex 27.29987433333333 -13.900175999999998 0
vertex 0 -13.900175999999998 0
endloop
endfacet
facet normal 0 0 -0.9999999999999999
outer loop
vertex 0 0 0
vertex 0 -13.900175999999998 0
vertex -27.29987433333333 -13.900175999999998 0
endloop
endfacet
facet normal 0 0 -0.9999999999999999
outer loop
vertex 0 0 0
vertex -27.29987433333333 -13.900175999999998 0
vertex -27.29987433333333 13.900175999999998 0
endloop
endfacet
facet normal 0 0 -0.9999999999999999
outer loop
vertex 0 0 0
vertex -27.29987433333333 13.900175999999998 0
vertex 0 13.900175999999998 0
endloop
endfacet
facet normal 0 0 -1
outer loop
vertex 0 -13.900175999999998 0
vertex -0.2740803333333333 -13.918008666666665 0
vertex -27.29987433333333 -13.918008666666665 0
endloop
endfacet
facet normal 0 0 -1
outer loop
vertex 0 -13.900175999999998 0
vertex -27.29987433333333 -13.918008666666665 0
vertex -27.29987433333333 -13.900175999999998 0
endloop
endfacet
facet normal 0 0 -1
outer loop
vertex 27.29987433333333 -13.900175999999998 0
vertex 27.29987433333333 -13.918008666666665 0
vertex 0.2740803333333333 -13.918008666666665 0
endloop
endfacet
facet normal 0 0 -1
outer loop
vertex 27.29987433333333 -13.900175999999998 0
vertex 0.2740803333333333 -13.918008666666665 0
vertex 0 -13.900175999999998 0
endloop
endfacet
facet normal 0 0 -1
outer loop
vertex -0.2740803333333333 -13.918008666666665 0
vertex -0.5435086666666666 -13.971506666666667 0
vertex -27.29987433333333 -13.971506666666667 0
endloop
endfacet
facet normal 0 0 -1
outer loop
vertex -0.2740803333333333 -13.918008666666665 0
vertex -27.29987433333333 -13.971506666666667 0
vertex -27.29987433333333 -13.918008666666665 0
endloop
endfacet
facet normal 0 0 -1
outer loop
vertex 27.29987433333333 -13.918008666666665 0
vertex 27.29987433333333 -13.971506666666667 0
vertex 0.5435086666666666 -13.971506666666667 0
endloop
endfacet
facet normal 0 0 -1
outer loop
vertex 27.29987433333333 -13.918008666666665 0
vertex 0.5435086666666666 -13.971506666666667 0
vertex 0.2740803333333333 -13.918008666666665 0
endloop
endfacet
facet normal 0 0 -1
outer loop
vertex -0.5435086666666666 -13.971506666666667 0
vertex -0.8036329999999999 -14.059894666666665 0
vertex -27.29987433333333 -14.059894666666665 0
endloop
endfacet
facet normal 0 0 -1
outer loop
vertex -0.5435086666666666 -13.971506666666667 0
vertex -27.29987433333333 -14.059894666666665 0
vertex -27.29987433333333 -13.971506666666667 0
endloop
endfacet
facet normal 0 0 -1
outer loop
vertex 27.29987433333333 -13.971506666666667 0
vertex 27.29987433333333 -14.059894666666665 0
vertex 0.8036329999999999 -14.059894666666665 0
endloop
endfacet
facet normal 0 0 -1
outer loop
vertex 27.29987433333333 -13.971506666666667 0
vertex 0.8036329999999999 -14.059894666666665 0
vertex 0.5435086666666666 -13.971506666666667 0
endloop
endfacet
facet normal 0 0 -0.9999999999999999
outer loop
vertex -0.8036329999999999 -14.059894666666665 0
vertex -1.0501889999999998 -14.181234333333332 0
vertex -27.29987433333333 -14.181234333333332 0
endloop
endfacet
facet normal 0 0 -0.9999999999999999
outer loop
vertex -0.8036329999999999 -14.059894666666665 0
vertex -27.29987433333333 -14.181234333333332 0
vertex -27.29987433333333 -14.059894666666665 0
endloop
endfacet
facet normal 0 0 -0.9999999999999999
outer loop
vertex 27.29987433333333 -14.059894666666665 0
vertex 27.29987433333333 -14.181234333333332 0
vertex 1.0501889999999998 -14.181234333333332 0
endloop
endfacet
facet normal 0 0 -0.9999999999999999
outer loop
vertex 27.29987433333333 -14.059894666666665 0
vertex 1.0501889999999998 -14.181234333333332 0
vertex 0.8036329999999999 -14.059894666666665 0
endloop
endfacet
facet normal 0 0 -1
outer loop
vertex -1.0501889999999998 -14.181234333333332 0
vertex -1.2785246666666665 -14.333974999999999 0
vertex -27.29987433333333 -14.333974999999999 0
endloop
endfacet
facet normal 0 0 -1
outer loop
vertex -1.0501889999999998 -14.181234333333332 0
vertex -27.29987433333333 -14.333974999999999 0
vertex -27.29987433333333 -14.181234333333332 0
endloop
endfacet
facet normal 0 0 -1
outer loop
vertex 27.29987433333333 -14.181234333333332 0
vertex 27.29987433333333 -14.333974999999999 0
vertex 1.2785246666666665 -14.333974999999999 0
endloop
endfacet
facet normal 0 0 -1
outer loop
vertex 27.29987433333333 -14.181234333333332 0
vertex 1.2785246666666665 -14.333974999999999 0
vertex 1.0501889999999998 -14.181234333333332 0
endloop
endfacet
facet normal 0 0 -1
outer loop
vertex -1.2785246666666665 -14.333974999999999 0
vertex -1.4847633333333332 -14.515015333333332 0
vertex -27.29987433333333 -14.515015333333332 0
endloop
endfacet
facet normal 0 0 -1
outer loop
vertex -1.2785246666666665 -14.333974999999999 0
vertex -27.29987433333333 -14.515015333333332 0
vertex -27.29987433333333 -14.333974999999999 0
endloop
endfacet
facet normal 0 0 -1
outer loop
vertex 27.29987433333333 -14.333974999999999 0
vertex 27.29987433333333 -14.515015333333332 0
vertex 1.4847633333333332 -14.515015333333332 0
endloop
endfacet
facet normal 0 0 -1
outer loop
vertex 27.29987433333333 -14.333974999999999 0
vertex 1.4847633333333332 -14.515015333333332 0
vertex 1.2785246666666665 -14.333974999999999 0
endloop
endfacet
facet normal 0 0 -0.9999999999999999
outer loop
vertex -1.4847633333333332 -14.515015333333332 0
vertex -1.6661913333333331 -14.721641666666665 0
vertex -27.29987433333333 -14.721641666666665 0
endloop
endfacet
facet normal 0 0 -1
outer loop
vertex -1.4847633333333332 -14.515015333333332 0
vertex -27.29987433333333 -14.721641666666665 0
vertex -27.29987433333333 -14.515015333333332 0
endloop
endfacet
facet normal 0 0 -0.9999999999999999
outer loop
vertex 27.29987433333333 -14.515015333333332 0
vertex 27.29987433333333 -14.721641666666665 0
vertex 1.6661913333333331 -14.721641666666665 0
endloop
endfacet
facet normal 0 0 -1
outer loop
vertex 27.29987433333333 -14.515015333333332 0
vertex 1.6661913333333331 -14.721641666666665 0
vertex 1.4847633333333332 -14.515015333333332 0
endloop
endfacet
facet normal 0 0 -1
outer loop
vertex -1.6661913333333331 -14.721641666666665 0
vertex -1.818544333333333 -14.949977333333333 0
vertex -27.29987433333333 -14.949977333333333 0
endloop
endfacet
facet normal 0 0 -1
outer loop
vertex -1.6661913333333331 -14.721641666666665 0
vertex -27.29987433333333 -14.949977333333333 0
vertex -27.29987433333333 -14.721641666666665 0
endloop
endfacet
facet normal 0 0 -1
outer loop
vertex 27.29987433333333 -14.721641666666665 0
vertex 27.29987433333333 -14.949977333333333 0
vertex 1.818544333333333 -14.949977333333333 0
endloop
endfacet
facet normal 0 0 -1
outer loop
vertex 27.29987433333333 -14.721641666666665 0
vertex 1.818544333333333 -14.949977333333333 0
vertex 1.6661913333333331 -14.721641666666665 0
endloop
endfacet
facet normal 0 0 -1
outer loop
vertex -1.818544333333333 -14.949977333333333 0
vertex -1.9402716666666666 -15.196533333333333 0
vertex -27.29987433333333 -15.196533333333333 0
endloop
endfacet
facet normal 0 0 -1
outer loop
vertex -1.818544333333333 -14.949977333333333 0
vertex -27.29987433333333 -15.196533333333333 0
vertex -27.29987433333333 -14.949977333333333 0
endloop
endfacet
facet normal 0 0 -1
outer loop
vertex 27.29987433333333 -14.949977333333333 0
vertex 27.29987433333333 -15.196533333333333 0
vertex 1.9402716666666666 -15.196533333333333 0
endloop
endfacet
facet normal 0 0 -1
outer loop
vertex 27.29987433333333 -14.949977333333333 0
vertex 1.9402716666666666 -15.196533333333333 0
vertex 1.818544333333333 -14.949977333333333 0
endloop
endfacet
facet normal 0 0 -1
outer loop
vertex -1.9402716666666666 -15.196533333333333 0
vertex -2.028272 -15.456657666666665 0
vertex -27.29987433333333 -15.456657666666665 0
endloop
endfacet
facet normal 0 0 -1
outer loop
vertex -1.9402716666666666 -15.196533333333333 0
vertex -27.29987433333333 -15.456657666666665 0
vertex -27.29987433333333 -15.196533333333333 0
endloop
endfacet
facet normal 0 0 -1
outer loop
vertex 27.29987433333333 -15.196533333333333 0
vertex 27.29987433333333 -15.456657666666665 0
vertex 2.028272 -15.456657666666665 0
endloop
endfacet
facet normal 0 0 -1
outer loop
vertex 27.29987433333333 -15.196533333333333 0
vertex 2.028272 -15.456657666666665 0
vertex 1.9402716666666666 -15.196533333333333 0
endloop
endfacet
facet normal 0 0 -1
outer loop
vertex -2.028272 -15.456657666666665 0
vertex -2.0821576666666664 -15.726085999999999 0
vertex -27.29987433333333 -15.726085999999999 0
endloop
endfacet
facet normal 0 0 -1
outer loop
vertex -2.028272 -15.456657666666665 0
vertex -27.29987433333333 -15.726085999999999 0
vertex -27.29987433333333 -15.456657666666665 0
endloop
endfacet
facet normal 0 0 -0.9999999999999999
outer loop
vertex 27.29987433333333 -15.456657666666665 0
vertex 27.29987433333333 -15.726085999999999 0
vertex 2.0821576666666664 -15.726085999999999 0
endloop
endfacet
facet normal 0 0 -1
outer loop
vertex 27.29987433333333 -15.456657666666665 0
vertex 2.0821576666666664 -15.726085999999999 0
vertex 2.028272 -15.456657666666665 0
endloop
endfacet
facet normal 0 0 -0.9999999999999999
outer loop
vertex -2.0821576666666664 -15.726085999999999 0
vertex -2.0999903333333334 -16.000166333333333 0
vertex -27.29987433333333 -16.000166333333333 0
endloop
endfacet
facet normal 0 0 -0.9999999999999999
outer loop
vertex -2.0821576666666664 -15.726085999999999 0
vertex -27.29987433333333 -16.000166333333333 0
vertex -27.29987433333333 -15.726085999999999 0
endloop
endfacet
facet normal 0 0 -0.9999999999999999
outer loop
vertex 27.29987433333333 -15.726085999999999 0
vertex 27.29987433333333 -16.000166333333333 0
vertex 2.0999903333333334 -16.000166333333333 0
endloop
endfacet
facet normal 0 0 -0.9999999999999999
outer loop
vertex 27.29987433333333 -15.726085999999999 0
vertex 2.0999903333333334 -16.000166333333333 0
vertex 2.0821576666666664 -15.726085999999999 0
endloop
endfacet
facet normal 0 0 -0.9999999999999999
outer loop
vertex -2.0999903333333334 -16.000166333333333 0
vertex -2.0821576666666664 -16.274246666666667 0
vertex -27.29987433333333 -16.274246666666667 0
endloop
endfacet
facet normal 0 0 -0.9999999999999999
outer loop
vertex -2.0999903333333334 -16.000166333333333 0
vertex -27.29987433333333 -16.274246666666667 0
vertex -27.29987433333333 -16.000166333333333 0
endloop
endfacet
facet normal 0 0 -0.9999999999999999
outer loop
vertex 27.29987433333333 -16.000166333333333 0
vertex 27.29987433333333 -16.274246666666667 0
vertex 2.0821576666666664 -16.274246666666667 0
endloop
endfacet
facet normal 0 0 -0.9999999999999999
outer loop
vertex 27.29987433333333 -16.000166333333333 0
vertex 2.0821576666666664 -16.274246666666667 0
vertex 2.0999903333333334 -16.000166333333333 0
endloop
endfacet
facet normal 0 0 -1
outer loop
vertex -2.0821576666666664 -16.274246666666667 0
vertex -2.028272 -16.543675 0
vertex -27.29987433333333 -16.543675 0
endloop
endfacet
facet normal 0 0 -0.9999999999999999
outer loop
vertex -2.0821576666666664 -16.274246666666667 0
vertex -27.29987433333333 -16.543675 0
vertex -27.29987433333333 -16.274246666666667 0
endloop
endfacet
facet normal 0 0 -1
outer loop
vertex 27.29987433333333 -16.274246666666667 0
vertex 27.29987433333333 -16.543675 0
vertex 2.028272 -16.543675 0
endloop
endfacet
facet normal 0 0 -0.9999999999999999
outer loop
vertex 27.29987433333333 -16.274246666666667 0
vertex 2.028272 -16.543675 0
vertex 2.0821576666666664 -16.274246666666667 0
endloop
endfacet
facet normal 0 0 -1
outer loop
vertex -2.028272 -16.543675 0
vertex -1.9402716666666666 -16.80379933333333 0
vertex -27.29987433333333 -16.80379933333333 0
endloop
endfacet
facet normal 0 0 -1
outer loop
vertex -2.028272 -16.543675 0
vertex -27.29987433333333 -16.80379933333333 0
vertex -27.29987433333333 -16.543675 0
endloop
endfacet
facet normal 0 0 -1
outer loop
vertex 27.29987433333333 -16.543675 0
vertex 27.29987433333333 -16.80379933333333 0
vertex 1.9402716666666666 -16.80379933333333 0
endloop
endfacet
facet normal 0 0 -1
outer loop
vertex 27.29987433333333 -16.543675 0
vertex 1.9402716666666666 -16.80379933333333 0
vertex 2.028272 -16.543675 0
endloop
endfacet
facet normal 0 0 -1
outer loop
vertex -1.9402716666666666 -16.80379933333333 0
vertex -1.818544333333333 -17.049967666666664 0
vertex -27.29987433333333 -17.049967666666664 0
endloop
endfacet
facet normal 0 0 -1
outer loop
vertex -1.9402716666666666 -16.80379933333333 0
vertex -27.29987433333333 -17.049967666666664 0
vertex -27.29987433333333 -16.80379933333333 0
endloop
endfacet
facet normal 0 0 -1
outer loop
vertex 27.29987433333333 -16.80379933333333 0
vertex 27.29987433333333 -17.049967666666664 0
vertex 1.818544333333333 -17.049967666666664 0
endloop
endfacet
facet normal 0 0 -1
outer loop
vertex 27.29987433333333 -16.80379933333333 0
vertex 1.818544333333333 -17.049967666666664 0
vertex 1.9402716666666666 -16.80379933333333 0
endloop
endfacet
facet normal 0 0 -1
outer loop
vertex -1.818544333333333 -17.049967666666664 0
vertex -1.6661913333333331 -17.278303333333334 0
vertex -27.29987433333333 -17.278303333333334 0
endloop
endfacet
facet normal 0 0 -1
outer loop
vertex -1.818544333333333 -17.049967666666664 0
vertex -27.29987433333333 -17.278303333333334 0
vertex -27.29987433333333 -17.049967666666664 0
endloop
endfacet
facet normal 0 0 -1
outer loop
vertex 27.29987433333333 -17.049967666666664 0
vertex 27.29987433333333 -17.278303333333334 0
vertex 1.6661913333333331 -17.278303333333334 0
endloop
endfacet
facet normal 0 0 -1
outer loop
vertex 27.29987433333333 -17.049967666666664 0
vertex 1.6661913333333331 -17.278303333333334 0
vertex 1.818544333333333 -17.049967666666664 0
endloop
endfacet
facet normal 0 0 -1
outer loop
vertex -1.6661913333333331 -17.278303333333334 0
vertex -1.4847633333333332 -17.484929666666666 0
vertex -27.29987433333333 -17.484929666666666 0
endloop
endfacet
facet normal 0 0 -0.9999999999999999
outer loop
vertex -1.6661913333333331 -17.278303333333334 0
vertex -27.29987433333333 -17.484929666666666 0
vertex -27.29987433333333 -17.278303333333334 0
endloop
endfacet
facet normal 0 0 -1
outer loop
vertex 27.29987433333333 -17.278303333333334 0
vertex 27.29987433333333 -17.484929666666666 0
vertex 1.4847633333333332 -17.484929666666666 0
endloop
endfacet
facet normal 0 0 -0.9999999999999999
outer loop
vertex 27.29987433333333 -17.278303333333334 0
vertex 1.4847633333333332 -17.484929666666666 0
vertex 1.6661913333333331 -17.278303333333334 0
endloop
endfacet
facet normal 0 0 -1
outer loop
vertex -1.4847633333333332 -17.484929666666666 0
vertex -1.2785246666666665 -17.665969999999998 0
vertex -27.29987433333333 -17.665969999999998 0
endloop
endfacet
facet normal 0 0 -1
outer loop
vertex -1.4847633333333332 -17.484929666666666 0
vertex -27.29987433333333 -17.665969999999998 0
vertex -27.29987433333333 -17.484929666666666 0
endloop
endfacet
facet normal 0 0 -1
outer loop
vertex 27.29987433333333 -17.484929666666666 0
vertex 27.29987433333333 -17.665969999999998 0
vertex 1.2785246666666665 -17.665969999999998 0
endloop
endfacet
facet normal 0 0 -1
outer loop
vertex 27.29987433333333 -17.484929666666666 0
vertex 1.2785246666666665 -17.665969999999998 0
vertex 1.4847633333333332 -17.484929666666666 0
endloop
endfacet
facet normal 0 0 -1
outer loop
vertex -1.2785246666666665 -17.665969999999998 0
vertex -1.0501889999999998 -17.818710666666664 0
vertex -27.29987433333333 -17.818710666666664 0
endloop
endfacet
facet normal 0 0 -1
outer loop
vertex -1.2785246666666665 -17.665969999999998 0
vertex -27.29987433333333 -17.818710666666664 0
vertex -27.29987433333333 -17.665969999999998 0
endloop
endfacet
facet normal 0 0 -1
outer loop
vertex 27.29987433333333 -17.665969999999998 0
vertex 27.29987433333333 -17.818710666666664 0
vertex 1.0501889999999998 -17.818710666666664 0
endloop
endfacet
facet normal 0 0 -1
outer loop
vertex 27.29987433333333 -17.665969999999998 0
vertex 1.0501889999999998 -17.818710666666664 0
vertex 1.2785246666666665 -17.665969999999998 0
endloop
endfacet
facet normal 0 0 -0.9999999999999999
outer loop
vertex -1.0501889999999998 -17.818710666666664 0
vertex -0.8036329999999999 -17.940050333333332 0
vertex -27.29987433333333 -17.940050333333332 0
endloop
endfacet
facet normal 0 0 -0.9999999999999999
outer loop
vertex -1.0501889999999998 -17.818710666666664 0
vertex -27.29987433333333 -17.940050333333332 0
vertex -27.29987433333333 -17.818710666666664 0
endloop
endfacet
facet normal 0 0 -0.9999999999999999
outer loop
vertex 27.29987433333333 -17.818710666666664 0
vertex 27.29987433333333 -17.940050333333332 0
vertex 0.8036329999999999 -17.940050333333332 0
endloop
endfacet
facet normal 0 0 -0.9999999999999999
outer loop
vertex 27.29987433333333 -17.818710666666664 0
vertex 0.8036329999999999 -17.940050333333332 0
vertex 1.0501889999999998 -17.818710666666664 0
endloop
endfacet
facet normal 0 0 -1
outer loop
vertex -0.8036329999999999 -17.940050333333332 0
vertex -0.5435086666666666 -18.028438333333334 0
vertex -27.29987433333333 -18.028438333333334 0
endloop
endfacet
facet normal 0 0 -1
outer loop
vertex -0.8036329999999999 -17.940050333333332 0
vertex -27.29987433333333 -18.028438333333334 0
vertex -27.29987433333333 -17.940050333333332 0
endloop
endfacet
facet normal 0 0 -1
outer loop
vertex 27.29987433333333 -17.940050333333332 0
vertex 27.29987433333333 -18.028438333333334 0
vertex 0.5435086666666666 -18.028438333333334 0
endloop
endfacet
facet normal 0 0 -1
outer loop
vertex 27.29987433333333 -17.940050333333332 0
vertex 0.5435086666666666 -18.028438333333334 0
vertex 0.8036329999999999 -17.940050333333332 0
endloop
endfacet
facet normal 0 0 -1
outer loop
vertex -0.5435086666666666 -18.028438333333334 0
vertex -0.2740803333333333 -18.08193633333333 0
vertex -27.29987433333333 -18.08193633333333 0
endloop
endfacet
facet normal 0 0 -1
outer loop
vertex -0.5435086666666666 -18.028438333333334 0
vertex -27.29987433333333 -18.08193633333333 0
vertex -27.29987433333333 -18.028438333333334 0
endloop
endfacet
facet normal 0 0 -1
outer loop
vertex 27.29987433333333 -18.028438333333334 0
vertex 27.29987433333333 -18.08193633333333 0
vertex 0.2740803333333333 -18.08193633333333 0
endloop
endfacet
facet normal 0 0 -1
outer loop
vertex 27.29987433333333 -18.028438333333334 0
vertex 0.2740803333333333 -18.08193633333333 0
vertex 0.5435086666666666 -18.028438333333334 0
endloop
endfacet
facet normal 0 0 -0.9999999999999999
outer loop
vertex -0.2740803333333333 -18.08193633333333 0
vertex 0 -18.100156666666667 0
vertex -27.29987433333333 -18.100156666666667 0
endloop
endfacet
facet normal 0 0 -1
outer loop
vertex -0.2740803333333333 -18.08193633333333 0
vertex -27.29987433333333 -18.100156666666667 0
vertex -27.29987433333333 -18.08193633333333 0
endloop
endfacet
facet normal 0 0 -0.9999999999999999
outer loop
vertex 27.29987433333333 -18.08193633333333 0
vertex 27.29987433333333 -18.100156666666667 0
vertex 0 -18.100156666666667 0
endloop
endfacet
facet normal 0 0 -1
outer loop
vertex 27.29987433333333 -18.08193633333333 0
vertex 0 -18.100156666666667 0
vertex 0.2740803333333333 -18.08193633333333 0
endloop
endfacet
facet normal 0 0 -1
outer loop
vertex 0 -21.357719666666664 0
vertex 0 -18.100156666666667 0
vertex 27.29987433333333 -18.100156666666667 0
endloop
endfacet
facet normal 0 0 -1
outer loop
vertex 0 -21.357719666666664 0
vertex 27.29987433333333 -18.100156666666667 0
vertex 27.29987433333333 -21.800047333333332 0
endloop
endfacet
facet normal 0 0 -1
outer loop
vertex 0 -21.357719666666664 0
vertex 27.29987433333333 -21.800047333333332 0
vertex 27.252966666666666 -22.518006 0
endloop
endfacet
facet normal 0 0 -0.9999999999999999
outer loop
vertex 0 -21.357719666666664 0
vertex 27.252966666666666 -22.518006 0
vertex 27.157213 -22.999875666666664 0
endloop
endfacet
facet normal 0 0 -1
outer loop
vertex 0 -21.357719666666664 0
vertex 27.157213 -22.999875666666664 0
vertex 7.000096999999999 -22.999875666666664 0
endloop
endfacet
facet normal 0 0 -0.9999999999999999
outer loop
vertex 0 -21.357719666666664 0
vertex 7.000096999999999 -22.999875666666664 0
vertex -7.000096999999999 -22.999875666666664 0
endloop
endfacet
facet normal 0 0 -1
outer loop
vertex 0 -21.357719666666664 0
vertex -7.000096999999999 -22.999875666666664 0
vertex -27.157213 -22.999875666666664 0
endloop
endfacet
facet normal 0 0 -0.9999999999999999
outer loop
vertex 0 -21.357719666666664 0
vertex -27.157213 -22.999875666666664 0
vertex -27.252966666666666 -22.518006 0
endloop
endfacet
facet normal 0 0 -1
outer loop
vertex 0 -21.357719666666664 0
vertex -27.252966666666666 -22.518006 0
vertex -27.29987433333333 -21.800047333333332 0
endloop
endfacet
facet normal 0 0 -1
outer loop
vertex 0 -21.357719666666664 0
vertex -27.29987433333333 -21.800047333333332 0
vertex -27.29987433333333 -18.100156666666667 0
endloop
endfacet
facet normal 0 0 -1
outer loop
vertex 0 -21.357719666666664 0
vertex -27.29987433333333 -18.100156666666667 0
vertex 0 -18.100156666666667 0
endloop
endfacet
facet normal 0 0 -1
outer loop
vertex -22.479626999999997 -25.506528333333332 0
vertex -7.000096999999999 -22.999875666666664 0
vertex -7.000096999999999 -27.29987433333333 0
endloop
endfacet
facet normal 0 0 -1
outer loop
vertex -22.479626999999997 -25.506528333333332 0
vertex -7.000096999999999 -27.29987433333333 0
vertex -21.800047333333332 -27.29987433333333 0
endloop
endfacet
facet normal 0 0 -1
outer loop
vertex -22.479626999999997 -25.506528333333332 0
vertex -21.800047333333332 -27.29987433333333 0
vertex -22.518006 -27.252966666666666 0
endloop
endfacet
facet normal 0 0 -1
outer loop
vertex -22.479626999999997 -25.506528333333332 0
vertex -22.518006 -27.252966666666666 0
vertex -23.22355933333333 -27.112631333333333 0
endloop
endfacet
facet normal 0 0 -1
outer loop
vertex -22.479626999999997 -25.506528333333332 0
vertex -23.22355933333333 -27.112631333333333 0
vertex -23.904689666666666 -26.881194333333333 0
endloop
endfacet
facet normal 0 0 -1
outer loop
vertex -22.479626999999997 -25.506528333333332 0
vertex -23.904689666666666 -26.881194333333333 0
vertex -24.550154666666664 -26.563307666666663 0
endloop
endfacet
facet normal 0 0 -1
outer loop
vertex -22.479626999999997 -25.506528333333332 0
vertex -24.550154666666664 -26.563307666666663 0
vertex -25.14832433333333 -26.16362333333333 0
endloop
endfacet
facet normal 0 0 -1
outer loop
vertex -22.479626999999997 -25.506528333333332 0
vertex -25.14832433333333 -26.16362333333333 0
vertex -25.68911933333333 -25.68911933333333 0
endloop
endfacet
facet normal 0 0 -1
outer loop
vertex -22.479626999999997 -25.506528333333332 0
vertex -25.68911933333333 -25.68911933333333 0
vertex -26.16362333333333 -25.14832433333333 0
endloop
endfacet
facet normal 0 0 -1
outer loop
vertex -22.479626999999997 -25.506528333333332 0
vertex -26.16362333333333 -25.14832433333333 0
vertex -26.563307666666663 -24.550154666666664 0
endloop
endfacet
facet normal 0 0 -1
outer loop
vertex -22.479626999999997 -25.506528333333332 0
vertex -26.563307666666663 -24.550154666666664 0
vertex -26.881194333333333 -23.904689666666666 0
endloop
endfacet
facet normal 0 0 -1
outer loop
vertex -22.479626999999997 -25.506528333333332 0
vertex -26.881194333333333 -23.904689666666666 0
vertex -27.112631333333333 -23.22355933333333 0
endloop
endfacet
facet normal 0 0 -0.9999999999999999
outer loop
vertex -22.479626999999997 -25.506528333333332 0
vertex -27.112631333333333 -23.22355933333333 0
vertex -27.157213 -22.999875666666664 0
endloop
endfacet
facet normal 0 0 -1
outer loop
vertex -22.479626999999997 -25.506528333333332 0
vertex -27.157213 -22.999875666666664 0
vertex -7.000096999999999 -22.999875666666664 0
endloop
endfacet
facet normal 0 0 -1
outer loop
vertex 22.479239333333332 -25.506528333333332 0
vertex 27.157213 -22.999875666666664 0
vertex 27.112631333333333 -23.22355933333333 0
endloop
endfacet
facet normal 0 0 -1
outer loop
vertex 22.479239333333332 -25.506528333333332 0
vertex 27.112631333333333 -23.22355933333333 0
vertex 26.881194333333333 -23.904689666666666 0
endloop
endfacet
facet normal 0 0 -1
outer loop
vertex 22.479239333333332 -25.506528333333332 0
vertex 26.881194333333333 -23.904689666666666 0
vertex 26.563307666666663 -24.550154666666664 0
endloop
endfacet
facet normal 0 0 -1
outer loop
vertex 22.479239333333332 -25.506528333333332 0
vertex 26.563307666666663 -24.550154666666664 0
vertex 26.16362333333333 -25.14832433333333 0
endloop
endfacet
facet normal 0 0 -1
outer loop
vertex 22.479239333333332 -25.506528333333332 0
vertex 26.16362333333333 -25.14832433333333 0
vertex 25.68911933333333 -25.68911933333333 0
endloop
endfacet
facet normal 0 0 -1
outer loop
vertex 22.479239333333332 -25.506528333333332 0
vertex 25.68911933333333 -25.68911933333333 0
vertex 25.14832433333333 -26.16362333333333 0
endloop
endfacet
facet normal 0 0 -1
outer loop
vertex 22.479239333333332 -25.506528333333332 0
vertex 25.14832433333333 -26.16362333333333 0
vertex 24.550154666666664 -26.563307666666663 0
endloop
endfacet
facet normal 0 0 -1
outer loop
vertex 22.479239333333332 -25.506528333333332 0
vertex 24.550154666666664 -26.563307666666663 0
vertex 23.904689666666666 -26.881194333333333 0
endloop
endfacet
facet normal 0 0 -1
outer loop
vertex 22.479239333333332 -25.506528333333332 0
vertex 23.904689666666666 -26.881194333333333 0
vertex 23.22355933333333 -27.112631333333333 0
endloop
endfacet
facet normal 0 0 -1
outer loop
vertex 22.479239333333332 -25.506528333333332 0
vertex 23.22355933333333 -27.112631333333333 0
vertex 22.518006 -27.252966666666666 0
endloop
endfacet
facet normal 0 0 -1
outer loop
vertex 22.479239333333332 -25.506528333333332 0
vertex 22.518006 -27.252966666666666 0
vertex 21.800047333333332 -27.29987433333333 0
endloop
endfacet
facet normal 0 0 -1
outer loop
vertex 22.479239333333332 -25.506528333333332 0
vertex 21.800047333333332 -27.29987433333333 0
vertex 7.000096999999999 -27.29987433333333 0
endloop
endfacet
facet normal 0 0 -1
outer loop
vertex 22.479239333333332 -25.506528333333332 0
vertex 7.000096999999999 -27.29987433333333 0
vertex 7.000096999999999 -22.999875666666664 0
endloop
endfacet
facet normal 0 0 -1
outer loop
vertex 22.479239333333332 -25.506528333333332 0
vertex 7.000096999999999 -22.999875666666664 0
vertex 27.157213 -22.999875666666664 0
endloop
endfacet
facet normal -0.9978900573976341 -0.0649263686567073 0
outer loop
vertex 2.0999903333333334 16.000166333333333 0
vertex 2.0999903333333334 16.000166333333333 3.9999446666666665
vertex 2.0821576666666664 16.274246666666667 3.9999446666666665
endloop
endfacet
facet normal -0.9978900573976341 -0.0649263686567073 0
outer loop
vertex 2.0999903333333334 16.000166333333333 0
vertex 2.0821576666666664 16.274246666666667 3.9999446666666665
vertex 2.0821576666666664 16.274246666666667 0
endloop
endfacet
facet normal -0.9805806756909203 -0.1961161351381831 0
outer loop
vertex 2.0821576666666664 16.274246666666667 0
vertex 2.0821576666666664 16.274246666666667 3.9999446666666665
vertex 2.028272 16.543675 3.9999446666666665
endloop
endfacet
facet normal -0.9805806756909203 -0.1961161351381831 0
outer loop
vertex 2.0821576666666664 16.274246666666667 0
vertex 2.028272 16.543675 3.9999446666666665
vertex 2.028272 16.543675 0
endloop
endfacet
facet normal -0.9472621276046471 -0.3204597659705773 0
outer loop
vertex 2.028272 16.543675 0
vertex 2.028272 16.543675 3.9999446666666665
vertex 1.9402716666666666 16.80379933333333 3.9999446666666665
endloop
endfacet
facet normal -0.9472621276046471 -0.3204597659705773 0
outer loop
vertex 2.028272 16.543675 0
vertex 1.9402716666666666 16.80379933333333 3.9999446666666665
vertex 1.9402716666666666 16.80379933333333 0
endloop
endfacet
facet normal -0.8963947607881096 -0.4432566218700266 0
outer loop
vertex 1.9402716666666666 16.80379933333333 0
vertex 1.9402716666666666 16.80379933333333 3.9999446666666665
vertex 1.818544333333333 17.049967666666664 3.9999446666666665
endloop
endfacet
facet normal -0.8963947607881096 -0.4432566218700266 0
outer loop
vertex 1.9402716666666666 16.80379933333333 0
vertex 1.818544333333333 17.049967666666664 3.9999446666666665
vertex 1.818544333333333 17.049967666666664 0
endloop
endfacet
facet normal -0.8318329566531399 -0.555026064456162 0
outer loop
vertex 1.818544333333333 17.049967666666664 0
vertex 1.818544333333333 17.049967666666664 3.9999446666666665
vertex 1.6661913333333331 17.278303333333334 3.9999446666666665
endloop
endfacet
facet normal -0.8318329566531399 -0.555026064456162 0
outer loop
vertex 1.818544333333333 17.049967666666664 0
vertex 1.6661913333333331 17.278303333333334 3.9999446666666665
vertex 1.6661913333333331 17.278303333333334 0
endloop
endfacet
facet normal -0.751440225050524 -0.6598011732150967 0
outer loop
vertex 1.6661913333333331 17.278303333333334 0
vertex 1.6661913333333331 17.278303333333334 3.9999446666666665
vertex 1.4847633333333332 17.484929666666666 3.9999446666666665
endloop
endfacet
facet normal -0.751440225050524 -0.6598011732150967 0
outer loop
vertex 1.6661913333333331 17.278303333333334 0
vertex 1.4847633333333332 17.484929666666666 3.9999446666666665
vertex 1.4847633333333332 17.484929666666666 0
endloop
endfacet
facet normal -0.6597038913533694 -0.7515256321199043 0
outer loop
vertex 1.4847633333333332 17.484929666666666 0
vertex 1.4847633333333332 17.484929666666666 3.9999446666666665
vertex 1.2785246666666665 17.665969999999998 3.9999446666666665
endloop
endfacet
facet normal -0.6597038913533694 -0.7515256321199043 0
outer loop
vertex 1.4847633333333332 17.484929666666666 0
vertex 1.2785246666666665 17.665969999999998 3.9999446666666665
vertex 1.2785246666666665 17.665969999999998 0
endloop
endfacet
facet normal -0.5560021376230873 -0.831180860558373 0
outer loop
vertex 1.2785246666666665 17.665969999999998 0
vertex 1.2785246666666665 17.665969999999998 3.9999446666666665
vertex 1.0501889999999998 17.818710666666664 3.9999446666666665
endloop
endfacet
facet normal -0.5560021376230873 -0.831180860558373 0
outer loop
vertex 1.2785246666666665 17.665969999999998 0
vertex 1.0501889999999998 17.818710666666664 3.9999446666666665
vertex 1.0501889999999998 17.818710666666664 0
endloop
endfacet
facet normal -0.4415617335670824 -0.8972308707624994 0
outer loop
vertex 1.0501889999999998 17.818710666666664 0
vertex 1.0501889999999998 17.818710666666664 3.9999446666666665
vertex 0.8036329999999999 17.940050333333332 3.9999446666666665
endloop
endfacet
facet normal -0.4415617335670824 -0.8972308707624994 0
outer loop
vertex 1.0501889999999998 17.818710666666664 0
vertex 0.8036329999999999 17.940050333333332 3.9999446666666665
vertex 0.8036329999999999 17.940050333333332 0
endloop
endfacet
facet normal -0.32172564726041997 -0.9468329355777942 0
outer loop
vertex 0.8036329999999999 17.940050333333332 0
vertex 0.8036329999999999 17.940050333333332 3.9999446666666665
vertex 0.5435086666666666 18.028438333333334 3.9999446666666665
endloop
endfacet
facet normal -0.32172564726041997 -0.9468329355777942 0
outer loop
vertex 0.8036329999999999 17.940050333333332 0
vertex 0.5435086666666666 18.028438333333334 3.9999446666666665
vertex 0.5435086666666666 18.028438333333334 0
endloop
endfacet
facet normal -0.1947589313764243 -0.9808511399030504 0
outer loop
vertex 0.5435086666666666 18.028438333333334 0
vertex 0.5435086666666666 18.028438333333334 3.9999446666666665
vertex 0.2740803333333333 18.08193633333333 3.9999446666666665
endloop
endfacet
facet normal -0.1947589313764243 -0.9808511399030504 0
outer loop
vertex 0.5435086666666666 18.028438333333334 0
vertex 0.2740803333333333 18.08193633333333 3.9999446666666665
vertex 0.2740803333333333 18.08193633333333 0
endloop
endfacet
facet normal -0.0663316670418042 -0.9977976297563826 0
outer loop
vertex 0.2740803333333333 18.08193633333333 0
vertex 0.2740803333333333 18.08193633333333 3.9999446666666665
vertex 0 18.100156666666667 3.9999446666666665
endloop
endfacet
facet normal -0.0663316670418042 -0.9977976297563826 0
outer loop
vertex 0.2740803333333333 18.08193633333333 0
vertex 0 18.100156666666667 3.9999446666666665
vertex 0 18.100156666666667 0
endloop
endfacet
facet normal 0.0663316670418042 -0.9977976297563826 0
outer loop
vertex 0 18.100156666666667 0
vertex 0 18.100156666666667 3.9999446666666665
vertex -0.2740803333333333 18.08193633333333 3.9999446666666665
endloop
endfacet
facet normal 0.0663316670418042 -0.9977976297563826 0
outer loop
vertex 0 18.100156666666667 0
vertex -0.2740803333333333 18.08193633333333 3.9999446666666665
vertex -0.2740803333333333 18.08193633333333 0
endloop
endfacet
facet normal 0.1947589313764243 -0.9808511399030504 0
outer loop
vertex -0.2740803333333333 18.08193633333333 0
vertex -0.2740803333333333 18.08193633333333 3.9999446666666665
vertex -0.5435086666666666 18.028438333333334 3.9999446666666665
endloop
endfacet
facet normal 0.1947589313764243 -0.9808511399030504 0
outer loop
vertex -0.2740803333333333 18.08193633333333 0
vertex -0.5435086666666666 18.028438333333334 3.9999446666666665
vertex -0.5435086666666666 18.028438333333334 0
endloop
endfacet
facet normal 0.32172564726041997 -0.9468329355777942 0
outer loop
vertex -0.5435086666666666 18.028438333333334 0
vertex -0.5435086666666666 18.028438333333334 3.9999446666666665
vertex -0.8036329999999999 17.940050333333332 3.9999446666666665
endloop
endfacet
facet normal 0.32172564726041997 -0.9468329355777942 0
outer loop
vertex -0.5435086666666666 18.028438333333334 0
vertex -0.8036329999999999 17.940050333333332 3.9999446666666665
vertex -0.8036329999999999 17.940050333333332 0
endloop
endfacet
facet normal 0.4415617335670824 -0.8972308707624994 0
outer loop
vertex -0.8036329999999999 17.940050333333332 0
vertex -0.8036329999999999 17.940050333333332 3.9999446666666665
vertex -1.0501889999999998 17.818710666666664 3.9999446666666665
endloop
endfacet
facet normal 0.4415617335670824 -0.8972308707624994 0
outer loop
vertex -0.8036329999999999 17.940050333333332 0
vertex -1.0501889999999998 17.818710666666664 3.9999446666666665
vertex -1.0501889999999998 17.818710666666664 0
endloop
endfacet
facet normal 0.5560021376230873 -0.831180860558373 0
outer loop
vertex -1.0501889999999998 17.818710666666664 0
vertex -1.0501889999999998 17.818710666666664 3.9999446666666665
vertex -1.2785246666666665 17.665969999999998 3.9999446666666665
endloop
endfacet
facet normal 0.5560021376230873 -0.831180860558373 0
outer loop
vertex -1.0501889999999998 17.818710666666664 0
vertex -1.2785246666666665 17.665969999999998 3.9999446666666665
vertex -1.2785246666666665 17.665969999999998 0
endloop
endfacet
facet normal 0.6597038913533694 -0.7515256321199043 0
outer loop
vertex -1.2785246666666665 17.665969999999998 0
vertex -1.2785246666666665 17.665969999999998 3.9999446666666665
vertex -1.4847633333333332 17.484929666666666 3.9999446666666665
endloop
endfacet
facet normal 0.6597038913533694 -0.7515256321199043 0
outer loop
vertex -1.2785246666666665 17.665969999999998 0
vertex -1.4847633333333332 17.484929666666666 3.9999446666666665
vertex -1.4847633333333332 17.484929666666666 0
endloop
endfacet
facet normal 0.751440225050524 -0.6598011732150967 0
outer loop
vertex -1.4847633333333332 17.484929666666666 0
vertex -1.4847633333333332 17.484929666666666 3.9999446666666665
vertex -1.6661913333333331 17.278303333333334 3.9999446666666665
endloop
endfacet
facet normal 0.751440225050524 -0.6598011732150967 0
outer loop
vertex -1.4847633333333332 17.484929666666666 0
vertex -1.6661913333333331 17.278303333333334 3.9999446666666665
vertex -1.6661913333333331 17.278303333333334 0
endloop
endfacet
facet normal 0.8318329566531399 -0.555026064456162 0
outer loop
vertex -1.6661913333333331 17.278303333333334 0
vertex -1.6661913333333331 17.278303333333334 3.9999446666666665
vertex -1.818544333333333 17.049967666666664 3.9999446666666665
endloop
endfacet
facet normal 0.8318329566531399 -0.555026064456162 0
outer loop
vertex -1.6661913333333331 17.278303333333334 0
vertex -1.818544333333333 17.049967666666664 3.9999446666666665
vertex -1.818544333333333 17.049967666666664 0
endloop
endfacet
facet normal 0.8963947607881096 -0.4432566218700266 0
outer loop
vertex -1.818544333333333 17.049967666666664 0
vertex -1.818544333333333 17.049967666666664 3.9999446666666665
vertex -1.9402716666666666 16.80379933333333 3.9999446666666665
endloop
endfacet
facet normal 0.8963947607881096 -0.4432566218700266 0
outer loop
vertex -1.818544333333333 17.049967666666664 0
vertex -1.9402716666666666 16.80379933333333 3.9999446666666665
vertex -1.9402716666666666 16.80379933333333 0
endloop
endfacet
facet normal 0.9472621276046471 -0.3204597659705773 0
outer loop
vertex -1.9402716666666666 16.80379933333333 0
vertex -1.9402716666666666 16.80379933333333 3.9999446666666665
vertex -2.028272 16.543675 3.9999446666666665
endloop
endfacet
facet normal 0.9472621276046471 -0.3204597659705773 0
outer loop
vertex -1.9402716666666666 16.80379933333333 0
vertex -2.028272 16.543675 3.9999446666666665
vertex -2.028272 16.543675 0
endloop
endfacet
facet normal 0.9805806756909203 -0.1961161351381831 0
outer loop
vertex -2.028272 16.543675 0
vertex -2.028272 16.543675 3.9999446666666665
vertex -2.0821576666666664 16.274246666666667 3.9999446666666665
endloop
endfacet
facet normal 0.9805806756909203 -0.1961161351381831 0
outer loop
vertex -2.028272 16.543675 0
vertex -2.0821576666666664 16.274246666666667 3.9999446666666665
vertex -2.0821576666666664 16.274246666666667 0
endloop
endfacet
facet normal 0.9978900573976341 -0.0649263686567073 0
outer loop
vertex -2.0821576666666664 16.274246666666667 0
vertex -2.0821576666666664 16.274246666666667 3.9999446666666665
vertex -2.0999903333333334 16.000166333333333 3.9999446666666665
endloop
endfacet
facet normal 0.9978900573976341 -0.0649263686567073 0
outer loop
vertex -2.0821576666666664 16.274246666666667 0
vertex -2.0999903333333334 16.000166333333333 3.9999446666666665
vertex -2.0999903333333334 16.000166333333333 0
endloop
endfacet
facet normal 0.9978900573976341 0.0649263686567073 0
outer loop
vertex -2.0999903333333334 16.000166333333333 0
vertex -2.0999903333333334 16.000166333333333 3.9999446666666665
vertex -2.0821576666666664 15.726085999999999 3.9999446666666665
endloop
endfacet
facet normal 0.9978900573976341 0.0649263686567073 0
outer loop
vertex -2.0999903333333334 16.000166333333333 0
vertex -2.0821576666666664 15.726085999999999 3.9999446666666665
vertex -2.0821576666666664 15.726085999999999 0
endloop
endfacet
facet normal 0.9805806756909203 0.1961161351381831 0
outer loop
vertex -2.0821576666666664 15.726085999999999 0
vertex -2.0821576666666664 15.726085999999999 3.9999446666666665
vertex -2.028272 15.456657666666665 3.9999446666666665
endloop
endfacet
facet normal 0.9805806756909203 0.1961161351381831 0
outer loop
vertex -2.0821576666666664 15.726085999999999 0
vertex -2.028272 15.456657666666665 3.9999446666666665
vertex -2.028272 15.456657666666665 0
endloop
endfacet
facet normal 0.9472621276046478 0.3204597659705753 0
outer loop
vertex -2.028272 15.456657666666665 0
vertex -2.028272 15.456657666666665 3.9999446666666665
vertex -1.9402716666666666 15.196533333333333 3.9999446666666665
endloop
endfacet
facet normal 0.9472621276046478 0.3204597659705753 0
outer loop
vertex -2.028272 15.456657666666665 0
vertex -1.9402716666666666 15.196533333333333 3.9999446666666665
vertex -1.9402716666666666 15.196533333333333 0
endloop
endfacet
facet normal 0.8966715902083618 0.44269635114060696 0
outer loop
vertex -1.9402716666666666 15.196533333333333 0
vertex -1.9402716666666666 15.196533333333333 3.9999446666666665
vertex -1.818544333333333 14.949977333333333 3.9999446666666665
endloop
endfacet
facet normal 0.8966715902083618 0.44269635114060696 0
outer loop
vertex -1.9402716666666666 15.196533333333333 0
vertex -1.818544333333333 14.949977333333333 3.9999446666666665
vertex -1.818544333333333 14.949977333333333 0
endloop
endfacet
facet normal 0.8318329566531378 0.5550260644561649 0
outer loop
vertex -1.818544333333333 14.949977333333333 0
vertex -1.818544333333333 14.949977333333333 3.9999446666666665
vertex -1.6661913333333331 14.721641666666665 3.9999446666666665
endloop
endfacet
facet normal 0.8318329566531378 0.5550260644561649 0
outer loop
vertex -1.818544333333333 14.949977333333333 0
vertex -1.6661913333333331 14.721641666666665 3.9999446666666665
vertex -1.6661913333333331 14.721641666666665 0
endloop
endfacet
facet normal 0.751440225050524 0.6598011732150967 0
outer loop
vertex -1.6661913333333331 14.721641666666665 0
vertex -1.6661913333333331 14.721641666666665 3.9999446666666665
vertex -1.4847633333333332 14.515015333333332 3.9999446666666665
endloop
endfacet
facet normal 0.751440225050524 0.6598011732150967 0
outer loop
vertex -1.6661913333333331 14.721641666666665 0
vertex -1.4847633333333332 14.515015333333332 3.9999446666666665
vertex -1.4847633333333332 14.515015333333332 0
endloop
endfacet
facet normal 0.659703891353373 0.7515256321199011 0
outer loop
vertex -1.4847633333333332 14.515015333333332 0
vertex -1.4847633333333332 14.515015333333332 3.9999446666666665
vertex -1.2785246666666665 14.333974999999999 3.9999446666666665
endloop
endfacet
facet normal 0.659703891353373 0.7515256321199011 0
outer loop
vertex -1.4847633333333332 14.515015333333332 0
vertex -1.2785246666666665 14.333974999999999 3.9999446666666665
vertex -1.2785246666666665 14.333974999999999 0
endloop
endfacet
facet normal 0.5560021376230873 0.831180860558373 0
outer loop
vertex -1.2785246666666665 14.333974999999999 0
vertex -1.2785246666666665 14.333974999999999 3.9999446666666665
vertex -1.0501889999999998 14.181234333333332 3.9999446666666665
endloop
endfacet
facet normal 0.5560021376230873 0.831180860558373 0
outer loop
vertex -1.2785246666666665 14.333974999999999 0
vertex -1.0501889999999998 14.181234333333332 3.9999446666666665
vertex -1.0501889999999998 14.181234333333332 0
endloop
endfacet
facet normal 0.4415617335670824 0.8972308707624994 0
outer loop
vertex -1.0501889999999998 14.181234333333332 0
vertex -1.0501889999999998 14.181234333333332 3.9999446666666665
vertex -0.8036329999999999 14.059894666666665 3.9999446666666665
endloop
endfacet
facet normal 0.4415617335670824 0.8972308707624994 0
outer loop
vertex -1.0501889999999998 14.181234333333332 0
vertex -0.8036329999999999 14.059894666666665 3.9999446666666665
vertex -0.8036329999999999 14.059894666666665 0
endloop
endfacet
facet normal 0.3217256472604084 0.9468329355777984 0
outer loop
vertex -0.8036329999999999 14.059894666666665 0
vertex -0.8036329999999999 14.059894666666665 3.9999446666666665
vertex -0.5435086666666666 13.971506666666667 3.9999446666666665
endloop
endfacet
facet normal 0.3217256472604084 0.9468329355777984 0
outer loop
vertex -0.8036329999999999 14.059894666666665 0
vertex -0.5435086666666666 13.971506666666667 3.9999446666666665
vertex -0.5435086666666666 13.971506666666667 0
endloop
endfacet
facet normal 0.1947589313764367 0.9808511399030477 0
outer loop
vertex -0.5435086666666666 13.971506666666667 0
vertex -0.5435086666666666 13.971506666666667 3.9999446666666665
vertex -0.2740803333333333 13.918008666666665 3.9999446666666665
endloop
endfacet
facet normal 0.1947589313764367 0.9808511399030477 0
outer loop
vertex -0.5435086666666666 13.971506666666667 0
vertex -0.2740803333333333 13.918008666666665 3.9999446666666665
vertex -0.2740803333333333 13.918008666666665 0
endloop
endfacet
facet normal 0.06492636865670744 0.997890057397634 0
outer loop
vertex -0.2740803333333333 13.918008666666665 0
vertex -0.2740803333333333 13.918008666666665 3.9999446666666665
vertex 0 13.900175999999998 3.9999446666666665
endloop
endfacet
facet normal 0.06492636865670744 0.997890057397634 0
outer loop
vertex -0.2740803333333333 13.918008666666665 0
vertex 0 13.900175999999998 3.9999446666666665
vertex 0 13.900175999999998 0
endloop
endfacet
facet normal -0.06492636865670744 0.997890057397634 0
outer loop
vertex 0 13.900175999999998 0
vertex 0 13.900175999999998 3.9999446666666665
vertex 0.2740803333333333 13.918008666666665 3.9999446666666665
endloop
endfacet
facet normal -0.06492636865670744 0.997890057397634 0
outer loop
vertex 0 13.900175999999998 0
vertex 0.2740803333333333 13.918008666666665 3.9999446666666665
vertex 0.2740803333333333 13.918008666666665 0
endloop
endfacet
facet normal -0.1947589313764367 0.9808511399030477 0
outer loop
vertex 0.2740803333333333 13.918008666666665 0
vertex 0.2740803333333333 13.918008666666665 3.9999446666666665
vertex 0.5435086666666666 13.971506666666667 3.9999446666666665
endloop
endfacet
facet normal -0.1947589313764367 0.9808511399030477 0
outer loop
vertex 0.2740803333333333 13.918008666666665 0
vertex 0.5435086666666666 13.971506666666667 3.9999446666666665
vertex 0.5435086666666666 13.971506666666667 0
endloop
endfacet
facet normal -0.3217256472604084 0.9468329355777984 0
outer loop
vertex 0.5435086666666666 13.971506666666667 0
vertex 0.5435086666666666 13.971506666666667 3.9999446666666665
vertex 0.8036329999999999 14.059894666666665 3.9999446666666665
endloop
endfacet
facet normal -0.3217256472604084 0.9468329355777984 0
outer loop
vertex 0.5435086666666666 13.971506666666667 0
vertex 0.8036329999999999 14.059894666666665 3.9999446666666665
vertex 0.8036329999999999 14.059894666666665 0
endloop
endfacet
facet normal -0.4415617335670824 0.8972308707624994 0
outer loop
vertex 0.8036329999999999 14.059894666666665 0
vertex 0.8036329999999999 14.059894666666665 3.9999446666666665
vertex 1.0501889999999998 14.181234333333332 3.9999446666666665
endloop
endfacet
facet normal -0.4415617335670824 0.8972308707624994 0
outer loop
vertex 0.8036329999999999 14.059894666666665 0
vertex 1.0501889999999998 14.181234333333332 3.9999446666666665
vertex 1.0501889999999998 14.181234333333332 0
endloop
endfacet
facet normal -0.5560021376230873 0.831180860558373 0
outer loop
vertex 1.0501889999999998 14.181234333333332 0
vertex 1.0501889999999998 14.181234333333332 3.9999446666666665
vertex 1.2785246666666665 14.333974999999999 3.9999446666666665
endloop
endfacet
facet normal -0.5560021376230873 0.831180860558373 0
outer loop
vertex 1.0501889999999998 14.181234333333332 0
vertex 1.2785246666666665 14.333974999999999 3.9999446666666665
vertex 1.2785246666666665 14.333974999999999 0
endloop
endfacet
facet normal -0.659703891353373 0.7515256321199011 0
outer loop
vertex 1.2785246666666665 14.333974999999999 0
vertex 1.2785246666666665 14.333974999999999 3.9999446666666665
vertex 1.4847633333333332 14.515015333333332 3.9999446666666665
endloop
endfacet
facet normal -0.659703891353373 0.7515256321199011 0
outer loop
vertex 1.2785246666666665 14.333974999999999 0
vertex 1.4847633333333332 14.515015333333332 3.9999446666666665
vertex 1.4847633333333332 14.515015333333332 0
endloop
endfacet
facet normal -0.751440225050524 0.6598011732150967 0
outer loop
vertex 1.4847633333333332 14.515015333333332 0
vertex 1.4847633333333332 14.515015333333332 3.9999446666666665
vertex 1.6661913333333331 14.721641666666665 3.9999446666666665
endloop
endfacet
facet normal -0.751440225050524 0.6598011732150967 0
outer loop
vertex 1.4847633333333332 14.515015333333332 0
vertex 1.6661913333333331 14.721641666666665 3.9999446666666665
vertex 1.6661913333333331 14.721641666666665 0
endloop
endfacet
facet normal -0.8318329566531378 0.5550260644561649 0
outer loop
vertex 1.6661913333333331 14.721641666666665 0
vertex 1.6661913333333331 14.721641666666665 3.9999446666666665
vertex 1.818544333333333 14.949977333333333 3.9999446666666665
endloop
endfacet
facet normal -0.8318329566531378 0.5550260644561649 0
outer loop
vertex 1.6661913333333331 14.721641666666665 0
vertex 1.818544333333333 14.949977333333333 3.9999446666666665
vertex 1.818544333333333 14.949977333333333 0
endloop
endfacet
facet normal -0.8966715902083618 0.44269635114060696 0
outer loop
vertex 1.818544333333333 14.949977333333333 0
vertex 1.818544333333333 14.949977333333333 3.9999446666666665
vertex 1.9402716666666666 15.196533333333333 3.9999446666666665
endloop
endfacet
facet normal -0.8966715902083618 0.44269635114060696 0
outer loop
vertex 1.818544333333333 14.949977333333333 0
vertex 1.9402716666666666 15.196533333333333 3.9999446666666665
vertex 1.9402716666666666 15.196533333333333 0
endloop
endfacet
facet normal -0.9472621276046478 0.3204597659705753 0
outer loop
vertex 1.9402716666666666 15.196533333333333 0
vertex 1.9402716666666666 15.196533333333333 3.9999446666666665
vertex 2.028272 15.456657666666665 3.9999446666666665
endloop
endfacet
facet normal -0.9472621276046478 0.3204597659705753 0
outer loop
vertex 1.9402716666666666 15.196533333333333 0
vertex 2.028272 15.456657666666665 3.9999446666666665
vertex 2.028272 15.456657666666665 0
endloop
endfacet
facet normal -0.9805806756909203 0.1961161351381831 0
outer loop
vertex 2.028272 15.456657666666665 0
vertex 2.028272 15.456657666666665 3.9999446666666665
vertex 2.0821576666666664 15.726085999999999 3.9999446666666665
endloop
endfacet
facet normal -0.9805806756909203 0.1961161351381831 0
outer loop
vertex 2.028272 15.456657666666665 0
vertex 2.0821576666666664 15.726085999999999 3.9999446666666665
vertex 2.0821576666666664 15.726085999999999 0
endloop
endfacet
facet normal -0.9978900573976341 0.0649263686567073 0
outer loop
vertex 2.0821576666666664 15.726085999999999 0
vertex 2.0821576666666664 15.726085999999999 3.9999446666666665
vertex 2.0999903333333334 16.000166333333333 3.9999446666666665
endloop
endfacet
facet normal -0.9978900573976341 0.0649263686567073 0
outer loop
vertex 2.0821576666666664 15.726085999999999 0
vertex 2.0999903333333334 16.000166333333333 3.9999446666666665
vertex 2.0999903333333334 16.000166333333333 0
endloop
endfacet
facet normal -1 0 0
outer loop
vertex 7.000096999999999 -24.159386666666666 3.1110249999999997
vertex 7.000096999999999 -27.29987433333333 3.9999446666666665
vertex 7.000096999999999 -23.499965666666665 3.9999446666666665
endloop
endfacet
facet normal -1 0 0
outer loop
vertex 7.000096999999999 -24.159386666666666 3.1110249999999997
vertex 7.000096999999999 -23.499965666666665 3.9999446666666665
vertex 7.000096999999999 -23.477093333333332 3.9999446666666665
endloop
endfacet
facet normal -1 0 0
outer loop
vertex 7.000096999999999 -24.159386666666666 3.1110249999999997
vertex 7.000096999999999 -23.477093333333332 3.9999446666666665
vertex 7.000096999999999 -23.40963933333333 3.9999446666666665
endloop
endfacet
facet normal -1 0 0
outer loop
vertex 7.000096999999999 -24.159386666666666 3.1110249999999997
vertex 7.000096999999999 -23.40963933333333 3.9999446666666665
vertex 7.000096999999999 -23.29915433333333 3.9999446666666665
endloop
endfacet
facet normal -1 0 0
outer loop
vertex 7.000096999999999 -24.159386666666666 3.1110249999999997
vertex 7.000096999999999 -23.29915433333333 3.9999446666666665
vertex 7.000096999999999 -23.149127333333333 3.9999446666666665
endloop
endfacet
facet normal -1 0 0
outer loop
vertex 7.000096999999999 -24.159386666666666 3.1110249999999997
vertex 7.000096999999999 -23.149127333333333 3.9999446666666665
vertex 7.000096999999999 -22.999875666666664 3.9999446666666665
endloop
endfacet
facet normal -1 0 0
outer loop
vertex 7.000096999999999 -24.159386666666666 3.1110249999999997
vertex 7.000096999999999 -22.999875666666664 3.9999446666666665
vertex 7.000096999999999 -22.999875666666664 0
endloop
endfacet
facet normal -1 0 0
outer loop
vertex 7.000096999999999 -24.159386666666666 3.1110249999999997
vertex 7.000096999999999 -22.999875666666664 0
vertex 7.000096999999999 -27.29987433333333 0
endloop
endfacet
facet normal -1 0 0
outer loop
vertex 7.000096999999999 -24.159386666666666 3.1110249999999997
vertex 7.000096999999999 -27.29987433333333 0
vertex 7.000096999999999 -27.29987433333333 3.9999446666666665
endloop
endfacet
facet normal 0 -1 0
outer loop
vertex -7.000096999999999 -22.999875666666664 3.9999446666666665
vertex -7.000096999999999 -22.999875666666664 0
vertex 7.000096999999999 -22.999875666666664 0
endloop
endfacet
facet normal 0 -1 0
outer loop
vertex -7.000096999999999 -22.999875666666664 3.9999446666666665
vertex 7.000096999999999 -22.999875666666664 0
vertex 7.000096999999999 -22.999875666666664 3.9999446666666665
endloop
endfacet
facet normal 1 0 0
outer loop
vertex -7.000096999999999 -24.159386666666666 3.1110249999999997
vertex -7.000096999999999 -27.29987433333333 0
vertex -7.000096999999999 -22.999875666666664 0
endloop
endfacet
facet normal 1 0 0
outer loop
vertex -7.000096999999999 -24.159386666666666 3.1110249999999997
vertex -7.000096999999999 -22.999875666666664 0
vertex -7.000096999999999 -22.999875666666664 3.9999446666666665
endloop
endfacet
facet normal 1 0 0
outer loop
vertex -7.000096999999999 -24.159386666666666 3.1110249999999997
vertex -7.000096999999999 -22.999875666666664 3.9999446666666665
vertex -7.000096999999999 -23.149127333333333 3.9999446666666665
endloop
endfacet
facet normal 1 0 0
outer loop
vertex -7.000096999999999 -24.159386666666666 3.1110249999999997
vertex -7.000096999999999 -23.149127333333333 3.9999446666666665
vertex -7.000096999999999 -23.29915433333333 3.9999446666666665
endloop
endfacet
facet normal 1 0 0
outer loop
vertex -7.000096999999999 -24.159386666666666 3.1110249999999997
vertex -7.000096999999999 -23.29915433333333 3.9999446666666665
vertex -7.000096999999999 -23.40963933333333 3.9999446666666665
endloop
endfacet
facet normal 1 0 0
outer loop
vertex -7.000096999999999 -24.159386666666666 3.1110249999999997
vertex -7.000096999999999 -23.40963933333333 3.9999446666666665
vertex -7.000096999999999 -23.477093333333332 3.9999446666666665
endloop
endfacet
facet normal 1 0 0
outer loop
vertex -7.000096999999999 -24.159386666666666 3.1110249999999997
vertex -7.000096999999999 -23.477093333333332 3.9999446666666665
vertex -7.000096999999999 -23.499965666666665 3.9999446666666665
endloop
endfacet
facet normal 1 0 0
outer loop
vertex -7.000096999999999 -24.159386666666666 3.1110249999999997
vertex -7.000096999999999 -23.499965666666665 3.9999446666666665
vertex -7.000096999999999 -27.29987433333333 3.9999446666666665
endloop
endfacet
facet normal 1 0 0
outer loop
vertex -7.000096999999999 -24.159386666666666 3.1110249999999997
vertex -7.000096999999999 -27.29987433333333 3.9999446666666665
vertex -7.000096999999999 -27.29987433333333 0
endloop
endfacet
facet normal 0 -1 0
outer loop
vertex 7.000096999999999 -27.29987433333333 3.9999446666666665
vertex 7.000096999999999 -27.29987433333333 0
vertex 21.800047333333332 -27.29987433333333 0
endloop
endfacet
facet normal 0 -1 0
outer loop
vertex 7.000096999999999 -27.29987433333333 3.9999446666666665
vertex 21.800047333333332 -27.29987433333333 0
vertex 21.800047333333332 -27.29987433333333 3.9999446666666665
endloop
endfacet
facet normal 0 -1 0
outer loop
vertex -21.800047333333332 -27.29987433333333 3.9999446666666665
vertex -21.800047333333332 -27.29987433333333 0
vertex -7.000096999999999 -27.29987433333333 0
endloop
endfacet
facet normal 0 -1 0
outer loop
vertex -21.800047333333332 -27.29987433333333 3.9999446666666665
vertex -7.000096999999999 -27.29987433333333 0
vertex -7.000096999999999 -27.29987433333333 3.9999446666666665
endloop
endfacet
endsolid JSCAD
